endpoint	stratum	holdout	model_name	selected_model	edge_id	source_state	target_state	gene_a	gene_b	edge_class
primary_recist	melanoma_recist_supported_primary	GSE91061	EcoNiche-Opt-HeuristicEcology	word_full_graph	antigen_presentation_mhc|tnk_effector|HLA-A|B2M|pathway	antigen_presentation_mhc	tnk_effector	HLA-A	B2M	pathway
primary_recist	melanoma_recist_supported_primary	GSE91061	EcoNiche-Opt-HeuristicEcology	word_full_graph	tnk_effector|antigen_presentation_mhc|IFNG|HLA-A|regulatory	tnk_effector	antigen_presentation_mhc	IFNG	HLA-A	regulatory
primary_recist	melanoma_recist_supported_primary	GSE91061	EcoNiche-Opt-HeuristicEcology	word_full_graph	antigen_presentation_mhc|antigen_presentation_mhc|HLA-A|TAP2|coexpression_network	antigen_presentation_mhc	antigen_presentation_mhc	HLA-A	TAP2	coexpression_network
primary_recist	melanoma_recist_supported_primary	GSE91061	EcoNiche-Opt-HeuristicEcology	word_full_graph	antigen_presentation_mhc|antigen_presentation_mhc|ATP5E,SLMO2,SLMO2-ATP5E|TAP2|coexpression_network	antigen_presentation_mhc	antigen_presentation_mhc	ATP5E,SLMO2,SLMO2-ATP5E	TAP2	coexpression_network
primary_recist	melanoma_recist_supported_primary	GSE91061	EcoNiche-Opt-HeuristicEcology	word_full_graph	antigen_presentation_mhc|caf_ecm_exclusion|MIR4763,MIRLET7A3,MIRLET7B,MIRLET7BHG|RILP,SCARF1|coexpression_network	antigen_presentation_mhc	caf_ecm_exclusion	MIR4763,MIRLET7A3,MIRLET7B,MIRLET7BHG	RILP,SCARF1	coexpression_network
primary_recist	melanoma_recist_supported_primary	GSE91061	EcoNiche-Opt-HeuristicEcology	word_full_graph	antigen_presentation_mhc|caf_ecm_exclusion|HLA-A|COL1A1|coexpression_network	antigen_presentation_mhc	caf_ecm_exclusion	HLA-A	COL1A1	coexpression_network
primary_recist	melanoma_recist_supported_primary	GSE91061	EcoNiche-Opt-HeuristicEcology	word_full_graph	antigen_presentation_mhc|myeloid_suppression|MIR4763,MIRLET7A3,MIRLET7B,MIRLET7BHG|MIR4763,MIRLET7A3,MIRLET7B,MIRLET7BHG|coexpression_network	antigen_presentation_mhc	myeloid_suppression	MIR4763,MIRLET7A3,MIRLET7B,MIRLET7BHG	MIR4763,MIRLET7A3,MIRLET7B,MIRLET7BHG	coexpression_network
primary_recist	melanoma_recist_supported_primary	GSE91061	EcoNiche-Opt-HeuristicEcology	word_full_graph	antigen_presentation_mhc|myeloid_suppression|MIR4763,MIRLET7A3,MIRLET7B,MIRLET7BHG|RILP,SCARF1|coexpression_network	antigen_presentation_mhc	myeloid_suppression	MIR4763,MIRLET7A3,MIRLET7B,MIRLET7BHG	RILP,SCARF1	coexpression_network
primary_recist	melanoma_recist_supported_primary	GSE91061	EcoNiche-Opt-HeuristicEcology	word_full_graph	antigen_presentation_mhc|tcell_dysfunction|ATP5E,SLMO2,SLMO2-ATP5E|RPS8,SNORD55|coexpression_network	antigen_presentation_mhc	tcell_dysfunction	ATP5E,SLMO2,SLMO2-ATP5E	RPS8,SNORD55	coexpression_network
primary_recist	melanoma_recist_supported_primary	GSE91061	EcoNiche-Opt-HeuristicEcology	word_full_graph	antigen_presentation_mhc|tcell_dysfunction|MIR4763,MIRLET7A3,MIRLET7B,MIRLET7BHG|CUZD1,FAM24B,FAM24B-CUZD1|coexpression_network	antigen_presentation_mhc	tcell_dysfunction	MIR4763,MIRLET7A3,MIRLET7B,MIRLET7BHG	CUZD1,FAM24B,FAM24B-CUZD1	coexpression_network
primary_recist	melanoma_recist_supported_primary	GSE91061	EcoNiche-Opt-HeuristicEcology	word_full_graph	antigen_presentation_mhc|tnk_effector|MIR4763,MIRLET7A3,MIRLET7B,MIRLET7BHG|MIR4763,MIRLET7A3,MIRLET7B,MIRLET7BHG|coexpression_network	antigen_presentation_mhc	tnk_effector	MIR4763,MIRLET7A3,MIRLET7B,MIRLET7BHG	MIR4763,MIRLET7A3,MIRLET7B,MIRLET7BHG	coexpression_network
primary_recist	melanoma_recist_supported_primary	GSE91061	EcoNiche-Opt-HeuristicEcology	word_full_graph	antigen_presentation_mhc|tnk_effector|APOC1,APOC1P1|APOC1,APOC1P1|coexpression_network	antigen_presentation_mhc	tnk_effector	APOC1,APOC1P1	APOC1,APOC1P1	coexpression_network
primary_recist	melanoma_recist_supported_primary	GSE91061	EcoNiche-Opt-HeuristicEcology	word_full_graph	antigen_presentation_mhc|tumor_dedifferentiation|MIR4763,MIRLET7A3,MIRLET7B,MIRLET7BHG|MIR4763,MIRLET7A3,MIRLET7B,MIRLET7BHG|coexpression_network	antigen_presentation_mhc	tumor_dedifferentiation	MIR4763,MIRLET7A3,MIRLET7B,MIRLET7BHG	MIR4763,MIRLET7A3,MIRLET7B,MIRLET7BHG	coexpression_network
primary_recist	melanoma_recist_supported_primary	GSE91061	EcoNiche-Opt-HeuristicEcology	word_full_graph	antigen_presentation_mhc|tumor_dedifferentiation|HLA-A|SOX10|coexpression_network	antigen_presentation_mhc	tumor_dedifferentiation	HLA-A	SOX10	coexpression_network
primary_recist	melanoma_recist_supported_primary	GSE91061	EcoNiche-Opt-HeuristicEcology	word_full_graph	caf_ecm_exclusion|myeloid_suppression|RILP,SCARF1|RILP,SCARF1|coexpression_network	caf_ecm_exclusion	myeloid_suppression	RILP,SCARF1	RILP,SCARF1	coexpression_network
primary_recist	melanoma_recist_supported_primary	GSE91061	EcoNiche-Opt-HeuristicEcology	word_full_graph	caf_ecm_exclusion|myeloid_suppression|COL1A1|ITGAM|coexpression_network	caf_ecm_exclusion	myeloid_suppression	COL1A1	ITGAM	coexpression_network
primary_recist	melanoma_recist_supported_primary	GSE91061	EcoNiche-Opt-HeuristicEcology	word_full_graph	caf_ecm_exclusion|tcell_dysfunction|RILP,SCARF1|CUZD1,FAM24B,FAM24B-CUZD1|coexpression_network	caf_ecm_exclusion	tcell_dysfunction	RILP,SCARF1	CUZD1,FAM24B,FAM24B-CUZD1	coexpression_network
primary_recist	melanoma_recist_supported_primary	GSE91061	EcoNiche-Opt-HeuristicEcology	word_full_graph	caf_ecm_exclusion|tcell_dysfunction|TRAJ10|TIGIT|coexpression_network	caf_ecm_exclusion	tcell_dysfunction	TRAJ10	TIGIT	coexpression_network
primary_recist	melanoma_recist_supported_primary	GSE91061	EcoNiche-Opt-HeuristicEcology	word_full_graph	caf_ecm_exclusion|tnk_effector|RILP,SCARF1|MIR4763,MIRLET7A3,MIRLET7B,MIRLET7BHG|coexpression_network	caf_ecm_exclusion	tnk_effector	RILP,SCARF1	MIR4763,MIRLET7A3,MIRLET7B,MIRLET7BHG	coexpression_network
primary_recist	melanoma_recist_supported_primary	GSE91061	EcoNiche-Opt-HeuristicEcology	word_full_graph	caf_ecm_exclusion|tnk_effector|TRAJ10|TRAJ6|coexpression_network	caf_ecm_exclusion	tnk_effector	TRAJ10	TRAJ6	coexpression_network
primary_recist	melanoma_recist_supported_primary	GSE91061	EcoNiche-Opt-HeuristicEcology	word_full_graph	caf_ecm_exclusion|tumor_dedifferentiation|TRAJ10|TRAJ10|coexpression_network	caf_ecm_exclusion	tumor_dedifferentiation	TRAJ10	TRAJ10	coexpression_network
primary_recist	melanoma_recist_supported_primary	GSE91061	EcoNiche-Opt-HeuristicEcology	word_full_graph	caf_ecm_exclusion|tumor_dedifferentiation|COL1A1|SOX10|coexpression_network	caf_ecm_exclusion	tumor_dedifferentiation	COL1A1	SOX10	coexpression_network
primary_recist	melanoma_recist_supported_primary	GSE91061	EcoNiche-Opt-HeuristicEcology	word_full_graph	myeloid_suppression|myeloid_suppression|IL10|ITGAM|coexpression_network	myeloid_suppression	myeloid_suppression	IL10	ITGAM	coexpression_network
primary_recist	melanoma_recist_supported_primary	GSE91061	EcoNiche-Opt-HeuristicEcology	word_full_graph	myeloid_suppression|myeloid_suppression|MIR4763,MIRLET7A3,MIRLET7B,MIRLET7BHG|RILP,SCARF1|coexpression_network	myeloid_suppression	myeloid_suppression	MIR4763,MIRLET7A3,MIRLET7B,MIRLET7BHG	RILP,SCARF1	coexpression_network
primary_recist	melanoma_recist_supported_primary	GSE91061	EcoNiche-Opt-HeuristicEcology	word_full_graph	myeloid_suppression|tcell_dysfunction|IGLV2-11|TIGIT|coexpression_network	myeloid_suppression	tcell_dysfunction	IGLV2-11	TIGIT	coexpression_network
primary_recist	melanoma_recist_supported_primary	GSE91061	EcoNiche-Opt-HeuristicEcology	word_full_graph	myeloid_suppression|tcell_dysfunction|RILP,SCARF1|CUZD1,FAM24B,FAM24B-CUZD1|coexpression_network	myeloid_suppression	tcell_dysfunction	RILP,SCARF1	CUZD1,FAM24B,FAM24B-CUZD1	coexpression_network
primary_recist	melanoma_recist_supported_primary	GSE91061	EcoNiche-Opt-HeuristicEcology	word_full_graph	myeloid_suppression|tnk_effector|MIR4763,MIRLET7A3,MIRLET7B,MIRLET7BHG|MIR4763,MIRLET7A3,MIRLET7B,MIRLET7BHG|coexpression_network	myeloid_suppression	tnk_effector	MIR4763,MIRLET7A3,MIRLET7B,MIRLET7BHG	MIR4763,MIRLET7A3,MIRLET7B,MIRLET7BHG	coexpression_network
primary_recist	melanoma_recist_supported_primary	GSE91061	EcoNiche-Opt-HeuristicEcology	word_full_graph	myeloid_suppression|tnk_effector|RILP,SCARF1|MIR4763,MIRLET7A3,MIRLET7B,MIRLET7BHG|coexpression_network	myeloid_suppression	tnk_effector	RILP,SCARF1	MIR4763,MIRLET7A3,MIRLET7B,MIRLET7BHG	coexpression_network
primary_recist	melanoma_recist_supported_primary	GSE91061	EcoNiche-Opt-HeuristicEcology	word_full_graph	myeloid_suppression|tumor_dedifferentiation|MIR4763,MIRLET7A3,MIRLET7B,MIRLET7BHG|MIR4763,MIRLET7A3,MIRLET7B,MIRLET7BHG|coexpression_network	myeloid_suppression	tumor_dedifferentiation	MIR4763,MIRLET7A3,MIRLET7B,MIRLET7BHG	MIR4763,MIRLET7A3,MIRLET7B,MIRLET7BHG	coexpression_network
primary_recist	melanoma_recist_supported_primary	GSE91061	EcoNiche-Opt-HeuristicEcology	word_full_graph	myeloid_suppression|tumor_dedifferentiation|IL10|SOX10|coexpression_network	myeloid_suppression	tumor_dedifferentiation	IL10	SOX10	coexpression_network
primary_recist	melanoma_recist_supported_primary	GSE91061	EcoNiche-Opt-HeuristicEcology	word_full_graph	tcell_dysfunction|tcell_dysfunction|PDCD1|TIGIT|coexpression_network	tcell_dysfunction	tcell_dysfunction	PDCD1	TIGIT	coexpression_network
primary_recist	melanoma_recist_supported_primary	GSE91061	EcoNiche-Opt-HeuristicEcology	word_full_graph	tcell_dysfunction|tcell_dysfunction|CUZD1,FAM24B,FAM24B-CUZD1|RPS8,SNORD55|coexpression_network	tcell_dysfunction	tcell_dysfunction	CUZD1,FAM24B,FAM24B-CUZD1	RPS8,SNORD55	coexpression_network
primary_recist	melanoma_recist_supported_primary	GSE91061	EcoNiche-Opt-HeuristicEcology	word_full_graph	tcell_dysfunction|tnk_effector|PDCD1|IFNG|coexpression_network	tcell_dysfunction	tnk_effector	PDCD1	IFNG	coexpression_network
primary_recist	melanoma_recist_supported_primary	GSE91061	EcoNiche-Opt-HeuristicEcology	word_full_graph	tcell_dysfunction|tnk_effector|TIGIT|IFNG|coexpression_network	tcell_dysfunction	tnk_effector	TIGIT	IFNG	coexpression_network
primary_recist	melanoma_recist_supported_primary	GSE91061	EcoNiche-Opt-HeuristicEcology	word_full_graph	tcell_dysfunction|tumor_dedifferentiation|CUZD1,FAM24B,FAM24B-CUZD1|MIR4763,MIRLET7A3,MIRLET7B,MIRLET7BHG|coexpression_network	tcell_dysfunction	tumor_dedifferentiation	CUZD1,FAM24B,FAM24B-CUZD1	MIR4763,MIRLET7A3,MIRLET7B,MIRLET7BHG	coexpression_network
primary_recist	melanoma_recist_supported_primary	GSE91061	EcoNiche-Opt-HeuristicEcology	word_full_graph	tcell_dysfunction|tumor_dedifferentiation|TIGIT|TRAJ10|coexpression_network	tcell_dysfunction	tumor_dedifferentiation	TIGIT	TRAJ10	coexpression_network
primary_recist	melanoma_recist_supported_primary	GSE91061	EcoNiche-Opt-HeuristicEcology	word_full_graph	tnk_effector|tnk_effector|CXCL9|IFNG|coexpression_network	tnk_effector	tnk_effector	CXCL9	IFNG	coexpression_network
primary_recist	melanoma_recist_supported_primary	GSE91061	EcoNiche-Opt-HeuristicEcology	word_full_graph	tnk_effector|tnk_effector|CXCL9|NKG7|coexpression_network	tnk_effector	tnk_effector	CXCL9	NKG7	coexpression_network
primary_recist	melanoma_recist_supported_primary	GSE91061	EcoNiche-Opt-HeuristicEcology	word_full_graph	tnk_effector|tumor_dedifferentiation|MIR4763,MIRLET7A3,MIRLET7B,MIRLET7BHG|MIR4763,MIRLET7A3,MIRLET7B,MIRLET7BHG|coexpression_network	tnk_effector	tumor_dedifferentiation	MIR4763,MIRLET7A3,MIRLET7B,MIRLET7BHG	MIR4763,MIRLET7A3,MIRLET7B,MIRLET7BHG	coexpression_network
primary_recist	melanoma_recist_supported_primary	GSE91061	EcoNiche-Opt-HeuristicEcology	word_full_graph	tnk_effector|tumor_dedifferentiation|TRAJ6|TRAJ10|coexpression_network	tnk_effector	tumor_dedifferentiation	TRAJ6	TRAJ10	coexpression_network
primary_recist	melanoma_recist_supported_primary	GSE91061	EcoNiche-Opt-HeuristicEcology	word_full_graph	tumor_dedifferentiation|tumor_dedifferentiation|SOX10|VIM|coexpression_network	tumor_dedifferentiation	tumor_dedifferentiation	SOX10	VIM	coexpression_network
primary_recist	melanoma_recist_supported_primary	GSE91061	EcoNiche-Opt-HeuristicEcology	word_full_graph	tumor_dedifferentiation|tumor_dedifferentiation|SOX10|TRAJ10|coexpression_network	tumor_dedifferentiation	tumor_dedifferentiation	SOX10	TRAJ10	coexpression_network
primary_recist	melanoma_recist_supported_primary	GSE91061	EcoNiche-Opt-WordFullGraph	word_full_graph	antigen_presentation_mhc|tnk_effector|HLA-A|B2M|pathway	antigen_presentation_mhc	tnk_effector	HLA-A	B2M	pathway
primary_recist	melanoma_recist_supported_primary	GSE91061	EcoNiche-Opt-WordFullGraph	word_full_graph	tnk_effector|antigen_presentation_mhc|IFNG|HLA-A|regulatory	tnk_effector	antigen_presentation_mhc	IFNG	HLA-A	regulatory
primary_recist	melanoma_recist_supported_primary	GSE91061	EcoNiche-Opt-WordFullGraph	word_full_graph	antigen_presentation_mhc|antigen_presentation_mhc|HLA-A|TAP2|coexpression_network	antigen_presentation_mhc	antigen_presentation_mhc	HLA-A	TAP2	coexpression_network
primary_recist	melanoma_recist_supported_primary	GSE91061	EcoNiche-Opt-WordFullGraph	word_full_graph	antigen_presentation_mhc|antigen_presentation_mhc|ATP5E,SLMO2,SLMO2-ATP5E|TAP2|coexpression_network	antigen_presentation_mhc	antigen_presentation_mhc	ATP5E,SLMO2,SLMO2-ATP5E	TAP2	coexpression_network
primary_recist	melanoma_recist_supported_primary	GSE91061	EcoNiche-Opt-WordFullGraph	word_full_graph	antigen_presentation_mhc|caf_ecm_exclusion|MIR4763,MIRLET7A3,MIRLET7B,MIRLET7BHG|RILP,SCARF1|coexpression_network	antigen_presentation_mhc	caf_ecm_exclusion	MIR4763,MIRLET7A3,MIRLET7B,MIRLET7BHG	RILP,SCARF1	coexpression_network
primary_recist	melanoma_recist_supported_primary	GSE91061	EcoNiche-Opt-WordFullGraph	word_full_graph	antigen_presentation_mhc|caf_ecm_exclusion|HLA-A|COL1A1|coexpression_network	antigen_presentation_mhc	caf_ecm_exclusion	HLA-A	COL1A1	coexpression_network
primary_recist	melanoma_recist_supported_primary	GSE91061	EcoNiche-Opt-WordFullGraph	word_full_graph	antigen_presentation_mhc|myeloid_suppression|MIR4763,MIRLET7A3,MIRLET7B,MIRLET7BHG|MIR4763,MIRLET7A3,MIRLET7B,MIRLET7BHG|coexpression_network	antigen_presentation_mhc	myeloid_suppression	MIR4763,MIRLET7A3,MIRLET7B,MIRLET7BHG	MIR4763,MIRLET7A3,MIRLET7B,MIRLET7BHG	coexpression_network
primary_recist	melanoma_recist_supported_primary	GSE91061	EcoNiche-Opt-WordFullGraph	word_full_graph	antigen_presentation_mhc|myeloid_suppression|MIR4763,MIRLET7A3,MIRLET7B,MIRLET7BHG|RILP,SCARF1|coexpression_network	antigen_presentation_mhc	myeloid_suppression	MIR4763,MIRLET7A3,MIRLET7B,MIRLET7BHG	RILP,SCARF1	coexpression_network
primary_recist	melanoma_recist_supported_primary	GSE91061	EcoNiche-Opt-WordFullGraph	word_full_graph	antigen_presentation_mhc|tcell_dysfunction|ATP5E,SLMO2,SLMO2-ATP5E|RPS8,SNORD55|coexpression_network	antigen_presentation_mhc	tcell_dysfunction	ATP5E,SLMO2,SLMO2-ATP5E	RPS8,SNORD55	coexpression_network
primary_recist	melanoma_recist_supported_primary	GSE91061	EcoNiche-Opt-WordFullGraph	word_full_graph	antigen_presentation_mhc|tcell_dysfunction|MIR4763,MIRLET7A3,MIRLET7B,MIRLET7BHG|CUZD1,FAM24B,FAM24B-CUZD1|coexpression_network	antigen_presentation_mhc	tcell_dysfunction	MIR4763,MIRLET7A3,MIRLET7B,MIRLET7BHG	CUZD1,FAM24B,FAM24B-CUZD1	coexpression_network
primary_recist	melanoma_recist_supported_primary	GSE91061	EcoNiche-Opt-WordFullGraph	word_full_graph	antigen_presentation_mhc|tnk_effector|MIR4763,MIRLET7A3,MIRLET7B,MIRLET7BHG|MIR4763,MIRLET7A3,MIRLET7B,MIRLET7BHG|coexpression_network	antigen_presentation_mhc	tnk_effector	MIR4763,MIRLET7A3,MIRLET7B,MIRLET7BHG	MIR4763,MIRLET7A3,MIRLET7B,MIRLET7BHG	coexpression_network
primary_recist	melanoma_recist_supported_primary	GSE91061	EcoNiche-Opt-WordFullGraph	word_full_graph	antigen_presentation_mhc|tnk_effector|APOC1,APOC1P1|APOC1,APOC1P1|coexpression_network	antigen_presentation_mhc	tnk_effector	APOC1,APOC1P1	APOC1,APOC1P1	coexpression_network
primary_recist	melanoma_recist_supported_primary	GSE91061	EcoNiche-Opt-WordFullGraph	word_full_graph	antigen_presentation_mhc|tumor_dedifferentiation|MIR4763,MIRLET7A3,MIRLET7B,MIRLET7BHG|MIR4763,MIRLET7A3,MIRLET7B,MIRLET7BHG|coexpression_network	antigen_presentation_mhc	tumor_dedifferentiation	MIR4763,MIRLET7A3,MIRLET7B,MIRLET7BHG	MIR4763,MIRLET7A3,MIRLET7B,MIRLET7BHG	coexpression_network
primary_recist	melanoma_recist_supported_primary	GSE91061	EcoNiche-Opt-WordFullGraph	word_full_graph	antigen_presentation_mhc|tumor_dedifferentiation|HLA-A|SOX10|coexpression_network	antigen_presentation_mhc	tumor_dedifferentiation	HLA-A	SOX10	coexpression_network
primary_recist	melanoma_recist_supported_primary	GSE91061	EcoNiche-Opt-WordFullGraph	word_full_graph	caf_ecm_exclusion|myeloid_suppression|RILP,SCARF1|RILP,SCARF1|coexpression_network	caf_ecm_exclusion	myeloid_suppression	RILP,SCARF1	RILP,SCARF1	coexpression_network
primary_recist	melanoma_recist_supported_primary	GSE91061	EcoNiche-Opt-WordFullGraph	word_full_graph	caf_ecm_exclusion|myeloid_suppression|COL1A1|ITGAM|coexpression_network	caf_ecm_exclusion	myeloid_suppression	COL1A1	ITGAM	coexpression_network
primary_recist	melanoma_recist_supported_primary	GSE91061	EcoNiche-Opt-WordFullGraph	word_full_graph	caf_ecm_exclusion|tcell_dysfunction|RILP,SCARF1|CUZD1,FAM24B,FAM24B-CUZD1|coexpression_network	caf_ecm_exclusion	tcell_dysfunction	RILP,SCARF1	CUZD1,FAM24B,FAM24B-CUZD1	coexpression_network
primary_recist	melanoma_recist_supported_primary	GSE91061	EcoNiche-Opt-WordFullGraph	word_full_graph	caf_ecm_exclusion|tcell_dysfunction|TRAJ10|TIGIT|coexpression_network	caf_ecm_exclusion	tcell_dysfunction	TRAJ10	TIGIT	coexpression_network
primary_recist	melanoma_recist_supported_primary	GSE91061	EcoNiche-Opt-WordFullGraph	word_full_graph	caf_ecm_exclusion|tnk_effector|RILP,SCARF1|MIR4763,MIRLET7A3,MIRLET7B,MIRLET7BHG|coexpression_network	caf_ecm_exclusion	tnk_effector	RILP,SCARF1	MIR4763,MIRLET7A3,MIRLET7B,MIRLET7BHG	coexpression_network
primary_recist	melanoma_recist_supported_primary	GSE91061	EcoNiche-Opt-WordFullGraph	word_full_graph	caf_ecm_exclusion|tnk_effector|TRAJ10|TRAJ6|coexpression_network	caf_ecm_exclusion	tnk_effector	TRAJ10	TRAJ6	coexpression_network
primary_recist	melanoma_recist_supported_primary	GSE91061	EcoNiche-Opt-WordFullGraph	word_full_graph	caf_ecm_exclusion|tumor_dedifferentiation|TRAJ10|TRAJ10|coexpression_network	caf_ecm_exclusion	tumor_dedifferentiation	TRAJ10	TRAJ10	coexpression_network
primary_recist	melanoma_recist_supported_primary	GSE91061	EcoNiche-Opt-WordFullGraph	word_full_graph	caf_ecm_exclusion|tumor_dedifferentiation|COL1A1|SOX10|coexpression_network	caf_ecm_exclusion	tumor_dedifferentiation	COL1A1	SOX10	coexpression_network
primary_recist	melanoma_recist_supported_primary	GSE91061	EcoNiche-Opt-WordFullGraph	word_full_graph	myeloid_suppression|myeloid_suppression|IL10|ITGAM|coexpression_network	myeloid_suppression	myeloid_suppression	IL10	ITGAM	coexpression_network
primary_recist	melanoma_recist_supported_primary	GSE91061	EcoNiche-Opt-WordFullGraph	word_full_graph	myeloid_suppression|myeloid_suppression|MIR4763,MIRLET7A3,MIRLET7B,MIRLET7BHG|RILP,SCARF1|coexpression_network	myeloid_suppression	myeloid_suppression	MIR4763,MIRLET7A3,MIRLET7B,MIRLET7BHG	RILP,SCARF1	coexpression_network
primary_recist	melanoma_recist_supported_primary	GSE91061	EcoNiche-Opt-WordFullGraph	word_full_graph	myeloid_suppression|tcell_dysfunction|IGLV2-11|TIGIT|coexpression_network	myeloid_suppression	tcell_dysfunction	IGLV2-11	TIGIT	coexpression_network
primary_recist	melanoma_recist_supported_primary	GSE91061	EcoNiche-Opt-WordFullGraph	word_full_graph	myeloid_suppression|tcell_dysfunction|RILP,SCARF1|CUZD1,FAM24B,FAM24B-CUZD1|coexpression_network	myeloid_suppression	tcell_dysfunction	RILP,SCARF1	CUZD1,FAM24B,FAM24B-CUZD1	coexpression_network
primary_recist	melanoma_recist_supported_primary	GSE91061	EcoNiche-Opt-WordFullGraph	word_full_graph	myeloid_suppression|tnk_effector|MIR4763,MIRLET7A3,MIRLET7B,MIRLET7BHG|MIR4763,MIRLET7A3,MIRLET7B,MIRLET7BHG|coexpression_network	myeloid_suppression	tnk_effector	MIR4763,MIRLET7A3,MIRLET7B,MIRLET7BHG	MIR4763,MIRLET7A3,MIRLET7B,MIRLET7BHG	coexpression_network
primary_recist	melanoma_recist_supported_primary	GSE91061	EcoNiche-Opt-WordFullGraph	word_full_graph	myeloid_suppression|tnk_effector|RILP,SCARF1|MIR4763,MIRLET7A3,MIRLET7B,MIRLET7BHG|coexpression_network	myeloid_suppression	tnk_effector	RILP,SCARF1	MIR4763,MIRLET7A3,MIRLET7B,MIRLET7BHG	coexpression_network
primary_recist	melanoma_recist_supported_primary	GSE91061	EcoNiche-Opt-WordFullGraph	word_full_graph	myeloid_suppression|tumor_dedifferentiation|MIR4763,MIRLET7A3,MIRLET7B,MIRLET7BHG|MIR4763,MIRLET7A3,MIRLET7B,MIRLET7BHG|coexpression_network	myeloid_suppression	tumor_dedifferentiation	MIR4763,MIRLET7A3,MIRLET7B,MIRLET7BHG	MIR4763,MIRLET7A3,MIRLET7B,MIRLET7BHG	coexpression_network
primary_recist	melanoma_recist_supported_primary	GSE91061	EcoNiche-Opt-WordFullGraph	word_full_graph	myeloid_suppression|tumor_dedifferentiation|IL10|SOX10|coexpression_network	myeloid_suppression	tumor_dedifferentiation	IL10	SOX10	coexpression_network
primary_recist	melanoma_recist_supported_primary	GSE91061	EcoNiche-Opt-WordFullGraph	word_full_graph	tcell_dysfunction|tcell_dysfunction|PDCD1|TIGIT|coexpression_network	tcell_dysfunction	tcell_dysfunction	PDCD1	TIGIT	coexpression_network
primary_recist	melanoma_recist_supported_primary	GSE91061	EcoNiche-Opt-WordFullGraph	word_full_graph	tcell_dysfunction|tcell_dysfunction|CUZD1,FAM24B,FAM24B-CUZD1|RPS8,SNORD55|coexpression_network	tcell_dysfunction	tcell_dysfunction	CUZD1,FAM24B,FAM24B-CUZD1	RPS8,SNORD55	coexpression_network
primary_recist	melanoma_recist_supported_primary	GSE91061	EcoNiche-Opt-WordFullGraph	word_full_graph	tcell_dysfunction|tnk_effector|PDCD1|IFNG|coexpression_network	tcell_dysfunction	tnk_effector	PDCD1	IFNG	coexpression_network
primary_recist	melanoma_recist_supported_primary	GSE91061	EcoNiche-Opt-WordFullGraph	word_full_graph	tcell_dysfunction|tnk_effector|TIGIT|IFNG|coexpression_network	tcell_dysfunction	tnk_effector	TIGIT	IFNG	coexpression_network
primary_recist	melanoma_recist_supported_primary	GSE91061	EcoNiche-Opt-WordFullGraph	word_full_graph	tcell_dysfunction|tumor_dedifferentiation|CUZD1,FAM24B,FAM24B-CUZD1|MIR4763,MIRLET7A3,MIRLET7B,MIRLET7BHG|coexpression_network	tcell_dysfunction	tumor_dedifferentiation	CUZD1,FAM24B,FAM24B-CUZD1	MIR4763,MIRLET7A3,MIRLET7B,MIRLET7BHG	coexpression_network
primary_recist	melanoma_recist_supported_primary	GSE91061	EcoNiche-Opt-WordFullGraph	word_full_graph	tcell_dysfunction|tumor_dedifferentiation|TIGIT|TRAJ10|coexpression_network	tcell_dysfunction	tumor_dedifferentiation	TIGIT	TRAJ10	coexpression_network
primary_recist	melanoma_recist_supported_primary	GSE91061	EcoNiche-Opt-WordFullGraph	word_full_graph	tnk_effector|tnk_effector|CXCL9|IFNG|coexpression_network	tnk_effector	tnk_effector	CXCL9	IFNG	coexpression_network
primary_recist	melanoma_recist_supported_primary	GSE91061	EcoNiche-Opt-WordFullGraph	word_full_graph	tnk_effector|tnk_effector|CXCL9|NKG7|coexpression_network	tnk_effector	tnk_effector	CXCL9	NKG7	coexpression_network
primary_recist	melanoma_recist_supported_primary	GSE91061	EcoNiche-Opt-WordFullGraph	word_full_graph	tnk_effector|tumor_dedifferentiation|MIR4763,MIRLET7A3,MIRLET7B,MIRLET7BHG|MIR4763,MIRLET7A3,MIRLET7B,MIRLET7BHG|coexpression_network	tnk_effector	tumor_dedifferentiation	MIR4763,MIRLET7A3,MIRLET7B,MIRLET7BHG	MIR4763,MIRLET7A3,MIRLET7B,MIRLET7BHG	coexpression_network
primary_recist	melanoma_recist_supported_primary	GSE91061	EcoNiche-Opt-WordFullGraph	word_full_graph	tnk_effector|tumor_dedifferentiation|TRAJ6|TRAJ10|coexpression_network	tnk_effector	tumor_dedifferentiation	TRAJ6	TRAJ10	coexpression_network
primary_recist	melanoma_recist_supported_primary	GSE91061	EcoNiche-Opt-WordFullGraph	word_full_graph	tumor_dedifferentiation|tumor_dedifferentiation|SOX10|VIM|coexpression_network	tumor_dedifferentiation	tumor_dedifferentiation	SOX10	VIM	coexpression_network
primary_recist	melanoma_recist_supported_primary	GSE91061	EcoNiche-Opt-WordFullGraph	word_full_graph	tumor_dedifferentiation|tumor_dedifferentiation|SOX10|TRAJ10|coexpression_network	tumor_dedifferentiation	tumor_dedifferentiation	SOX10	TRAJ10	coexpression_network
primary_recist	melanoma_recist_supported_primary	GSE91061	EcoNiche-Opt-WordUnsignedGraph	word_unsigned_graph	antigen_presentation_mhc|antigen_presentation_mhc|CASC14,CASC15|RPS8,SNORD55|coexpression_network	antigen_presentation_mhc	antigen_presentation_mhc	CASC14,CASC15	RPS8,SNORD55	coexpression_network
primary_recist	melanoma_recist_supported_primary	GSE91061	EcoNiche-Opt-WordUnsignedGraph	word_unsigned_graph	antigen_presentation_mhc|antigen_presentation_mhc|TAP1|TRAJ10|coexpression_network	antigen_presentation_mhc	antigen_presentation_mhc	TAP1	TRAJ10	coexpression_network
primary_recist	melanoma_recist_supported_primary	GSE91061	EcoNiche-Opt-WordUnsignedGraph	word_unsigned_graph	antigen_presentation_mhc|caf_ecm_exclusion|TAP1|COL1A1|coexpression_network	antigen_presentation_mhc	caf_ecm_exclusion	TAP1	COL1A1	coexpression_network
primary_recist	melanoma_recist_supported_primary	GSE91061	EcoNiche-Opt-WordUnsignedGraph	word_unsigned_graph	antigen_presentation_mhc|caf_ecm_exclusion|TAP1|VIM|coexpression_network	antigen_presentation_mhc	caf_ecm_exclusion	TAP1	VIM	coexpression_network
primary_recist	melanoma_recist_supported_primary	GSE91061	EcoNiche-Opt-WordUnsignedGraph	word_unsigned_graph	antigen_presentation_mhc|myeloid_suppression|RPS8,SNORD55|RPS8,SNORD55|coexpression_network	antigen_presentation_mhc	myeloid_suppression	RPS8,SNORD55	RPS8,SNORD55	coexpression_network
primary_recist	melanoma_recist_supported_primary	GSE91061	EcoNiche-Opt-WordUnsignedGraph	word_unsigned_graph	antigen_presentation_mhc|myeloid_suppression|RPS8,SNORD55|MIR548N,OSBPL6|coexpression_network	antigen_presentation_mhc	myeloid_suppression	RPS8,SNORD55	MIR548N,OSBPL6	coexpression_network
primary_recist	melanoma_recist_supported_primary	GSE91061	EcoNiche-Opt-WordUnsignedGraph	word_unsigned_graph	antigen_presentation_mhc|tcell_dysfunction|TAP1|TOX|coexpression_network	antigen_presentation_mhc	tcell_dysfunction	TAP1	TOX	coexpression_network
primary_recist	melanoma_recist_supported_primary	GSE91061	EcoNiche-Opt-WordUnsignedGraph	word_unsigned_graph	antigen_presentation_mhc|tcell_dysfunction|MIR143,MIR143HG|MIR4763,MIRLET7A3,MIRLET7B,MIRLET7BHG|coexpression_network	antigen_presentation_mhc	tcell_dysfunction	MIR143,MIR143HG	MIR4763,MIRLET7A3,MIRLET7B,MIRLET7BHG	coexpression_network
primary_recist	melanoma_recist_supported_primary	GSE91061	EcoNiche-Opt-WordUnsignedGraph	word_unsigned_graph	antigen_presentation_mhc|tnk_effector|AL049794|AL049794|coexpression_network	antigen_presentation_mhc	tnk_effector	AL049794	AL049794	coexpression_network
primary_recist	melanoma_recist_supported_primary	GSE91061	EcoNiche-Opt-WordUnsignedGraph	word_unsigned_graph	antigen_presentation_mhc|tnk_effector|TAP1|CD8A|coexpression_network	antigen_presentation_mhc	tnk_effector	TAP1	CD8A	coexpression_network
primary_recist	melanoma_recist_supported_primary	GSE91061	EcoNiche-Opt-WordUnsignedGraph	word_unsigned_graph	antigen_presentation_mhc|tumor_dedifferentiation|RPS8,SNORD55|RPS8,SNORD55|coexpression_network	antigen_presentation_mhc	tumor_dedifferentiation	RPS8,SNORD55	RPS8,SNORD55	coexpression_network
primary_recist	melanoma_recist_supported_primary	GSE91061	EcoNiche-Opt-WordUnsignedGraph	word_unsigned_graph	antigen_presentation_mhc|tumor_dedifferentiation|TAP1|ZEB1|coexpression_network	antigen_presentation_mhc	tumor_dedifferentiation	TAP1	ZEB1	coexpression_network
primary_recist	melanoma_recist_supported_primary	GSE91061	EcoNiche-Opt-WordUnsignedGraph	word_unsigned_graph	caf_ecm_exclusion|caf_ecm_exclusion|COL1A1|VIM|coexpression_network	caf_ecm_exclusion	caf_ecm_exclusion	COL1A1	VIM	coexpression_network
primary_recist	melanoma_recist_supported_primary	GSE91061	EcoNiche-Opt-WordUnsignedGraph	word_unsigned_graph	caf_ecm_exclusion|myeloid_suppression|COL1A1|CD163|coexpression_network	caf_ecm_exclusion	myeloid_suppression	COL1A1	CD163	coexpression_network
primary_recist	melanoma_recist_supported_primary	GSE91061	EcoNiche-Opt-WordUnsignedGraph	word_unsigned_graph	caf_ecm_exclusion|myeloid_suppression|COL1A1|CSF1R|coexpression_network	caf_ecm_exclusion	myeloid_suppression	COL1A1	CSF1R	coexpression_network
primary_recist	melanoma_recist_supported_primary	GSE91061	EcoNiche-Opt-WordUnsignedGraph	word_unsigned_graph	caf_ecm_exclusion|tcell_dysfunction|CUZD1,FAM24B,FAM24B-CUZD1|RILP,SCARF1|coexpression_network	caf_ecm_exclusion	tcell_dysfunction	CUZD1,FAM24B,FAM24B-CUZD1	RILP,SCARF1	coexpression_network
primary_recist	melanoma_recist_supported_primary	GSE91061	EcoNiche-Opt-WordUnsignedGraph	word_unsigned_graph	caf_ecm_exclusion|tcell_dysfunction|COL1A1|TOX|coexpression_network	caf_ecm_exclusion	tcell_dysfunction	COL1A1	TOX	coexpression_network
primary_recist	melanoma_recist_supported_primary	GSE91061	EcoNiche-Opt-WordUnsignedGraph	word_unsigned_graph	caf_ecm_exclusion|tnk_effector|CUZD1,FAM24B,FAM24B-CUZD1|CUZD1,FAM24B,FAM24B-CUZD1|coexpression_network	caf_ecm_exclusion	tnk_effector	CUZD1,FAM24B,FAM24B-CUZD1	CUZD1,FAM24B,FAM24B-CUZD1	coexpression_network
primary_recist	melanoma_recist_supported_primary	GSE91061	EcoNiche-Opt-WordUnsignedGraph	word_unsigned_graph	caf_ecm_exclusion|tnk_effector|COL1A1|GZMB|coexpression_network	caf_ecm_exclusion	tnk_effector	COL1A1	GZMB	coexpression_network
primary_recist	melanoma_recist_supported_primary	GSE91061	EcoNiche-Opt-WordUnsignedGraph	word_unsigned_graph	caf_ecm_exclusion|tumor_dedifferentiation|VIM|VIM|coexpression_network	caf_ecm_exclusion	tumor_dedifferentiation	VIM	VIM	coexpression_network
primary_recist	melanoma_recist_supported_primary	GSE91061	EcoNiche-Opt-WordUnsignedGraph	word_unsigned_graph	caf_ecm_exclusion|tumor_dedifferentiation|COL1A1|ZEB1|coexpression_network	caf_ecm_exclusion	tumor_dedifferentiation	COL1A1	ZEB1	coexpression_network
primary_recist	melanoma_recist_supported_primary	GSE91061	EcoNiche-Opt-WordUnsignedGraph	word_unsigned_graph	myeloid_suppression|myeloid_suppression|CD163|CSF1R|coexpression_network	myeloid_suppression	myeloid_suppression	CD163	CSF1R	coexpression_network
primary_recist	melanoma_recist_supported_primary	GSE91061	EcoNiche-Opt-WordUnsignedGraph	word_unsigned_graph	myeloid_suppression|myeloid_suppression|MIR548N,OSBPL6|RPS8,SNORD55|coexpression_network	myeloid_suppression	myeloid_suppression	MIR548N,OSBPL6	RPS8,SNORD55	coexpression_network
primary_recist	melanoma_recist_supported_primary	GSE91061	EcoNiche-Opt-WordUnsignedGraph	word_unsigned_graph	myeloid_suppression|tcell_dysfunction|CSF1R|HAVCR2|coexpression_network	myeloid_suppression	tcell_dysfunction	CSF1R	HAVCR2	coexpression_network
primary_recist	melanoma_recist_supported_primary	GSE91061	EcoNiche-Opt-WordUnsignedGraph	word_unsigned_graph	myeloid_suppression|tcell_dysfunction|CD163|HAVCR2|coexpression_network	myeloid_suppression	tcell_dysfunction	CD163	HAVCR2	coexpression_network
primary_recist	melanoma_recist_supported_primary	GSE91061	EcoNiche-Opt-WordUnsignedGraph	word_unsigned_graph	myeloid_suppression|tnk_effector|CSF1R|IFNG|coexpression_network	myeloid_suppression	tnk_effector	CSF1R	IFNG	coexpression_network
primary_recist	melanoma_recist_supported_primary	GSE91061	EcoNiche-Opt-WordUnsignedGraph	word_unsigned_graph	myeloid_suppression|tnk_effector|CSF1R|CD8A|coexpression_network	myeloid_suppression	tnk_effector	CSF1R	CD8A	coexpression_network
primary_recist	melanoma_recist_supported_primary	GSE91061	EcoNiche-Opt-WordUnsignedGraph	word_unsigned_graph	myeloid_suppression|tumor_dedifferentiation|RPS8,SNORD55|RPS8,SNORD55|coexpression_network	myeloid_suppression	tumor_dedifferentiation	RPS8,SNORD55	RPS8,SNORD55	coexpression_network
primary_recist	melanoma_recist_supported_primary	GSE91061	EcoNiche-Opt-WordUnsignedGraph	word_unsigned_graph	myeloid_suppression|tumor_dedifferentiation|CD163|ZEB1|coexpression_network	myeloid_suppression	tumor_dedifferentiation	CD163	ZEB1	coexpression_network
primary_recist	melanoma_recist_supported_primary	GSE91061	EcoNiche-Opt-WordUnsignedGraph	word_unsigned_graph	tcell_dysfunction|tcell_dysfunction|PDCD1|TIGIT|coexpression_network	tcell_dysfunction	tcell_dysfunction	PDCD1	TIGIT	coexpression_network
primary_recist	melanoma_recist_supported_primary	GSE91061	EcoNiche-Opt-WordUnsignedGraph	word_unsigned_graph	tcell_dysfunction|tcell_dysfunction|HAVCR2|TOX|coexpression_network	tcell_dysfunction	tcell_dysfunction	HAVCR2	TOX	coexpression_network
primary_recist	melanoma_recist_supported_primary	GSE91061	EcoNiche-Opt-WordUnsignedGraph	word_unsigned_graph	tcell_dysfunction|tnk_effector|PDCD1|CD8A|coexpression_network	tcell_dysfunction	tnk_effector	PDCD1	CD8A	coexpression_network
primary_recist	melanoma_recist_supported_primary	GSE91061	EcoNiche-Opt-WordUnsignedGraph	word_unsigned_graph	tcell_dysfunction|tnk_effector|HAVCR2|CD8A|coexpression_network	tcell_dysfunction	tnk_effector	HAVCR2	CD8A	coexpression_network
primary_recist	melanoma_recist_supported_primary	GSE91061	EcoNiche-Opt-WordUnsignedGraph	word_unsigned_graph	tcell_dysfunction|tumor_dedifferentiation|TOX|ZEB1|coexpression_network	tcell_dysfunction	tumor_dedifferentiation	TOX	ZEB1	coexpression_network
primary_recist	melanoma_recist_supported_primary	GSE91061	EcoNiche-Opt-WordUnsignedGraph	word_unsigned_graph	tcell_dysfunction|tumor_dedifferentiation|HAVCR2|ZEB1|coexpression_network	tcell_dysfunction	tumor_dedifferentiation	HAVCR2	ZEB1	coexpression_network
primary_recist	melanoma_recist_supported_primary	GSE91061	EcoNiche-Opt-WordUnsignedGraph	word_unsigned_graph	tnk_effector|tnk_effector|CD8A|IFNG|coexpression_network	tnk_effector	tnk_effector	CD8A	IFNG	coexpression_network
primary_recist	melanoma_recist_supported_primary	GSE91061	EcoNiche-Opt-WordUnsignedGraph	word_unsigned_graph	tnk_effector|tnk_effector|CD8A|GZMB|coexpression_network	tnk_effector	tnk_effector	CD8A	GZMB	coexpression_network
primary_recist	melanoma_recist_supported_primary	GSE91061	EcoNiche-Opt-WordUnsignedGraph	word_unsigned_graph	tnk_effector|tumor_dedifferentiation|GZMB|ZEB1|coexpression_network	tnk_effector	tumor_dedifferentiation	GZMB	ZEB1	coexpression_network
primary_recist	melanoma_recist_supported_primary	GSE91061	EcoNiche-Opt-WordUnsignedGraph	word_unsigned_graph	tnk_effector|tumor_dedifferentiation|CD8A|ZEB1|coexpression_network	tnk_effector	tumor_dedifferentiation	CD8A	ZEB1	coexpression_network
primary_recist	melanoma_recist_supported_primary	GSE91061	EcoNiche-Opt-WordUnsignedGraph	word_unsigned_graph	tumor_dedifferentiation|tumor_dedifferentiation|MITF|RPS8,SNORD55|coexpression_network	tumor_dedifferentiation	tumor_dedifferentiation	MITF	RPS8,SNORD55	coexpression_network
primary_recist	melanoma_recist_supported_primary	GSE91061	EcoNiche-Opt-WordUnsignedGraph	word_unsigned_graph	tumor_dedifferentiation|tumor_dedifferentiation|ITGA3|RPS8,SNORD55|coexpression_network	tumor_dedifferentiation	tumor_dedifferentiation	ITGA3	RPS8,SNORD55	coexpression_network
primary_recist	melanoma_recist_supported_primary	GSE91061	EcoNiche-Opt-WordNoBioObjective	word_no_bio_objective	antigen_presentation_mhc|tnk_effector|HLA-A|B2M|pathway	antigen_presentation_mhc	tnk_effector	HLA-A	B2M	pathway
primary_recist	melanoma_recist_supported_primary	GSE91061	EcoNiche-Opt-WordNoBioObjective	word_no_bio_objective	caf_ecm_exclusion|caf_ecm_exclusion|COL1A1|FN1|network	caf_ecm_exclusion	caf_ecm_exclusion	COL1A1	FN1	network
primary_recist	melanoma_recist_supported_primary	GSE91061	EcoNiche-Opt-WordNoBioObjective	word_no_bio_objective	myeloid_suppression|myeloid_suppression|S100A8|S100A9|network	myeloid_suppression	myeloid_suppression	S100A8	S100A9	network
primary_recist	melanoma_recist_supported_primary	GSE91061	EcoNiche-Opt-WordNoBioObjective	word_no_bio_objective	tnk_effector|antigen_presentation_mhc|IFNG|HLA-A|regulatory	tnk_effector	antigen_presentation_mhc	IFNG	HLA-A	regulatory
primary_recist	melanoma_recist_supported_primary	GSE91061	EcoNiche-Opt-WordNoBioObjective	word_no_bio_objective	antigen_presentation_mhc|antigen_presentation_mhc|HLA-DRA|TAP1|coexpression_network	antigen_presentation_mhc	antigen_presentation_mhc	HLA-DRA	TAP1	coexpression_network
primary_recist	melanoma_recist_supported_primary	GSE91061	EcoNiche-Opt-WordNoBioObjective	word_no_bio_objective	antigen_presentation_mhc|antigen_presentation_mhc|HLA-B|HLA-DRA|coexpression_network	antigen_presentation_mhc	antigen_presentation_mhc	HLA-B	HLA-DRA	coexpression_network
primary_recist	melanoma_recist_supported_primary	GSE91061	EcoNiche-Opt-WordNoBioObjective	word_no_bio_objective	antigen_presentation_mhc|caf_ecm_exclusion|CTD-2201I18.1,SERINC5|CTD-2201I18.1,SERINC5|coexpression_network	antigen_presentation_mhc	caf_ecm_exclusion	CTD-2201I18.1,SERINC5	CTD-2201I18.1,SERINC5	coexpression_network
primary_recist	melanoma_recist_supported_primary	GSE91061	EcoNiche-Opt-WordNoBioObjective	word_no_bio_objective	antigen_presentation_mhc|caf_ecm_exclusion|HLA-DRA|COL3A1|coexpression_network	antigen_presentation_mhc	caf_ecm_exclusion	HLA-DRA	COL3A1	coexpression_network
primary_recist	melanoma_recist_supported_primary	GSE91061	EcoNiche-Opt-WordNoBioObjective	word_no_bio_objective	antigen_presentation_mhc|myeloid_suppression|TAP1|MRC1|coexpression_network	antigen_presentation_mhc	myeloid_suppression	TAP1	MRC1	coexpression_network
primary_recist	melanoma_recist_supported_primary	GSE91061	EcoNiche-Opt-WordNoBioObjective	word_no_bio_objective	antigen_presentation_mhc|myeloid_suppression|HLA-B|MRC1|coexpression_network	antigen_presentation_mhc	myeloid_suppression	HLA-B	MRC1	coexpression_network
primary_recist	melanoma_recist_supported_primary	GSE91061	EcoNiche-Opt-WordNoBioObjective	word_no_bio_objective	antigen_presentation_mhc|tcell_dysfunction|CTD-2201I18.1,SERINC5|MIR143,MIR143HG|coexpression_network	antigen_presentation_mhc	tcell_dysfunction	CTD-2201I18.1,SERINC5	MIR143,MIR143HG	coexpression_network
primary_recist	melanoma_recist_supported_primary	GSE91061	EcoNiche-Opt-WordNoBioObjective	word_no_bio_objective	antigen_presentation_mhc|tcell_dysfunction|TRAJ10|TRAJ6|coexpression_network	antigen_presentation_mhc	tcell_dysfunction	TRAJ10	TRAJ6	coexpression_network
primary_recist	melanoma_recist_supported_primary	GSE91061	EcoNiche-Opt-WordNoBioObjective	word_no_bio_objective	antigen_presentation_mhc|tnk_effector|CTD-2201I18.1,SERINC5|CTD-2201I18.1,SERINC5|coexpression_network	antigen_presentation_mhc	tnk_effector	CTD-2201I18.1,SERINC5	CTD-2201I18.1,SERINC5	coexpression_network
primary_recist	melanoma_recist_supported_primary	GSE91061	EcoNiche-Opt-WordNoBioObjective	word_no_bio_objective	antigen_presentation_mhc|tnk_effector|TRAJ10|TRAJ10|coexpression_network	antigen_presentation_mhc	tnk_effector	TRAJ10	TRAJ10	coexpression_network
primary_recist	melanoma_recist_supported_primary	GSE91061	EcoNiche-Opt-WordNoBioObjective	word_no_bio_objective	antigen_presentation_mhc|tumor_dedifferentiation|TRAJ10|TRAJ10|coexpression_network	antigen_presentation_mhc	tumor_dedifferentiation	TRAJ10	TRAJ10	coexpression_network
primary_recist	melanoma_recist_supported_primary	GSE91061	EcoNiche-Opt-WordNoBioObjective	word_no_bio_objective	antigen_presentation_mhc|tumor_dedifferentiation|TAP1|SOX10|coexpression_network	antigen_presentation_mhc	tumor_dedifferentiation	TAP1	SOX10	coexpression_network
primary_recist	melanoma_recist_supported_primary	GSE91061	EcoNiche-Opt-WordNoBioObjective	word_no_bio_objective	caf_ecm_exclusion|caf_ecm_exclusion|COL1A1|COL3A1|coexpression_network	caf_ecm_exclusion	caf_ecm_exclusion	COL1A1	COL3A1	coexpression_network
primary_recist	melanoma_recist_supported_primary	GSE91061	EcoNiche-Opt-WordNoBioObjective	word_no_bio_objective	caf_ecm_exclusion|caf_ecm_exclusion|COL1A1|FN1|coexpression_network	caf_ecm_exclusion	caf_ecm_exclusion	COL1A1	FN1	coexpression_network
primary_recist	melanoma_recist_supported_primary	GSE91061	EcoNiche-Opt-WordNoBioObjective	word_no_bio_objective	caf_ecm_exclusion|myeloid_suppression|COL3A1|MRC1|coexpression_network	caf_ecm_exclusion	myeloid_suppression	COL3A1	MRC1	coexpression_network
primary_recist	melanoma_recist_supported_primary	GSE91061	EcoNiche-Opt-WordNoBioObjective	word_no_bio_objective	caf_ecm_exclusion|myeloid_suppression|COL1A1|MRC1|coexpression_network	caf_ecm_exclusion	myeloid_suppression	COL1A1	MRC1	coexpression_network
primary_recist	melanoma_recist_supported_primary	GSE91061	EcoNiche-Opt-WordNoBioObjective	word_no_bio_objective	caf_ecm_exclusion|tcell_dysfunction|CTD-2201I18.1,SERINC5|MIR143,MIR143HG|coexpression_network	caf_ecm_exclusion	tcell_dysfunction	CTD-2201I18.1,SERINC5	MIR143,MIR143HG	coexpression_network
primary_recist	melanoma_recist_supported_primary	GSE91061	EcoNiche-Opt-WordNoBioObjective	word_no_bio_objective	caf_ecm_exclusion|tcell_dysfunction|FN1|CTLA4|coexpression_network	caf_ecm_exclusion	tcell_dysfunction	FN1	CTLA4	coexpression_network
primary_recist	melanoma_recist_supported_primary	GSE91061	EcoNiche-Opt-WordNoBioObjective	word_no_bio_objective	caf_ecm_exclusion|tnk_effector|CTD-2201I18.1,SERINC5|CTD-2201I18.1,SERINC5|coexpression_network	caf_ecm_exclusion	tnk_effector	CTD-2201I18.1,SERINC5	CTD-2201I18.1,SERINC5	coexpression_network
primary_recist	melanoma_recist_supported_primary	GSE91061	EcoNiche-Opt-WordNoBioObjective	word_no_bio_objective	caf_ecm_exclusion|tnk_effector|CTD-2201I18.1,SERINC5|MIR143,MIR143HG|coexpression_network	caf_ecm_exclusion	tnk_effector	CTD-2201I18.1,SERINC5	MIR143,MIR143HG	coexpression_network
primary_recist	melanoma_recist_supported_primary	GSE91061	EcoNiche-Opt-WordNoBioObjective	word_no_bio_objective	caf_ecm_exclusion|tumor_dedifferentiation|COL3A1|SOX10|coexpression_network	caf_ecm_exclusion	tumor_dedifferentiation	COL3A1	SOX10	coexpression_network
primary_recist	melanoma_recist_supported_primary	GSE91061	EcoNiche-Opt-WordNoBioObjective	word_no_bio_objective	caf_ecm_exclusion|tumor_dedifferentiation|COL1A1|SOX10|coexpression_network	caf_ecm_exclusion	tumor_dedifferentiation	COL1A1	SOX10	coexpression_network
primary_recist	melanoma_recist_supported_primary	GSE91061	EcoNiche-Opt-WordNoBioObjective	word_no_bio_objective	myeloid_suppression|myeloid_suppression|CD163|CSF1R|coexpression_network	myeloid_suppression	myeloid_suppression	CD163	CSF1R	coexpression_network
primary_recist	melanoma_recist_supported_primary	GSE91061	EcoNiche-Opt-WordNoBioObjective	word_no_bio_objective	myeloid_suppression|myeloid_suppression|S100A8|S100A9|coexpression_network	myeloid_suppression	myeloid_suppression	S100A8	S100A9	coexpression_network
primary_recist	melanoma_recist_supported_primary	GSE91061	EcoNiche-Opt-WordNoBioObjective	word_no_bio_objective	myeloid_suppression|tcell_dysfunction|CSF1R|PDCD1|coexpression_network	myeloid_suppression	tcell_dysfunction	CSF1R	PDCD1	coexpression_network
primary_recist	melanoma_recist_supported_primary	GSE91061	EcoNiche-Opt-WordNoBioObjective	word_no_bio_objective	myeloid_suppression|tcell_dysfunction|CD163|CTLA4|coexpression_network	myeloid_suppression	tcell_dysfunction	CD163	CTLA4	coexpression_network
primary_recist	melanoma_recist_supported_primary	GSE91061	EcoNiche-Opt-WordNoBioObjective	word_no_bio_objective	myeloid_suppression|tnk_effector|ATP5E,SLMO2,SLMO2-ATP5E|ATP5E,SLMO2,SLMO2-ATP5E|coexpression_network	myeloid_suppression	tnk_effector	ATP5E,SLMO2,SLMO2-ATP5E	ATP5E,SLMO2,SLMO2-ATP5E	coexpression_network
primary_recist	melanoma_recist_supported_primary	GSE91061	EcoNiche-Opt-WordNoBioObjective	word_no_bio_objective	myeloid_suppression|tnk_effector|S100A8|ATP5E,SLMO2,SLMO2-ATP5E|coexpression_network	myeloid_suppression	tnk_effector	S100A8	ATP5E,SLMO2,SLMO2-ATP5E	coexpression_network
primary_recist	melanoma_recist_supported_primary	GSE91061	EcoNiche-Opt-WordNoBioObjective	word_no_bio_objective	myeloid_suppression|tumor_dedifferentiation|MRC1|SOX10|coexpression_network	myeloid_suppression	tumor_dedifferentiation	MRC1	SOX10	coexpression_network
primary_recist	melanoma_recist_supported_primary	GSE91061	EcoNiche-Opt-WordNoBioObjective	word_no_bio_objective	myeloid_suppression|tumor_dedifferentiation|MIR548N,OSBPL6|RPS8,SNORD55|coexpression_network	myeloid_suppression	tumor_dedifferentiation	MIR548N,OSBPL6	RPS8,SNORD55	coexpression_network
primary_recist	melanoma_recist_supported_primary	GSE91061	EcoNiche-Opt-WordNoBioObjective	word_no_bio_objective	tcell_dysfunction|tcell_dysfunction|CXCL13|PDCD1|coexpression_network	tcell_dysfunction	tcell_dysfunction	CXCL13	PDCD1	coexpression_network
primary_recist	melanoma_recist_supported_primary	GSE91061	EcoNiche-Opt-WordNoBioObjective	word_no_bio_objective	tcell_dysfunction|tcell_dysfunction|IGLV2-11|TRAJ6|coexpression_network	tcell_dysfunction	tcell_dysfunction	IGLV2-11	TRAJ6	coexpression_network
primary_recist	melanoma_recist_supported_primary	GSE91061	EcoNiche-Opt-WordNoBioObjective	word_no_bio_objective	tcell_dysfunction|tnk_effector|MIR143,MIR143HG|MIR143,MIR143HG|coexpression_network	tcell_dysfunction	tnk_effector	MIR143,MIR143HG	MIR143,MIR143HG	coexpression_network
primary_recist	melanoma_recist_supported_primary	GSE91061	EcoNiche-Opt-WordNoBioObjective	word_no_bio_objective	tcell_dysfunction|tnk_effector|PDCD1|IFNG|coexpression_network	tcell_dysfunction	tnk_effector	PDCD1	IFNG	coexpression_network
primary_recist	melanoma_recist_supported_primary	GSE91061	EcoNiche-Opt-WordNoBioObjective	word_no_bio_objective	tcell_dysfunction|tumor_dedifferentiation|MIR143,MIR143HG|MIR143,MIR143HG|coexpression_network	tcell_dysfunction	tumor_dedifferentiation	MIR143,MIR143HG	MIR143,MIR143HG	coexpression_network
primary_recist	melanoma_recist_supported_primary	GSE91061	EcoNiche-Opt-WordNoBioObjective	word_no_bio_objective	tcell_dysfunction|tumor_dedifferentiation|TRAJ6|TRAJ10|coexpression_network	tcell_dysfunction	tumor_dedifferentiation	TRAJ6	TRAJ10	coexpression_network
primary_recist	melanoma_recist_supported_primary	GSE91061	EcoNiche-Opt-WordNoBioObjective	word_no_bio_objective	tnk_effector|tnk_effector|CTD-2201I18.1,SERINC5|MIR143,MIR143HG|coexpression_network	tnk_effector	tnk_effector	CTD-2201I18.1,SERINC5	MIR143,MIR143HG	coexpression_network
primary_recist	melanoma_recist_supported_primary	GSE91061	EcoNiche-Opt-WordNoBioObjective	word_no_bio_objective	tnk_effector|tnk_effector|IFNG|TRAJ10|coexpression_network	tnk_effector	tnk_effector	IFNG	TRAJ10	coexpression_network
primary_recist	melanoma_recist_supported_primary	GSE91061	EcoNiche-Opt-WordNoBioObjective	word_no_bio_objective	tnk_effector|tumor_dedifferentiation|MIR143,MIR143HG|MIR143,MIR143HG|coexpression_network	tnk_effector	tumor_dedifferentiation	MIR143,MIR143HG	MIR143,MIR143HG	coexpression_network
primary_recist	melanoma_recist_supported_primary	GSE91061	EcoNiche-Opt-WordNoBioObjective	word_no_bio_objective	tnk_effector|tumor_dedifferentiation|TRAJ10|TRAJ10|coexpression_network	tnk_effector	tumor_dedifferentiation	TRAJ10	TRAJ10	coexpression_network
primary_recist	melanoma_recist_supported_primary	GSE91061	EcoNiche-Opt-WordNoBioObjective	word_no_bio_objective	tumor_dedifferentiation|tumor_dedifferentiation|CASC14,CASC15|RPS8,SNORD55|coexpression_network	tumor_dedifferentiation	tumor_dedifferentiation	CASC14,CASC15	RPS8,SNORD55	coexpression_network
primary_recist	melanoma_recist_supported_primary	GSE91061	EcoNiche-Opt-WordNoBioObjective	word_no_bio_objective	tumor_dedifferentiation|tumor_dedifferentiation|CASC14,CASC15|MITF|coexpression_network	tumor_dedifferentiation	tumor_dedifferentiation	CASC14,CASC15	MITF	coexpression_network
primary_recist	melanoma_recist_supported_primary	GSE78220	EcoNiche-Opt-WordFullGraph	word_full_graph	tcell_dysfunction|tcell_dysfunction|PDCD1|LAG3|checkpoint	tcell_dysfunction	tcell_dysfunction	PDCD1	LAG3	checkpoint
primary_recist	melanoma_recist_supported_primary	GSE78220	EcoNiche-Opt-WordFullGraph	word_full_graph	antigen_presentation_mhc|antigen_presentation_mhc|HLA-A|TAP1|coexpression_network	antigen_presentation_mhc	antigen_presentation_mhc	HLA-A	TAP1	coexpression_network
primary_recist	melanoma_recist_supported_primary	GSE78220	EcoNiche-Opt-WordFullGraph	word_full_graph	antigen_presentation_mhc|antigen_presentation_mhc|LAG3|PDCD1|coexpression_network	antigen_presentation_mhc	antigen_presentation_mhc	LAG3	PDCD1	coexpression_network
primary_recist	melanoma_recist_supported_primary	GSE78220	EcoNiche-Opt-WordFullGraph	word_full_graph	antigen_presentation_mhc|caf_ecm_exclusion|HLA-DRA|TGFB1|coexpression_network	antigen_presentation_mhc	caf_ecm_exclusion	HLA-DRA	TGFB1	coexpression_network
primary_recist	melanoma_recist_supported_primary	GSE78220	EcoNiche-Opt-WordFullGraph	word_full_graph	antigen_presentation_mhc|caf_ecm_exclusion|HLA-A|COL1A2|coexpression_network	antigen_presentation_mhc	caf_ecm_exclusion	HLA-A	COL1A2	coexpression_network
primary_recist	melanoma_recist_supported_primary	GSE78220	EcoNiche-Opt-WordFullGraph	word_full_graph	antigen_presentation_mhc|myeloid_suppression|TAP1|CD68|coexpression_network	antigen_presentation_mhc	myeloid_suppression	TAP1	CD68	coexpression_network
primary_recist	melanoma_recist_supported_primary	GSE78220	EcoNiche-Opt-WordFullGraph	word_full_graph	antigen_presentation_mhc|myeloid_suppression|HLA-A|CD68|coexpression_network	antigen_presentation_mhc	myeloid_suppression	HLA-A	CD68	coexpression_network
primary_recist	melanoma_recist_supported_primary	GSE78220	EcoNiche-Opt-WordFullGraph	word_full_graph	antigen_presentation_mhc|tcell_dysfunction|PDCD1|PDCD1|coexpression_network	antigen_presentation_mhc	tcell_dysfunction	PDCD1	PDCD1	coexpression_network
primary_recist	melanoma_recist_supported_primary	GSE78220	EcoNiche-Opt-WordFullGraph	word_full_graph	antigen_presentation_mhc|tcell_dysfunction|LAG3|PDCD1|coexpression_network	antigen_presentation_mhc	tcell_dysfunction	LAG3	PDCD1	coexpression_network
primary_recist	melanoma_recist_supported_primary	GSE78220	EcoNiche-Opt-WordFullGraph	word_full_graph	antigen_presentation_mhc|tnk_effector|PDCD1|PRF1|coexpression_network	antigen_presentation_mhc	tnk_effector	PDCD1	PRF1	coexpression_network
primary_recist	melanoma_recist_supported_primary	GSE78220	EcoNiche-Opt-WordFullGraph	word_full_graph	antigen_presentation_mhc|tnk_effector|LAG3|PRF1|coexpression_network	antigen_presentation_mhc	tnk_effector	LAG3	PRF1	coexpression_network
primary_recist	melanoma_recist_supported_primary	GSE78220	EcoNiche-Opt-WordFullGraph	word_full_graph	antigen_presentation_mhc|tumor_dedifferentiation|HLA-DRA|AXL|coexpression_network	antigen_presentation_mhc	tumor_dedifferentiation	HLA-DRA	AXL	coexpression_network
primary_recist	melanoma_recist_supported_primary	GSE78220	EcoNiche-Opt-WordFullGraph	word_full_graph	antigen_presentation_mhc|tumor_dedifferentiation|HLA-A|AXL|coexpression_network	antigen_presentation_mhc	tumor_dedifferentiation	HLA-A	AXL	coexpression_network
primary_recist	melanoma_recist_supported_primary	GSE78220	EcoNiche-Opt-WordFullGraph	word_full_graph	caf_ecm_exclusion|caf_ecm_exclusion|COL1A2|FAP|coexpression_network	caf_ecm_exclusion	caf_ecm_exclusion	COL1A2	FAP	coexpression_network
primary_recist	melanoma_recist_supported_primary	GSE78220	EcoNiche-Opt-WordFullGraph	word_full_graph	caf_ecm_exclusion|caf_ecm_exclusion|ACTA2|COL1A2|coexpression_network	caf_ecm_exclusion	caf_ecm_exclusion	ACTA2	COL1A2	coexpression_network
primary_recist	melanoma_recist_supported_primary	GSE78220	EcoNiche-Opt-WordFullGraph	word_full_graph	caf_ecm_exclusion|myeloid_suppression|TGFB1|TGFB1|coexpression_network	caf_ecm_exclusion	myeloid_suppression	TGFB1	TGFB1	coexpression_network
primary_recist	melanoma_recist_supported_primary	GSE78220	EcoNiche-Opt-WordFullGraph	word_full_graph	caf_ecm_exclusion|myeloid_suppression|FAP|TGFB1|coexpression_network	caf_ecm_exclusion	myeloid_suppression	FAP	TGFB1	coexpression_network
primary_recist	melanoma_recist_supported_primary	GSE78220	EcoNiche-Opt-WordFullGraph	word_full_graph	caf_ecm_exclusion|tcell_dysfunction|TGFB1|PDCD1|coexpression_network	caf_ecm_exclusion	tcell_dysfunction	TGFB1	PDCD1	coexpression_network
primary_recist	melanoma_recist_supported_primary	GSE78220	EcoNiche-Opt-WordFullGraph	word_full_graph	caf_ecm_exclusion|tcell_dysfunction|ACTA2|PDCD1|coexpression_network	caf_ecm_exclusion	tcell_dysfunction	ACTA2	PDCD1	coexpression_network
primary_recist	melanoma_recist_supported_primary	GSE78220	EcoNiche-Opt-WordFullGraph	word_full_graph	caf_ecm_exclusion|tnk_effector|TGFB1|PRF1|coexpression_network	caf_ecm_exclusion	tnk_effector	TGFB1	PRF1	coexpression_network
primary_recist	melanoma_recist_supported_primary	GSE78220	EcoNiche-Opt-WordFullGraph	word_full_graph	caf_ecm_exclusion|tnk_effector|TGFB1|CD8B|coexpression_network	caf_ecm_exclusion	tnk_effector	TGFB1	CD8B	coexpression_network
primary_recist	melanoma_recist_supported_primary	GSE78220	EcoNiche-Opt-WordFullGraph	word_full_graph	caf_ecm_exclusion|tumor_dedifferentiation|COL1A2|AXL|coexpression_network	caf_ecm_exclusion	tumor_dedifferentiation	COL1A2	AXL	coexpression_network
primary_recist	melanoma_recist_supported_primary	GSE78220	EcoNiche-Opt-WordFullGraph	word_full_graph	caf_ecm_exclusion|tumor_dedifferentiation|FAP|AXL|coexpression_network	caf_ecm_exclusion	tumor_dedifferentiation	FAP	AXL	coexpression_network
primary_recist	melanoma_recist_supported_primary	GSE78220	EcoNiche-Opt-WordFullGraph	word_full_graph	myeloid_suppression|tcell_dysfunction|LOC441178|GPR111|coexpression_network	myeloid_suppression	tcell_dysfunction	LOC441178	GPR111	coexpression_network
primary_recist	melanoma_recist_supported_primary	GSE78220	EcoNiche-Opt-WordFullGraph	word_full_graph	myeloid_suppression|tcell_dysfunction|LOC441178|LOC101928460|coexpression_network	myeloid_suppression	tcell_dysfunction	LOC441178	LOC101928460	coexpression_network
primary_recist	melanoma_recist_supported_primary	GSE78220	EcoNiche-Opt-WordFullGraph	word_full_graph	myeloid_suppression|tnk_effector|LOC441178|LOC441178|coexpression_network	myeloid_suppression	tnk_effector	LOC441178	LOC441178	coexpression_network
primary_recist	melanoma_recist_supported_primary	GSE78220	EcoNiche-Opt-WordFullGraph	word_full_graph	myeloid_suppression|tnk_effector|LOC441178|BCMO1|coexpression_network	myeloid_suppression	tnk_effector	LOC441178	BCMO1	coexpression_network
primary_recist	melanoma_recist_supported_primary	GSE78220	EcoNiche-Opt-WordFullGraph	word_full_graph	myeloid_suppression|tumor_dedifferentiation|LOC441178|ITGA3|coexpression_network	myeloid_suppression	tumor_dedifferentiation	LOC441178	ITGA3	coexpression_network
primary_recist	melanoma_recist_supported_primary	GSE78220	EcoNiche-Opt-WordFullGraph	word_full_graph	myeloid_suppression|tumor_dedifferentiation|TGFB1|AXL|coexpression_network	myeloid_suppression	tumor_dedifferentiation	TGFB1	AXL	coexpression_network
primary_recist	melanoma_recist_supported_primary	GSE78220	EcoNiche-Opt-WordFullGraph	word_full_graph	tcell_dysfunction|tcell_dysfunction|BCMO1|GPR111|coexpression_network	tcell_dysfunction	tcell_dysfunction	BCMO1	GPR111	coexpression_network
primary_recist	melanoma_recist_supported_primary	GSE78220	EcoNiche-Opt-WordFullGraph	word_full_graph	tcell_dysfunction|tcell_dysfunction|GPR111|LOC101928460|coexpression_network	tcell_dysfunction	tcell_dysfunction	GPR111	LOC101928460	coexpression_network
primary_recist	melanoma_recist_supported_primary	GSE78220	EcoNiche-Opt-WordFullGraph	word_full_graph	tcell_dysfunction|tnk_effector|BCMO1|BCMO1|coexpression_network	tcell_dysfunction	tnk_effector	BCMO1	BCMO1	coexpression_network
primary_recist	melanoma_recist_supported_primary	GSE78220	EcoNiche-Opt-WordFullGraph	word_full_graph	tcell_dysfunction|tnk_effector|GPR111|BCMO1|coexpression_network	tcell_dysfunction	tnk_effector	GPR111	BCMO1	coexpression_network
primary_recist	melanoma_recist_supported_primary	GSE78220	EcoNiche-Opt-WordFullGraph	word_full_graph	tcell_dysfunction|tumor_dedifferentiation|PDCD1|AXL|coexpression_network	tcell_dysfunction	tumor_dedifferentiation	PDCD1	AXL	coexpression_network
primary_recist	melanoma_recist_supported_primary	GSE78220	EcoNiche-Opt-WordFullGraph	word_full_graph	tcell_dysfunction|tumor_dedifferentiation|LOC101926975|LOC100506457|coexpression_network	tcell_dysfunction	tumor_dedifferentiation	LOC101926975	LOC100506457	coexpression_network
primary_recist	melanoma_recist_supported_primary	GSE78220	EcoNiche-Opt-WordFullGraph	word_full_graph	tnk_effector|tnk_effector|CD8A|PRF1|coexpression_network	tnk_effector	tnk_effector	CD8A	PRF1	coexpression_network
primary_recist	melanoma_recist_supported_primary	GSE78220	EcoNiche-Opt-WordFullGraph	word_full_graph	tnk_effector|tnk_effector|CD8A|CD8B|coexpression_network	tnk_effector	tnk_effector	CD8A	CD8B	coexpression_network
primary_recist	melanoma_recist_supported_primary	GSE78220	EcoNiche-Opt-WordFullGraph	word_full_graph	tnk_effector|tumor_dedifferentiation|CD8A|AXL|coexpression_network	tnk_effector	tumor_dedifferentiation	CD8A	AXL	coexpression_network
primary_recist	melanoma_recist_supported_primary	GSE78220	EcoNiche-Opt-WordFullGraph	word_full_graph	tnk_effector|tumor_dedifferentiation|PRF1|AXL|coexpression_network	tnk_effector	tumor_dedifferentiation	PRF1	AXL	coexpression_network
primary_recist	melanoma_recist_supported_primary	GSE78220	EcoNiche-Opt-WordUnsignedGraph	word_unsigned_graph	antigen_presentation_mhc|tnk_effector|HLA-A|B2M|pathway	antigen_presentation_mhc	tnk_effector	HLA-A	B2M	pathway
primary_recist	melanoma_recist_supported_primary	GSE78220	EcoNiche-Opt-WordUnsignedGraph	word_unsigned_graph	tnk_effector|tnk_effector|GZMB|PRF1|pathway	tnk_effector	tnk_effector	GZMB	PRF1	pathway
primary_recist	melanoma_recist_supported_primary	GSE78220	EcoNiche-Opt-WordUnsignedGraph	word_unsigned_graph	tnk_effector|antigen_presentation_mhc|IFNG|HLA-A|regulatory	tnk_effector	antigen_presentation_mhc	IFNG	HLA-A	regulatory
primary_recist	melanoma_recist_supported_primary	GSE78220	EcoNiche-Opt-WordUnsignedGraph	word_unsigned_graph	antigen_presentation_mhc|antigen_presentation_mhc|HLA-A|HLA-C|coexpression_network	antigen_presentation_mhc	antigen_presentation_mhc	HLA-A	HLA-C	coexpression_network
primary_recist	melanoma_recist_supported_primary	GSE78220	EcoNiche-Opt-WordUnsignedGraph	word_unsigned_graph	antigen_presentation_mhc|antigen_presentation_mhc|HLA-B|HLA-C|coexpression_network	antigen_presentation_mhc	antigen_presentation_mhc	HLA-B	HLA-C	coexpression_network
primary_recist	melanoma_recist_supported_primary	GSE78220	EcoNiche-Opt-WordUnsignedGraph	word_unsigned_graph	antigen_presentation_mhc|caf_ecm_exclusion|HLA-B|TGFB1|coexpression_network	antigen_presentation_mhc	caf_ecm_exclusion	HLA-B	TGFB1	coexpression_network
primary_recist	melanoma_recist_supported_primary	GSE78220	EcoNiche-Opt-WordUnsignedGraph	word_unsigned_graph	antigen_presentation_mhc|caf_ecm_exclusion|HLA-A|TGFB1|coexpression_network	antigen_presentation_mhc	caf_ecm_exclusion	HLA-A	TGFB1	coexpression_network
primary_recist	melanoma_recist_supported_primary	GSE78220	EcoNiche-Opt-WordUnsignedGraph	word_unsigned_graph	antigen_presentation_mhc|myeloid_suppression|HLA-B|CSF1R|coexpression_network	antigen_presentation_mhc	myeloid_suppression	HLA-B	CSF1R	coexpression_network
primary_recist	melanoma_recist_supported_primary	GSE78220	EcoNiche-Opt-WordUnsignedGraph	word_unsigned_graph	antigen_presentation_mhc|myeloid_suppression|HLA-B|TGFB1|coexpression_network	antigen_presentation_mhc	myeloid_suppression	HLA-B	TGFB1	coexpression_network
primary_recist	melanoma_recist_supported_primary	GSE78220	EcoNiche-Opt-WordUnsignedGraph	word_unsigned_graph	antigen_presentation_mhc|tcell_dysfunction|PDCD1|PDCD1|coexpression_network	antigen_presentation_mhc	tcell_dysfunction	PDCD1	PDCD1	coexpression_network
primary_recist	melanoma_recist_supported_primary	GSE78220	EcoNiche-Opt-WordUnsignedGraph	word_unsigned_graph	antigen_presentation_mhc|tcell_dysfunction|HLA-A|PDCD1|coexpression_network	antigen_presentation_mhc	tcell_dysfunction	HLA-A	PDCD1	coexpression_network
primary_recist	melanoma_recist_supported_primary	GSE78220	EcoNiche-Opt-WordUnsignedGraph	word_unsigned_graph	antigen_presentation_mhc|tnk_effector|PDCD1|PDCD1|coexpression_network	antigen_presentation_mhc	tnk_effector	PDCD1	PDCD1	coexpression_network
primary_recist	melanoma_recist_supported_primary	GSE78220	EcoNiche-Opt-WordUnsignedGraph	word_unsigned_graph	antigen_presentation_mhc|tnk_effector|PDCD1|PRF1|coexpression_network	antigen_presentation_mhc	tnk_effector	PDCD1	PRF1	coexpression_network
primary_recist	melanoma_recist_supported_primary	GSE78220	EcoNiche-Opt-WordUnsignedGraph	word_unsigned_graph	antigen_presentation_mhc|tumor_dedifferentiation|PDCD1|PDCD1|coexpression_network	antigen_presentation_mhc	tumor_dedifferentiation	PDCD1	PDCD1	coexpression_network
primary_recist	melanoma_recist_supported_primary	GSE78220	EcoNiche-Opt-WordUnsignedGraph	word_unsigned_graph	antigen_presentation_mhc|tumor_dedifferentiation|PDCD1|PRF1|coexpression_network	antigen_presentation_mhc	tumor_dedifferentiation	PDCD1	PRF1	coexpression_network
primary_recist	melanoma_recist_supported_primary	GSE78220	EcoNiche-Opt-WordUnsignedGraph	word_unsigned_graph	caf_ecm_exclusion|caf_ecm_exclusion|FAP|TGFBI|coexpression_network	caf_ecm_exclusion	caf_ecm_exclusion	FAP	TGFBI	coexpression_network
primary_recist	melanoma_recist_supported_primary	GSE78220	EcoNiche-Opt-WordUnsignedGraph	word_unsigned_graph	caf_ecm_exclusion|caf_ecm_exclusion|FAP|POSTN|coexpression_network	caf_ecm_exclusion	caf_ecm_exclusion	FAP	POSTN	coexpression_network
primary_recist	melanoma_recist_supported_primary	GSE78220	EcoNiche-Opt-WordUnsignedGraph	word_unsigned_graph	caf_ecm_exclusion|myeloid_suppression|TGFB1|TGFB1|coexpression_network	caf_ecm_exclusion	myeloid_suppression	TGFB1	TGFB1	coexpression_network
primary_recist	melanoma_recist_supported_primary	GSE78220	EcoNiche-Opt-WordUnsignedGraph	word_unsigned_graph	caf_ecm_exclusion|myeloid_suppression|FAP|CSF1R|coexpression_network	caf_ecm_exclusion	myeloid_suppression	FAP	CSF1R	coexpression_network
primary_recist	melanoma_recist_supported_primary	GSE78220	EcoNiche-Opt-WordUnsignedGraph	word_unsigned_graph	caf_ecm_exclusion|tcell_dysfunction|FAP|HAVCR2|coexpression_network	caf_ecm_exclusion	tcell_dysfunction	FAP	HAVCR2	coexpression_network
primary_recist	melanoma_recist_supported_primary	GSE78220	EcoNiche-Opt-WordUnsignedGraph	word_unsigned_graph	caf_ecm_exclusion|tcell_dysfunction|TGFB1|HAVCR2|coexpression_network	caf_ecm_exclusion	tcell_dysfunction	TGFB1	HAVCR2	coexpression_network
primary_recist	melanoma_recist_supported_primary	GSE78220	EcoNiche-Opt-WordUnsignedGraph	word_unsigned_graph	caf_ecm_exclusion|tnk_effector|TGFB1|PRF1|coexpression_network	caf_ecm_exclusion	tnk_effector	TGFB1	PRF1	coexpression_network
primary_recist	melanoma_recist_supported_primary	GSE78220	EcoNiche-Opt-WordUnsignedGraph	word_unsigned_graph	caf_ecm_exclusion|tnk_effector|TGFB1|CD8B|coexpression_network	caf_ecm_exclusion	tnk_effector	TGFB1	CD8B	coexpression_network
primary_recist	melanoma_recist_supported_primary	GSE78220	EcoNiche-Opt-WordUnsignedGraph	word_unsigned_graph	caf_ecm_exclusion|tumor_dedifferentiation|FAP|SOX10|coexpression_network	caf_ecm_exclusion	tumor_dedifferentiation	FAP	SOX10	coexpression_network
primary_recist	melanoma_recist_supported_primary	GSE78220	EcoNiche-Opt-WordUnsignedGraph	word_unsigned_graph	caf_ecm_exclusion|tumor_dedifferentiation|TGFB1|PRF1|coexpression_network	caf_ecm_exclusion	tumor_dedifferentiation	TGFB1	PRF1	coexpression_network
primary_recist	melanoma_recist_supported_primary	GSE78220	EcoNiche-Opt-WordUnsignedGraph	word_unsigned_graph	myeloid_suppression|myeloid_suppression|CSF1R|TGFB1|coexpression_network	myeloid_suppression	myeloid_suppression	CSF1R	TGFB1	coexpression_network
primary_recist	melanoma_recist_supported_primary	GSE78220	EcoNiche-Opt-WordUnsignedGraph	word_unsigned_graph	myeloid_suppression|tcell_dysfunction|CSF1R|HAVCR2|coexpression_network	myeloid_suppression	tcell_dysfunction	CSF1R	HAVCR2	coexpression_network
primary_recist	melanoma_recist_supported_primary	GSE78220	EcoNiche-Opt-WordUnsignedGraph	word_unsigned_graph	myeloid_suppression|tcell_dysfunction|LOC101927322|LOC100506457|coexpression_network	myeloid_suppression	tcell_dysfunction	LOC101927322	LOC100506457	coexpression_network
primary_recist	melanoma_recist_supported_primary	GSE78220	EcoNiche-Opt-WordUnsignedGraph	word_unsigned_graph	myeloid_suppression|tnk_effector|CSF1R|PRF1|coexpression_network	myeloid_suppression	tnk_effector	CSF1R	PRF1	coexpression_network
primary_recist	melanoma_recist_supported_primary	GSE78220	EcoNiche-Opt-WordUnsignedGraph	word_unsigned_graph	myeloid_suppression|tnk_effector|CSF1R|CD8B|coexpression_network	myeloid_suppression	tnk_effector	CSF1R	CD8B	coexpression_network
primary_recist	melanoma_recist_supported_primary	GSE78220	EcoNiche-Opt-WordUnsignedGraph	word_unsigned_graph	myeloid_suppression|tumor_dedifferentiation|CSF1R|PRF1|coexpression_network	myeloid_suppression	tumor_dedifferentiation	CSF1R	PRF1	coexpression_network
primary_recist	melanoma_recist_supported_primary	GSE78220	EcoNiche-Opt-WordUnsignedGraph	word_unsigned_graph	myeloid_suppression|tumor_dedifferentiation|CSF1R|SOX10|coexpression_network	myeloid_suppression	tumor_dedifferentiation	CSF1R	SOX10	coexpression_network
primary_recist	melanoma_recist_supported_primary	GSE78220	EcoNiche-Opt-WordUnsignedGraph	word_unsigned_graph	tcell_dysfunction|tcell_dysfunction|PDCD1|TOX|coexpression_network	tcell_dysfunction	tcell_dysfunction	PDCD1	TOX	coexpression_network
primary_recist	melanoma_recist_supported_primary	GSE78220	EcoNiche-Opt-WordUnsignedGraph	word_unsigned_graph	tcell_dysfunction|tcell_dysfunction|HAVCR2|PDCD1|coexpression_network	tcell_dysfunction	tcell_dysfunction	HAVCR2	PDCD1	coexpression_network
primary_recist	melanoma_recist_supported_primary	GSE78220	EcoNiche-Opt-WordUnsignedGraph	word_unsigned_graph	tcell_dysfunction|tnk_effector|PDCD1|PDCD1|coexpression_network	tcell_dysfunction	tnk_effector	PDCD1	PDCD1	coexpression_network
primary_recist	melanoma_recist_supported_primary	GSE78220	EcoNiche-Opt-WordUnsignedGraph	word_unsigned_graph	tcell_dysfunction|tnk_effector|PDCD1|PRF1|coexpression_network	tcell_dysfunction	tnk_effector	PDCD1	PRF1	coexpression_network
primary_recist	melanoma_recist_supported_primary	GSE78220	EcoNiche-Opt-WordUnsignedGraph	word_unsigned_graph	tcell_dysfunction|tumor_dedifferentiation|PDCD1|PDCD1|coexpression_network	tcell_dysfunction	tumor_dedifferentiation	PDCD1	PDCD1	coexpression_network
primary_recist	melanoma_recist_supported_primary	GSE78220	EcoNiche-Opt-WordUnsignedGraph	word_unsigned_graph	tcell_dysfunction|tumor_dedifferentiation|PDCD1|PRF1|coexpression_network	tcell_dysfunction	tumor_dedifferentiation	PDCD1	PRF1	coexpression_network
primary_recist	melanoma_recist_supported_primary	GSE78220	EcoNiche-Opt-WordUnsignedGraph	word_unsigned_graph	tnk_effector|tnk_effector|PDCD1|PRF1|coexpression_network	tnk_effector	tnk_effector	PDCD1	PRF1	coexpression_network
primary_recist	melanoma_recist_supported_primary	GSE78220	EcoNiche-Opt-WordUnsignedGraph	word_unsigned_graph	tnk_effector|tnk_effector|CXCL10|CXCL11|coexpression_network	tnk_effector	tnk_effector	CXCL10	CXCL11	coexpression_network
primary_recist	melanoma_recist_supported_primary	GSE78220	EcoNiche-Opt-WordUnsignedGraph	word_unsigned_graph	tnk_effector|tumor_dedifferentiation|PRF1|PRF1|coexpression_network	tnk_effector	tumor_dedifferentiation	PRF1	PRF1	coexpression_network
primary_recist	melanoma_recist_supported_primary	GSE78220	EcoNiche-Opt-WordUnsignedGraph	word_unsigned_graph	tnk_effector|tumor_dedifferentiation|PDCD1|PDCD1|coexpression_network	tnk_effector	tumor_dedifferentiation	PDCD1	PDCD1	coexpression_network
primary_recist	melanoma_recist_supported_primary	GSE78220	EcoNiche-Opt-WordUnsignedGraph	word_unsigned_graph	tumor_dedifferentiation|tumor_dedifferentiation|PDCD1|PRF1|coexpression_network	tumor_dedifferentiation	tumor_dedifferentiation	PDCD1	PRF1	coexpression_network
primary_recist	melanoma_recist_supported_primary	GSE78220	EcoNiche-Opt-WordUnsignedGraph	word_unsigned_graph	tumor_dedifferentiation|tumor_dedifferentiation|PDCD1|SOX10|coexpression_network	tumor_dedifferentiation	tumor_dedifferentiation	PDCD1	SOX10	coexpression_network
primary_recist	melanoma_recist_supported_primary	GSE78220	EcoNiche-Opt-WordNoBioObjective	word_no_bio_objective	antigen_presentation_mhc|tnk_effector|HLA-A|B2M|pathway	antigen_presentation_mhc	tnk_effector	HLA-A	B2M	pathway
primary_recist	melanoma_recist_supported_primary	GSE78220	EcoNiche-Opt-WordNoBioObjective	word_no_bio_objective	antigen_presentation_mhc|antigen_presentation_mhc|PSMB8|TAP1|coexpression_network	antigen_presentation_mhc	antigen_presentation_mhc	PSMB8	TAP1	coexpression_network
primary_recist	melanoma_recist_supported_primary	GSE78220	EcoNiche-Opt-WordNoBioObjective	word_no_bio_objective	antigen_presentation_mhc|antigen_presentation_mhc|HLA-A|PSMB8|coexpression_network	antigen_presentation_mhc	antigen_presentation_mhc	HLA-A	PSMB8	coexpression_network
primary_recist	melanoma_recist_supported_primary	GSE78220	EcoNiche-Opt-WordNoBioObjective	word_no_bio_objective	antigen_presentation_mhc|caf_ecm_exclusion|PSMB8|COL1A2|coexpression_network	antigen_presentation_mhc	caf_ecm_exclusion	PSMB8	COL1A2	coexpression_network
primary_recist	melanoma_recist_supported_primary	GSE78220	EcoNiche-Opt-WordNoBioObjective	word_no_bio_objective	antigen_presentation_mhc|caf_ecm_exclusion|HLA-A|COL1A2|coexpression_network	antigen_presentation_mhc	caf_ecm_exclusion	HLA-A	COL1A2	coexpression_network
primary_recist	melanoma_recist_supported_primary	GSE78220	EcoNiche-Opt-WordNoBioObjective	word_no_bio_objective	antigen_presentation_mhc|myeloid_suppression|PSMB8|CD68|coexpression_network	antigen_presentation_mhc	myeloid_suppression	PSMB8	CD68	coexpression_network
primary_recist	melanoma_recist_supported_primary	GSE78220	EcoNiche-Opt-WordNoBioObjective	word_no_bio_objective	antigen_presentation_mhc|myeloid_suppression|TAP1|CD68|coexpression_network	antigen_presentation_mhc	myeloid_suppression	TAP1	CD68	coexpression_network
primary_recist	melanoma_recist_supported_primary	GSE78220	EcoNiche-Opt-WordNoBioObjective	word_no_bio_objective	antigen_presentation_mhc|tcell_dysfunction|LOC441178|LOC441178|coexpression_network	antigen_presentation_mhc	tcell_dysfunction	LOC441178	LOC441178	coexpression_network
primary_recist	melanoma_recist_supported_primary	GSE78220	EcoNiche-Opt-WordNoBioObjective	word_no_bio_objective	antigen_presentation_mhc|tcell_dysfunction|TAP1|PDCD1|coexpression_network	antigen_presentation_mhc	tcell_dysfunction	TAP1	PDCD1	coexpression_network
primary_recist	melanoma_recist_supported_primary	GSE78220	EcoNiche-Opt-WordNoBioObjective	word_no_bio_objective	antigen_presentation_mhc|tnk_effector|TAP1|PRF1|coexpression_network	antigen_presentation_mhc	tnk_effector	TAP1	PRF1	coexpression_network
primary_recist	melanoma_recist_supported_primary	GSE78220	EcoNiche-Opt-WordNoBioObjective	word_no_bio_objective	antigen_presentation_mhc|tnk_effector|HLA-A|PRF1|coexpression_network	antigen_presentation_mhc	tnk_effector	HLA-A	PRF1	coexpression_network
primary_recist	melanoma_recist_supported_primary	GSE78220	EcoNiche-Opt-WordNoBioObjective	word_no_bio_objective	antigen_presentation_mhc|tumor_dedifferentiation|PSMB8|AXL|coexpression_network	antigen_presentation_mhc	tumor_dedifferentiation	PSMB8	AXL	coexpression_network
primary_recist	melanoma_recist_supported_primary	GSE78220	EcoNiche-Opt-WordNoBioObjective	word_no_bio_objective	antigen_presentation_mhc|tumor_dedifferentiation|HLA-A|AXL|coexpression_network	antigen_presentation_mhc	tumor_dedifferentiation	HLA-A	AXL	coexpression_network
primary_recist	melanoma_recist_supported_primary	GSE78220	EcoNiche-Opt-WordNoBioObjective	word_no_bio_objective	caf_ecm_exclusion|caf_ecm_exclusion|ACTA2|COL1A2|coexpression_network	caf_ecm_exclusion	caf_ecm_exclusion	ACTA2	COL1A2	coexpression_network
primary_recist	melanoma_recist_supported_primary	GSE78220	EcoNiche-Opt-WordNoBioObjective	word_no_bio_objective	caf_ecm_exclusion|caf_ecm_exclusion|COL1A2|POSTN|coexpression_network	caf_ecm_exclusion	caf_ecm_exclusion	COL1A2	POSTN	coexpression_network
primary_recist	melanoma_recist_supported_primary	GSE78220	EcoNiche-Opt-WordNoBioObjective	word_no_bio_objective	caf_ecm_exclusion|myeloid_suppression|TGFB1|TGFB1|coexpression_network	caf_ecm_exclusion	myeloid_suppression	TGFB1	TGFB1	coexpression_network
primary_recist	melanoma_recist_supported_primary	GSE78220	EcoNiche-Opt-WordNoBioObjective	word_no_bio_objective	caf_ecm_exclusion|myeloid_suppression|COL1A2|ITGAM|coexpression_network	caf_ecm_exclusion	myeloid_suppression	COL1A2	ITGAM	coexpression_network
primary_recist	melanoma_recist_supported_primary	GSE78220	EcoNiche-Opt-WordNoBioObjective	word_no_bio_objective	caf_ecm_exclusion|tcell_dysfunction|GPR111|GPR111|coexpression_network	caf_ecm_exclusion	tcell_dysfunction	GPR111	GPR111	coexpression_network
primary_recist	melanoma_recist_supported_primary	GSE78220	EcoNiche-Opt-WordNoBioObjective	word_no_bio_objective	caf_ecm_exclusion|tcell_dysfunction|CXCL12|HAVCR2|coexpression_network	caf_ecm_exclusion	tcell_dysfunction	CXCL12	HAVCR2	coexpression_network
primary_recist	melanoma_recist_supported_primary	GSE78220	EcoNiche-Opt-WordNoBioObjective	word_no_bio_objective	caf_ecm_exclusion|tnk_effector|GPR111|GPR111|coexpression_network	caf_ecm_exclusion	tnk_effector	GPR111	GPR111	coexpression_network
primary_recist	melanoma_recist_supported_primary	GSE78220	EcoNiche-Opt-WordNoBioObjective	word_no_bio_objective	caf_ecm_exclusion|tnk_effector|GPR111|LOC101928372|coexpression_network	caf_ecm_exclusion	tnk_effector	GPR111	LOC101928372	coexpression_network
primary_recist	melanoma_recist_supported_primary	GSE78220	EcoNiche-Opt-WordNoBioObjective	word_no_bio_objective	caf_ecm_exclusion|tumor_dedifferentiation|COL1A2|AXL|coexpression_network	caf_ecm_exclusion	tumor_dedifferentiation	COL1A2	AXL	coexpression_network
primary_recist	melanoma_recist_supported_primary	GSE78220	EcoNiche-Opt-WordNoBioObjective	word_no_bio_objective	caf_ecm_exclusion|tumor_dedifferentiation|ACTA2|AXL|coexpression_network	caf_ecm_exclusion	tumor_dedifferentiation	ACTA2	AXL	coexpression_network
primary_recist	melanoma_recist_supported_primary	GSE78220	EcoNiche-Opt-WordNoBioObjective	word_no_bio_objective	myeloid_suppression|myeloid_suppression|IL10|ITGAM|coexpression_network	myeloid_suppression	myeloid_suppression	IL10	ITGAM	coexpression_network
primary_recist	melanoma_recist_supported_primary	GSE78220	EcoNiche-Opt-WordNoBioObjective	word_no_bio_objective	myeloid_suppression|myeloid_suppression|ITGAM|TGFB1|coexpression_network	myeloid_suppression	myeloid_suppression	ITGAM	TGFB1	coexpression_network
primary_recist	melanoma_recist_supported_primary	GSE78220	EcoNiche-Opt-WordNoBioObjective	word_no_bio_objective	myeloid_suppression|tcell_dysfunction|ITGAM|HAVCR2|coexpression_network	myeloid_suppression	tcell_dysfunction	ITGAM	HAVCR2	coexpression_network
primary_recist	melanoma_recist_supported_primary	GSE78220	EcoNiche-Opt-WordNoBioObjective	word_no_bio_objective	myeloid_suppression|tcell_dysfunction|IL10|HAVCR2|coexpression_network	myeloid_suppression	tcell_dysfunction	IL10	HAVCR2	coexpression_network
primary_recist	melanoma_recist_supported_primary	GSE78220	EcoNiche-Opt-WordNoBioObjective	word_no_bio_objective	myeloid_suppression|tnk_effector|IL10|PRF1|coexpression_network	myeloid_suppression	tnk_effector	IL10	PRF1	coexpression_network
primary_recist	melanoma_recist_supported_primary	GSE78220	EcoNiche-Opt-WordNoBioObjective	word_no_bio_objective	myeloid_suppression|tnk_effector|ITGAM|PRF1|coexpression_network	myeloid_suppression	tnk_effector	ITGAM	PRF1	coexpression_network
primary_recist	melanoma_recist_supported_primary	GSE78220	EcoNiche-Opt-WordNoBioObjective	word_no_bio_objective	myeloid_suppression|tumor_dedifferentiation|ITGAM|AXL|coexpression_network	myeloid_suppression	tumor_dedifferentiation	ITGAM	AXL	coexpression_network
primary_recist	melanoma_recist_supported_primary	GSE78220	EcoNiche-Opt-WordNoBioObjective	word_no_bio_objective	myeloid_suppression|tumor_dedifferentiation|IL10|AXL|coexpression_network	myeloid_suppression	tumor_dedifferentiation	IL10	AXL	coexpression_network
primary_recist	melanoma_recist_supported_primary	GSE78220	EcoNiche-Opt-WordNoBioObjective	word_no_bio_objective	tcell_dysfunction|tcell_dysfunction|PDCD1|PRF1|coexpression_network	tcell_dysfunction	tcell_dysfunction	PDCD1	PRF1	coexpression_network
primary_recist	melanoma_recist_supported_primary	GSE78220	EcoNiche-Opt-WordNoBioObjective	word_no_bio_objective	tcell_dysfunction|tcell_dysfunction|PRF1|TIGIT|coexpression_network	tcell_dysfunction	tcell_dysfunction	PRF1	TIGIT	coexpression_network
primary_recist	melanoma_recist_supported_primary	GSE78220	EcoNiche-Opt-WordNoBioObjective	word_no_bio_objective	tcell_dysfunction|tnk_effector|PRF1|PRF1|coexpression_network	tcell_dysfunction	tnk_effector	PRF1	PRF1	coexpression_network
primary_recist	melanoma_recist_supported_primary	GSE78220	EcoNiche-Opt-WordNoBioObjective	word_no_bio_objective	tcell_dysfunction|tnk_effector|GPR111|GPR111|coexpression_network	tcell_dysfunction	tnk_effector	GPR111	GPR111	coexpression_network
primary_recist	melanoma_recist_supported_primary	GSE78220	EcoNiche-Opt-WordNoBioObjective	word_no_bio_objective	tcell_dysfunction|tumor_dedifferentiation|HAVCR2|AXL|coexpression_network	tcell_dysfunction	tumor_dedifferentiation	HAVCR2	AXL	coexpression_network
primary_recist	melanoma_recist_supported_primary	GSE78220	EcoNiche-Opt-WordNoBioObjective	word_no_bio_objective	tcell_dysfunction|tumor_dedifferentiation|PRF1|AXL|coexpression_network	tcell_dysfunction	tumor_dedifferentiation	PRF1	AXL	coexpression_network
primary_recist	melanoma_recist_supported_primary	GSE78220	EcoNiche-Opt-WordNoBioObjective	word_no_bio_objective	tnk_effector|tnk_effector|GPR111|LOC101928372|coexpression_network	tnk_effector	tnk_effector	GPR111	LOC101928372	coexpression_network
primary_recist	melanoma_recist_supported_primary	GSE78220	EcoNiche-Opt-WordNoBioObjective	word_no_bio_objective	tnk_effector|tumor_dedifferentiation|PRF1|AXL|coexpression_network	tnk_effector	tumor_dedifferentiation	PRF1	AXL	coexpression_network
primary_recist	melanoma_recist_supported_primary	GSE78220	EcoNiche-Opt-WordNoBioObjective	word_no_bio_objective	tnk_effector|tumor_dedifferentiation|GPR111|MITF|coexpression_network	tnk_effector	tumor_dedifferentiation	GPR111	MITF	coexpression_network
primary_recist	melanoma_recist_supported_primary	GSE145996	EcoNiche-Opt-WordFullGraph	word_full_graph	antigen_presentation_mhc|antigen_presentation_mhc|PSMB9|TAP2|coexpression_network	antigen_presentation_mhc	antigen_presentation_mhc	PSMB9	TAP2	coexpression_network
primary_recist	melanoma_recist_supported_primary	GSE145996	EcoNiche-Opt-WordFullGraph	word_full_graph	antigen_presentation_mhc|antigen_presentation_mhc|HLA-DRB1|PSMB9|coexpression_network	antigen_presentation_mhc	antigen_presentation_mhc	HLA-DRB1	PSMB9	coexpression_network
primary_recist	melanoma_recist_supported_primary	GSE145996	EcoNiche-Opt-WordFullGraph	word_full_graph	antigen_presentation_mhc|caf_ecm_exclusion|IGHGP|VIM|coexpression_network	antigen_presentation_mhc	caf_ecm_exclusion	IGHGP	VIM	coexpression_network
primary_recist	melanoma_recist_supported_primary	GSE145996	EcoNiche-Opt-WordFullGraph	word_full_graph	antigen_presentation_mhc|caf_ecm_exclusion|HLA-DRB1|TGFBI|coexpression_network	antigen_presentation_mhc	caf_ecm_exclusion	HLA-DRB1	TGFBI	coexpression_network
primary_recist	melanoma_recist_supported_primary	GSE145996	EcoNiche-Opt-WordFullGraph	word_full_graph	antigen_presentation_mhc|myeloid_suppression|IGHGP|IGKV4-1|coexpression_network	antigen_presentation_mhc	myeloid_suppression	IGHGP	IGKV4-1	coexpression_network
primary_recist	melanoma_recist_supported_primary	GSE145996	EcoNiche-Opt-WordFullGraph	word_full_graph	antigen_presentation_mhc|myeloid_suppression|IGHV6-1|IGKV4-1|coexpression_network	antigen_presentation_mhc	myeloid_suppression	IGHV6-1	IGKV4-1	coexpression_network
primary_recist	melanoma_recist_supported_primary	GSE145996	EcoNiche-Opt-WordFullGraph	word_full_graph	antigen_presentation_mhc|tcell_dysfunction|PSMB9|PDCD1|coexpression_network	antigen_presentation_mhc	tcell_dysfunction	PSMB9	PDCD1	coexpression_network
primary_recist	melanoma_recist_supported_primary	GSE145996	EcoNiche-Opt-WordFullGraph	word_full_graph	antigen_presentation_mhc|tcell_dysfunction|IFNG|PDCD1|coexpression_network	antigen_presentation_mhc	tcell_dysfunction	IFNG	PDCD1	coexpression_network
primary_recist	melanoma_recist_supported_primary	GSE145996	EcoNiche-Opt-WordFullGraph	word_full_graph	antigen_presentation_mhc|tnk_effector|IFNG|IFNG|coexpression_network	antigen_presentation_mhc	tnk_effector	IFNG	IFNG	coexpression_network
primary_recist	melanoma_recist_supported_primary	GSE145996	EcoNiche-Opt-WordFullGraph	word_full_graph	antigen_presentation_mhc|tnk_effector|IFNG|CD8A|coexpression_network	antigen_presentation_mhc	tnk_effector	IFNG	CD8A	coexpression_network
primary_recist	melanoma_recist_supported_primary	GSE145996	EcoNiche-Opt-WordFullGraph	word_full_graph	antigen_presentation_mhc|tumor_dedifferentiation|IGHGP|IGKV1-17|coexpression_network	antigen_presentation_mhc	tumor_dedifferentiation	IGHGP	IGKV1-17	coexpression_network
primary_recist	melanoma_recist_supported_primary	GSE145996	EcoNiche-Opt-WordFullGraph	word_full_graph	antigen_presentation_mhc|tumor_dedifferentiation|IFNG|IGKV1-17|coexpression_network	antigen_presentation_mhc	tumor_dedifferentiation	IFNG	IGKV1-17	coexpression_network
primary_recist	melanoma_recist_supported_primary	GSE145996	EcoNiche-Opt-WordFullGraph	word_full_graph	caf_ecm_exclusion|caf_ecm_exclusion|LOXL2|TGFBI|coexpression_network	caf_ecm_exclusion	caf_ecm_exclusion	LOXL2	TGFBI	coexpression_network
primary_recist	melanoma_recist_supported_primary	GSE145996	EcoNiche-Opt-WordFullGraph	word_full_graph	caf_ecm_exclusion|caf_ecm_exclusion|LOC102724050|LOXL2|coexpression_network	caf_ecm_exclusion	caf_ecm_exclusion	LOC102724050	LOXL2	coexpression_network
primary_recist	melanoma_recist_supported_primary	GSE145996	EcoNiche-Opt-WordFullGraph	word_full_graph	caf_ecm_exclusion|myeloid_suppression|LOC102724050|LOC101927356|coexpression_network	caf_ecm_exclusion	myeloid_suppression	LOC102724050	LOC101927356	coexpression_network
primary_recist	melanoma_recist_supported_primary	GSE145996	EcoNiche-Opt-WordFullGraph	word_full_graph	caf_ecm_exclusion|myeloid_suppression|TGFBI|LOC101927356|coexpression_network	caf_ecm_exclusion	myeloid_suppression	TGFBI	LOC101927356	coexpression_network
primary_recist	melanoma_recist_supported_primary	GSE145996	EcoNiche-Opt-WordFullGraph	word_full_graph	caf_ecm_exclusion|tcell_dysfunction|LOC102724050|LOC101927356|coexpression_network	caf_ecm_exclusion	tcell_dysfunction	LOC102724050	LOC101927356	coexpression_network
primary_recist	melanoma_recist_supported_primary	GSE145996	EcoNiche-Opt-WordFullGraph	word_full_graph	caf_ecm_exclusion|tcell_dysfunction|TGFBI|LOC101927356|coexpression_network	caf_ecm_exclusion	tcell_dysfunction	TGFBI	LOC101927356	coexpression_network
primary_recist	melanoma_recist_supported_primary	GSE145996	EcoNiche-Opt-WordFullGraph	word_full_graph	caf_ecm_exclusion|tumor_dedifferentiation|VIM|VIM|coexpression_network	caf_ecm_exclusion	tumor_dedifferentiation	VIM	VIM	coexpression_network
primary_recist	melanoma_recist_supported_primary	GSE145996	EcoNiche-Opt-WordFullGraph	word_full_graph	caf_ecm_exclusion|tumor_dedifferentiation|LOC102724050|LOC102724050|coexpression_network	caf_ecm_exclusion	tumor_dedifferentiation	LOC102724050	LOC102724050	coexpression_network
primary_recist	melanoma_recist_supported_primary	GSE145996	EcoNiche-Opt-WordFullGraph	word_full_graph	myeloid_suppression|myeloid_suppression|CD68|MRC1|coexpression_network	myeloid_suppression	myeloid_suppression	CD68	MRC1	coexpression_network
primary_recist	melanoma_recist_supported_primary	GSE145996	EcoNiche-Opt-WordFullGraph	word_full_graph	myeloid_suppression|myeloid_suppression|IGHD2-15|IGHD2-2|coexpression_network	myeloid_suppression	myeloid_suppression	IGHD2-15	IGHD2-2	coexpression_network
primary_recist	melanoma_recist_supported_primary	GSE145996	EcoNiche-Opt-WordFullGraph	word_full_graph	myeloid_suppression|tcell_dysfunction|RP11-33B1|RP11-33B1|coexpression_network	myeloid_suppression	tcell_dysfunction	RP11-33B1	RP11-33B1	coexpression_network
primary_recist	melanoma_recist_supported_primary	GSE145996	EcoNiche-Opt-WordFullGraph	word_full_graph	myeloid_suppression|tcell_dysfunction|LOC101927356|LOC101927356|coexpression_network	myeloid_suppression	tcell_dysfunction	LOC101927356	LOC101927356	coexpression_network
primary_recist	melanoma_recist_supported_primary	GSE145996	EcoNiche-Opt-WordFullGraph	word_full_graph	myeloid_suppression|tnk_effector|IGKV4-1|CD8A|coexpression_network	myeloid_suppression	tnk_effector	IGKV4-1	CD8A	coexpression_network
primary_recist	melanoma_recist_supported_primary	GSE145996	EcoNiche-Opt-WordFullGraph	word_full_graph	myeloid_suppression|tnk_effector|IGKV4-1|GZMA|coexpression_network	myeloid_suppression	tnk_effector	IGKV4-1	GZMA	coexpression_network
primary_recist	melanoma_recist_supported_primary	GSE145996	EcoNiche-Opt-WordFullGraph	word_full_graph	myeloid_suppression|tumor_dedifferentiation|RP11-33B1|RP11-33B1|coexpression_network	myeloid_suppression	tumor_dedifferentiation	RP11-33B1	RP11-33B1	coexpression_network
primary_recist	melanoma_recist_supported_primary	GSE145996	EcoNiche-Opt-WordFullGraph	word_full_graph	myeloid_suppression|tumor_dedifferentiation|IGKV4-1|IGKV1-17|coexpression_network	myeloid_suppression	tumor_dedifferentiation	IGKV4-1	IGKV1-17	coexpression_network
primary_recist	melanoma_recist_supported_primary	GSE145996	EcoNiche-Opt-WordFullGraph	word_full_graph	tcell_dysfunction|tcell_dysfunction|IGLV1-40|IGLV2-11|coexpression_network	tcell_dysfunction	tcell_dysfunction	IGLV1-40	IGLV2-11	coexpression_network
primary_recist	melanoma_recist_supported_primary	GSE145996	EcoNiche-Opt-WordFullGraph	word_full_graph	tcell_dysfunction|tcell_dysfunction|PDCD1|TIGIT|coexpression_network	tcell_dysfunction	tcell_dysfunction	PDCD1	TIGIT	coexpression_network
primary_recist	melanoma_recist_supported_primary	GSE145996	EcoNiche-Opt-WordFullGraph	word_full_graph	tcell_dysfunction|tnk_effector|PDCD1|CD8A|coexpression_network	tcell_dysfunction	tnk_effector	PDCD1	CD8A	coexpression_network
primary_recist	melanoma_recist_supported_primary	GSE145996	EcoNiche-Opt-WordFullGraph	word_full_graph	tcell_dysfunction|tnk_effector|TIGIT|GZMA|coexpression_network	tcell_dysfunction	tnk_effector	TIGIT	GZMA	coexpression_network
primary_recist	melanoma_recist_supported_primary	GSE145996	EcoNiche-Opt-WordFullGraph	word_full_graph	tcell_dysfunction|tumor_dedifferentiation|RP11-33B1|RP11-33B1|coexpression_network	tcell_dysfunction	tumor_dedifferentiation	RP11-33B1	RP11-33B1	coexpression_network
primary_recist	melanoma_recist_supported_primary	GSE145996	EcoNiche-Opt-WordFullGraph	word_full_graph	tcell_dysfunction|tumor_dedifferentiation|IGLV1-40|IGKV1-17|coexpression_network	tcell_dysfunction	tumor_dedifferentiation	IGLV1-40	IGKV1-17	coexpression_network
primary_recist	melanoma_recist_supported_primary	GSE145996	EcoNiche-Opt-WordFullGraph	word_full_graph	tnk_effector|tnk_effector|CD8A|IFNG|coexpression_network	tnk_effector	tnk_effector	CD8A	IFNG	coexpression_network
primary_recist	melanoma_recist_supported_primary	GSE145996	EcoNiche-Opt-WordFullGraph	word_full_graph	tnk_effector|tnk_effector|CD8A|GZMA|coexpression_network	tnk_effector	tnk_effector	CD8A	GZMA	coexpression_network
primary_recist	melanoma_recist_supported_primary	GSE145996	EcoNiche-Opt-WordFullGraph	word_full_graph	tnk_effector|tumor_dedifferentiation|IFNG|IGKV1-17|coexpression_network	tnk_effector	tumor_dedifferentiation	IFNG	IGKV1-17	coexpression_network
primary_recist	melanoma_recist_supported_primary	GSE145996	EcoNiche-Opt-WordFullGraph	word_full_graph	tnk_effector|tumor_dedifferentiation|CD8A|IGKV1-17|coexpression_network	tnk_effector	tumor_dedifferentiation	CD8A	IGKV1-17	coexpression_network
primary_recist	melanoma_recist_supported_primary	GSE145996	EcoNiche-Opt-WordUnsignedGraph	word_unsigned_graph	antigen_presentation_mhc|antigen_presentation_mhc|HLA-C|TAP1|coexpression_network	antigen_presentation_mhc	antigen_presentation_mhc	HLA-C	TAP1	coexpression_network
primary_recist	melanoma_recist_supported_primary	GSE145996	EcoNiche-Opt-WordUnsignedGraph	word_unsigned_graph	antigen_presentation_mhc|antigen_presentation_mhc|PSMB9|TAP1|coexpression_network	antigen_presentation_mhc	antigen_presentation_mhc	PSMB9	TAP1	coexpression_network
primary_recist	melanoma_recist_supported_primary	GSE145996	EcoNiche-Opt-WordUnsignedGraph	word_unsigned_graph	antigen_presentation_mhc|caf_ecm_exclusion|HLA-DRB1|COL3A1|coexpression_network	antigen_presentation_mhc	caf_ecm_exclusion	HLA-DRB1	COL3A1	coexpression_network
primary_recist	melanoma_recist_supported_primary	GSE145996	EcoNiche-Opt-WordUnsignedGraph	word_unsigned_graph	antigen_presentation_mhc|caf_ecm_exclusion|TAP1|COL3A1|coexpression_network	antigen_presentation_mhc	caf_ecm_exclusion	TAP1	COL3A1	coexpression_network
primary_recist	melanoma_recist_supported_primary	GSE145996	EcoNiche-Opt-WordUnsignedGraph	word_unsigned_graph	antigen_presentation_mhc|myeloid_suppression|TAP1|MRC1|coexpression_network	antigen_presentation_mhc	myeloid_suppression	TAP1	MRC1	coexpression_network
primary_recist	melanoma_recist_supported_primary	GSE145996	EcoNiche-Opt-WordUnsignedGraph	word_unsigned_graph	antigen_presentation_mhc|myeloid_suppression|HLA-C|MRC1|coexpression_network	antigen_presentation_mhc	myeloid_suppression	HLA-C	MRC1	coexpression_network
primary_recist	melanoma_recist_supported_primary	GSE145996	EcoNiche-Opt-WordUnsignedGraph	word_unsigned_graph	antigen_presentation_mhc|tcell_dysfunction|RP11-444B24|RP11-444B24|coexpression_network	antigen_presentation_mhc	tcell_dysfunction	RP11-444B24	RP11-444B24	coexpression_network
primary_recist	melanoma_recist_supported_primary	GSE145996	EcoNiche-Opt-WordUnsignedGraph	word_unsigned_graph	antigen_presentation_mhc|tcell_dysfunction|PSMB9|PDCD1|coexpression_network	antigen_presentation_mhc	tcell_dysfunction	PSMB9	PDCD1	coexpression_network
primary_recist	melanoma_recist_supported_primary	GSE145996	EcoNiche-Opt-WordUnsignedGraph	word_unsigned_graph	antigen_presentation_mhc|tnk_effector|TRAJ6|TRAJ6|coexpression_network	antigen_presentation_mhc	tnk_effector	TRAJ6	TRAJ6	coexpression_network
primary_recist	melanoma_recist_supported_primary	GSE145996	EcoNiche-Opt-WordUnsignedGraph	word_unsigned_graph	antigen_presentation_mhc|tnk_effector|PSMB9|IFNG|coexpression_network	antigen_presentation_mhc	tnk_effector	PSMB9	IFNG	coexpression_network
primary_recist	melanoma_recist_supported_primary	GSE145996	EcoNiche-Opt-WordUnsignedGraph	word_unsigned_graph	antigen_presentation_mhc|tumor_dedifferentiation|TRAJ6|TRAJ6|coexpression_network	antigen_presentation_mhc	tumor_dedifferentiation	TRAJ6	TRAJ6	coexpression_network
primary_recist	melanoma_recist_supported_primary	GSE145996	EcoNiche-Opt-WordUnsignedGraph	word_unsigned_graph	antigen_presentation_mhc|tumor_dedifferentiation|PSMB9|IGKV4-1|coexpression_network	antigen_presentation_mhc	tumor_dedifferentiation	PSMB9	IGKV4-1	coexpression_network
primary_recist	melanoma_recist_supported_primary	GSE145996	EcoNiche-Opt-WordUnsignedGraph	word_unsigned_graph	caf_ecm_exclusion|caf_ecm_exclusion|COL3A1|CXCL12|coexpression_network	caf_ecm_exclusion	caf_ecm_exclusion	COL3A1	CXCL12	coexpression_network
primary_recist	melanoma_recist_supported_primary	GSE145996	EcoNiche-Opt-WordUnsignedGraph	word_unsigned_graph	caf_ecm_exclusion|myeloid_suppression|COL3A1|MRC1|coexpression_network	caf_ecm_exclusion	myeloid_suppression	COL3A1	MRC1	coexpression_network
primary_recist	melanoma_recist_supported_primary	GSE145996	EcoNiche-Opt-WordUnsignedGraph	word_unsigned_graph	caf_ecm_exclusion|myeloid_suppression|CXCL12|TGFB1|coexpression_network	caf_ecm_exclusion	myeloid_suppression	CXCL12	TGFB1	coexpression_network
primary_recist	melanoma_recist_supported_primary	GSE145996	EcoNiche-Opt-WordUnsignedGraph	word_unsigned_graph	caf_ecm_exclusion|tcell_dysfunction|COL3A1|LOC101927356|coexpression_network	caf_ecm_exclusion	tcell_dysfunction	COL3A1	LOC101927356	coexpression_network
primary_recist	melanoma_recist_supported_primary	GSE145996	EcoNiche-Opt-WordUnsignedGraph	word_unsigned_graph	caf_ecm_exclusion|tcell_dysfunction|CXCL12|PDCD1|coexpression_network	caf_ecm_exclusion	tcell_dysfunction	CXCL12	PDCD1	coexpression_network
primary_recist	melanoma_recist_supported_primary	GSE145996	EcoNiche-Opt-WordUnsignedGraph	word_unsigned_graph	caf_ecm_exclusion|tnk_effector|CXCL12|IFNG|coexpression_network	caf_ecm_exclusion	tnk_effector	CXCL12	IFNG	coexpression_network
primary_recist	melanoma_recist_supported_primary	GSE145996	EcoNiche-Opt-WordUnsignedGraph	word_unsigned_graph	caf_ecm_exclusion|tnk_effector|CXCL12|CCL5|coexpression_network	caf_ecm_exclusion	tnk_effector	CXCL12	CCL5	coexpression_network
primary_recist	melanoma_recist_supported_primary	GSE145996	EcoNiche-Opt-WordUnsignedGraph	word_unsigned_graph	caf_ecm_exclusion|tumor_dedifferentiation|VIM|VIM|coexpression_network	caf_ecm_exclusion	tumor_dedifferentiation	VIM	VIM	coexpression_network
primary_recist	melanoma_recist_supported_primary	GSE145996	EcoNiche-Opt-WordUnsignedGraph	word_unsigned_graph	caf_ecm_exclusion|tumor_dedifferentiation|COL3A1|NGFR|coexpression_network	caf_ecm_exclusion	tumor_dedifferentiation	COL3A1	NGFR	coexpression_network
primary_recist	melanoma_recist_supported_primary	GSE145996	EcoNiche-Opt-WordUnsignedGraph	word_unsigned_graph	myeloid_suppression|myeloid_suppression|MRC1|TGFB1|coexpression_network	myeloid_suppression	myeloid_suppression	MRC1	TGFB1	coexpression_network
primary_recist	melanoma_recist_supported_primary	GSE145996	EcoNiche-Opt-WordUnsignedGraph	word_unsigned_graph	myeloid_suppression|tcell_dysfunction|IGHD3-10|TRAJ1|coexpression_network	myeloid_suppression	tcell_dysfunction	IGHD3-10	TRAJ1	coexpression_network
primary_recist	melanoma_recist_supported_primary	GSE145996	EcoNiche-Opt-WordUnsignedGraph	word_unsigned_graph	myeloid_suppression|tcell_dysfunction|MRC1|PDCD1|coexpression_network	myeloid_suppression	tcell_dysfunction	MRC1	PDCD1	coexpression_network
primary_recist	melanoma_recist_supported_primary	GSE145996	EcoNiche-Opt-WordUnsignedGraph	word_unsigned_graph	myeloid_suppression|tnk_effector|IGHD3-10|IFNG|coexpression_network	myeloid_suppression	tnk_effector	IGHD3-10	IFNG	coexpression_network
primary_recist	melanoma_recist_supported_primary	GSE145996	EcoNiche-Opt-WordUnsignedGraph	word_unsigned_graph	myeloid_suppression|tnk_effector|IGHD3-10|IGHD2-15|coexpression_network	myeloid_suppression	tnk_effector	IGHD3-10	IGHD2-15	coexpression_network
primary_recist	melanoma_recist_supported_primary	GSE145996	EcoNiche-Opt-WordUnsignedGraph	word_unsigned_graph	myeloid_suppression|tumor_dedifferentiation|IGHD3-10|IGHD3-10|coexpression_network	myeloid_suppression	tumor_dedifferentiation	IGHD3-10	IGHD3-10	coexpression_network
primary_recist	melanoma_recist_supported_primary	GSE145996	EcoNiche-Opt-WordUnsignedGraph	word_unsigned_graph	myeloid_suppression|tumor_dedifferentiation|IGHD3-10|IGKV4-1|coexpression_network	myeloid_suppression	tumor_dedifferentiation	IGHD3-10	IGKV4-1	coexpression_network
primary_recist	melanoma_recist_supported_primary	GSE145996	EcoNiche-Opt-WordUnsignedGraph	word_unsigned_graph	tcell_dysfunction|tcell_dysfunction|PDCD1|TRAJ1|coexpression_network	tcell_dysfunction	tcell_dysfunction	PDCD1	TRAJ1	coexpression_network
primary_recist	melanoma_recist_supported_primary	GSE145996	EcoNiche-Opt-WordUnsignedGraph	word_unsigned_graph	tcell_dysfunction|tcell_dysfunction|LOC101927356|LOC102724050|coexpression_network	tcell_dysfunction	tcell_dysfunction	LOC101927356	LOC102724050	coexpression_network
primary_recist	melanoma_recist_supported_primary	GSE145996	EcoNiche-Opt-WordUnsignedGraph	word_unsigned_graph	tcell_dysfunction|tnk_effector|PDCD1|IFNG|coexpression_network	tcell_dysfunction	tnk_effector	PDCD1	IFNG	coexpression_network
primary_recist	melanoma_recist_supported_primary	GSE145996	EcoNiche-Opt-WordUnsignedGraph	word_unsigned_graph	tcell_dysfunction|tnk_effector|TRAJ1|CCL5|coexpression_network	tcell_dysfunction	tnk_effector	TRAJ1	CCL5	coexpression_network
primary_recist	melanoma_recist_supported_primary	GSE145996	EcoNiche-Opt-WordUnsignedGraph	word_unsigned_graph	tcell_dysfunction|tumor_dedifferentiation|PDCD1|IGKV4-1|coexpression_network	tcell_dysfunction	tumor_dedifferentiation	PDCD1	IGKV4-1	coexpression_network
primary_recist	melanoma_recist_supported_primary	GSE145996	EcoNiche-Opt-WordUnsignedGraph	word_unsigned_graph	tcell_dysfunction|tumor_dedifferentiation|TRAJ1|IGHD3-10|coexpression_network	tcell_dysfunction	tumor_dedifferentiation	TRAJ1	IGHD3-10	coexpression_network
primary_recist	melanoma_recist_supported_primary	GSE145996	EcoNiche-Opt-WordUnsignedGraph	word_unsigned_graph	tnk_effector|tnk_effector|CXCL10|CXCL9|coexpression_network	tnk_effector	tnk_effector	CXCL10	CXCL9	coexpression_network
primary_recist	melanoma_recist_supported_primary	GSE145996	EcoNiche-Opt-WordUnsignedGraph	word_unsigned_graph	tnk_effector|tnk_effector|CCL5|NKG7|coexpression_network	tnk_effector	tnk_effector	CCL5	NKG7	coexpression_network
primary_recist	melanoma_recist_supported_primary	GSE145996	EcoNiche-Opt-WordUnsignedGraph	word_unsigned_graph	tnk_effector|tumor_dedifferentiation|TRAJ6|TRAJ6|coexpression_network	tnk_effector	tumor_dedifferentiation	TRAJ6	TRAJ6	coexpression_network
primary_recist	melanoma_recist_supported_primary	GSE145996	EcoNiche-Opt-WordUnsignedGraph	word_unsigned_graph	tnk_effector|tumor_dedifferentiation|CCL5|IGKV4-1|coexpression_network	tnk_effector	tumor_dedifferentiation	CCL5	IGKV4-1	coexpression_network
primary_recist	melanoma_recist_supported_primary	GSE145996	EcoNiche-Opt-WordUnsignedGraph	word_unsigned_graph	tumor_dedifferentiation|tumor_dedifferentiation|IGKV1-17|IGKV4-1|coexpression_network	tumor_dedifferentiation	tumor_dedifferentiation	IGKV1-17	IGKV4-1	coexpression_network
primary_recist	melanoma_recist_supported_primary	GSE145996	EcoNiche-Opt-WordUnsignedGraph	word_unsigned_graph	tumor_dedifferentiation|tumor_dedifferentiation|IGHD3-10|IGKV4-1|coexpression_network	tumor_dedifferentiation	tumor_dedifferentiation	IGHD3-10	IGKV4-1	coexpression_network
primary_recist	melanoma_recist_supported_primary	GSE145996	EcoNiche-Opt-WordNoBioObjective	word_no_bio_objective	antigen_presentation_mhc|antigen_presentation_mhc|PSMB8|PSMB9|coexpression_network	antigen_presentation_mhc	antigen_presentation_mhc	PSMB8	PSMB9	coexpression_network
primary_recist	melanoma_recist_supported_primary	GSE145996	EcoNiche-Opt-WordNoBioObjective	word_no_bio_objective	antigen_presentation_mhc|antigen_presentation_mhc|HLA-B|PSMB8|coexpression_network	antigen_presentation_mhc	antigen_presentation_mhc	HLA-B	PSMB8	coexpression_network
primary_recist	melanoma_recist_supported_primary	GSE145996	EcoNiche-Opt-WordNoBioObjective	word_no_bio_objective	antigen_presentation_mhc|caf_ecm_exclusion|PSMB8|ACTA2|coexpression_network	antigen_presentation_mhc	caf_ecm_exclusion	PSMB8	ACTA2	coexpression_network
primary_recist	melanoma_recist_supported_primary	GSE145996	EcoNiche-Opt-WordNoBioObjective	word_no_bio_objective	antigen_presentation_mhc|caf_ecm_exclusion|PSMB9|ACTA2|coexpression_network	antigen_presentation_mhc	caf_ecm_exclusion	PSMB9	ACTA2	coexpression_network
primary_recist	melanoma_recist_supported_primary	GSE145996	EcoNiche-Opt-WordNoBioObjective	word_no_bio_objective	antigen_presentation_mhc|myeloid_suppression|PSMB9|PDCD1|coexpression_network	antigen_presentation_mhc	myeloid_suppression	PSMB9	PDCD1	coexpression_network
primary_recist	melanoma_recist_supported_primary	GSE145996	EcoNiche-Opt-WordNoBioObjective	word_no_bio_objective	antigen_presentation_mhc|myeloid_suppression|PSMB8|MRC1|coexpression_network	antigen_presentation_mhc	myeloid_suppression	PSMB8	MRC1	coexpression_network
primary_recist	melanoma_recist_supported_primary	GSE145996	EcoNiche-Opt-WordNoBioObjective	word_no_bio_objective	antigen_presentation_mhc|tcell_dysfunction|PSMB9|PDCD1|coexpression_network	antigen_presentation_mhc	tcell_dysfunction	PSMB9	PDCD1	coexpression_network
primary_recist	melanoma_recist_supported_primary	GSE145996	EcoNiche-Opt-WordNoBioObjective	word_no_bio_objective	antigen_presentation_mhc|tcell_dysfunction|PSMB8|PDCD1|coexpression_network	antigen_presentation_mhc	tcell_dysfunction	PSMB8	PDCD1	coexpression_network
primary_recist	melanoma_recist_supported_primary	GSE145996	EcoNiche-Opt-WordNoBioObjective	word_no_bio_objective	antigen_presentation_mhc|tnk_effector|PSMB9|IFNG|coexpression_network	antigen_presentation_mhc	tnk_effector	PSMB9	IFNG	coexpression_network
primary_recist	melanoma_recist_supported_primary	GSE145996	EcoNiche-Opt-WordNoBioObjective	word_no_bio_objective	antigen_presentation_mhc|tnk_effector|HLA-B|IFNG|coexpression_network	antigen_presentation_mhc	tnk_effector	HLA-B	IFNG	coexpression_network
primary_recist	melanoma_recist_supported_primary	GSE145996	EcoNiche-Opt-WordNoBioObjective	word_no_bio_objective	antigen_presentation_mhc|tumor_dedifferentiation|PSMB8|SOX10|coexpression_network	antigen_presentation_mhc	tumor_dedifferentiation	PSMB8	SOX10	coexpression_network
primary_recist	melanoma_recist_supported_primary	GSE145996	EcoNiche-Opt-WordNoBioObjective	word_no_bio_objective	antigen_presentation_mhc|tumor_dedifferentiation|HLA-B|SOX10|coexpression_network	antigen_presentation_mhc	tumor_dedifferentiation	HLA-B	SOX10	coexpression_network
primary_recist	melanoma_recist_supported_primary	GSE145996	EcoNiche-Opt-WordNoBioObjective	word_no_bio_objective	caf_ecm_exclusion|caf_ecm_exclusion|ACTA2|TGFBI|coexpression_network	caf_ecm_exclusion	caf_ecm_exclusion	ACTA2	TGFBI	coexpression_network
primary_recist	melanoma_recist_supported_primary	GSE145996	EcoNiche-Opt-WordNoBioObjective	word_no_bio_objective	caf_ecm_exclusion|myeloid_suppression|ACTA2|MRC1|coexpression_network	caf_ecm_exclusion	myeloid_suppression	ACTA2	MRC1	coexpression_network
primary_recist	melanoma_recist_supported_primary	GSE145996	EcoNiche-Opt-WordNoBioObjective	word_no_bio_objective	caf_ecm_exclusion|myeloid_suppression|TRAJ6|PDCD1|coexpression_network	caf_ecm_exclusion	myeloid_suppression	TRAJ6	PDCD1	coexpression_network
primary_recist	melanoma_recist_supported_primary	GSE145996	EcoNiche-Opt-WordNoBioObjective	word_no_bio_objective	caf_ecm_exclusion|tcell_dysfunction|TGFBI|LOC101927356|coexpression_network	caf_ecm_exclusion	tcell_dysfunction	TGFBI	LOC101927356	coexpression_network
primary_recist	melanoma_recist_supported_primary	GSE145996	EcoNiche-Opt-WordNoBioObjective	word_no_bio_objective	caf_ecm_exclusion|tcell_dysfunction|TRAJ6|IGKV1-17|coexpression_network	caf_ecm_exclusion	tcell_dysfunction	TRAJ6	IGKV1-17	coexpression_network
primary_recist	melanoma_recist_supported_primary	GSE145996	EcoNiche-Opt-WordNoBioObjective	word_no_bio_objective	caf_ecm_exclusion|tnk_effector|TRAJ6|TRAJ10|coexpression_network	caf_ecm_exclusion	tnk_effector	TRAJ6	TRAJ10	coexpression_network
primary_recist	melanoma_recist_supported_primary	GSE145996	EcoNiche-Opt-WordNoBioObjective	word_no_bio_objective	caf_ecm_exclusion|tnk_effector|TRAJ6|CCL5|coexpression_network	caf_ecm_exclusion	tnk_effector	TRAJ6	CCL5	coexpression_network
primary_recist	melanoma_recist_supported_primary	GSE145996	EcoNiche-Opt-WordNoBioObjective	word_no_bio_objective	caf_ecm_exclusion|tumor_dedifferentiation|VIM|VIM|coexpression_network	caf_ecm_exclusion	tumor_dedifferentiation	VIM	VIM	coexpression_network
primary_recist	melanoma_recist_supported_primary	GSE145996	EcoNiche-Opt-WordNoBioObjective	word_no_bio_objective	caf_ecm_exclusion|tumor_dedifferentiation|ACTA2|SOX10|coexpression_network	caf_ecm_exclusion	tumor_dedifferentiation	ACTA2	SOX10	coexpression_network
primary_recist	melanoma_recist_supported_primary	GSE145996	EcoNiche-Opt-WordNoBioObjective	word_no_bio_objective	myeloid_suppression|myeloid_suppression|MRC1|PDCD1|coexpression_network	myeloid_suppression	myeloid_suppression	MRC1	PDCD1	coexpression_network
primary_recist	melanoma_recist_supported_primary	GSE145996	EcoNiche-Opt-WordNoBioObjective	word_no_bio_objective	myeloid_suppression|myeloid_suppression|PDCD1|TGFB1|coexpression_network	myeloid_suppression	myeloid_suppression	PDCD1	TGFB1	coexpression_network
primary_recist	melanoma_recist_supported_primary	GSE145996	EcoNiche-Opt-WordNoBioObjective	word_no_bio_objective	myeloid_suppression|tcell_dysfunction|PDCD1|PDCD1|coexpression_network	myeloid_suppression	tcell_dysfunction	PDCD1	PDCD1	coexpression_network
primary_recist	melanoma_recist_supported_primary	GSE145996	EcoNiche-Opt-WordNoBioObjective	word_no_bio_objective	myeloid_suppression|tcell_dysfunction|MRC1|PDCD1|coexpression_network	myeloid_suppression	tcell_dysfunction	MRC1	PDCD1	coexpression_network
primary_recist	melanoma_recist_supported_primary	GSE145996	EcoNiche-Opt-WordNoBioObjective	word_no_bio_objective	myeloid_suppression|tnk_effector|PDCD1|IFNG|coexpression_network	myeloid_suppression	tnk_effector	PDCD1	IFNG	coexpression_network
primary_recist	melanoma_recist_supported_primary	GSE145996	EcoNiche-Opt-WordNoBioObjective	word_no_bio_objective	myeloid_suppression|tnk_effector|PDCD1|CCL5|coexpression_network	myeloid_suppression	tnk_effector	PDCD1	CCL5	coexpression_network
primary_recist	melanoma_recist_supported_primary	GSE145996	EcoNiche-Opt-WordNoBioObjective	word_no_bio_objective	myeloid_suppression|tumor_dedifferentiation|MRC1|SOX10|coexpression_network	myeloid_suppression	tumor_dedifferentiation	MRC1	SOX10	coexpression_network
primary_recist	melanoma_recist_supported_primary	GSE145996	EcoNiche-Opt-WordNoBioObjective	word_no_bio_objective	myeloid_suppression|tumor_dedifferentiation|PDCD1|SOX10|coexpression_network	myeloid_suppression	tumor_dedifferentiation	PDCD1	SOX10	coexpression_network
primary_recist	melanoma_recist_supported_primary	GSE145996	EcoNiche-Opt-WordNoBioObjective	word_no_bio_objective	tcell_dysfunction|tcell_dysfunction|IGKV1-17|PDCD1|coexpression_network	tcell_dysfunction	tcell_dysfunction	IGKV1-17	PDCD1	coexpression_network
primary_recist	melanoma_recist_supported_primary	GSE145996	EcoNiche-Opt-WordNoBioObjective	word_no_bio_objective	tcell_dysfunction|tnk_effector|PDCD1|IFNG|coexpression_network	tcell_dysfunction	tnk_effector	PDCD1	IFNG	coexpression_network
primary_recist	melanoma_recist_supported_primary	GSE145996	EcoNiche-Opt-WordNoBioObjective	word_no_bio_objective	tcell_dysfunction|tnk_effector|PDCD1|CCL5|coexpression_network	tcell_dysfunction	tnk_effector	PDCD1	CCL5	coexpression_network
primary_recist	melanoma_recist_supported_primary	GSE145996	EcoNiche-Opt-WordNoBioObjective	word_no_bio_objective	tcell_dysfunction|tumor_dedifferentiation|LOC101927356|LOC101927356|coexpression_network	tcell_dysfunction	tumor_dedifferentiation	LOC101927356	LOC101927356	coexpression_network
primary_recist	melanoma_recist_supported_primary	GSE145996	EcoNiche-Opt-WordNoBioObjective	word_no_bio_objective	tcell_dysfunction|tumor_dedifferentiation|PDCD1|SOX10|coexpression_network	tcell_dysfunction	tumor_dedifferentiation	PDCD1	SOX10	coexpression_network
primary_recist	melanoma_recist_supported_primary	GSE145996	EcoNiche-Opt-WordNoBioObjective	word_no_bio_objective	tnk_effector|tnk_effector|CCL5|CXCL10|coexpression_network	tnk_effector	tnk_effector	CCL5	CXCL10	coexpression_network
primary_recist	melanoma_recist_supported_primary	GSE145996	EcoNiche-Opt-WordNoBioObjective	word_no_bio_objective	tnk_effector|tnk_effector|CCL5|IFNG|coexpression_network	tnk_effector	tnk_effector	CCL5	IFNG	coexpression_network
primary_recist	melanoma_recist_supported_primary	GSE145996	EcoNiche-Opt-WordNoBioObjective	word_no_bio_objective	tnk_effector|tumor_dedifferentiation|TRAJ10|SOX10|coexpression_network	tnk_effector	tumor_dedifferentiation	TRAJ10	SOX10	coexpression_network
primary_recist	melanoma_recist_supported_primary	GSE145996	EcoNiche-Opt-WordNoBioObjective	word_no_bio_objective	tnk_effector|tumor_dedifferentiation|IFNG|SOX10|coexpression_network	tnk_effector	tumor_dedifferentiation	IFNG	SOX10	coexpression_network
primary_recist	melanoma_recist_supported_primary	PRJEB23709_PD1_PRE	EcoNiche-Opt-WordFullGraph	word_full_graph	antigen_presentation_mhc|antigen_presentation_mhc|B2M|HLA-C|coexpression_network	antigen_presentation_mhc	antigen_presentation_mhc	B2M	HLA-C	coexpression_network
primary_recist	melanoma_recist_supported_primary	PRJEB23709_PD1_PRE	EcoNiche-Opt-WordFullGraph	word_full_graph	antigen_presentation_mhc|caf_ecm_exclusion|INTS3,SLC27A3|MIR548N,OSBPL6|coexpression_network	antigen_presentation_mhc	caf_ecm_exclusion	INTS3,SLC27A3	MIR548N,OSBPL6	coexpression_network
primary_recist	melanoma_recist_supported_primary	PRJEB23709_PD1_PRE	EcoNiche-Opt-WordFullGraph	word_full_graph	antigen_presentation_mhc|caf_ecm_exclusion|INTS3,SLC27A3|RPS8,SNORD55|coexpression_network	antigen_presentation_mhc	caf_ecm_exclusion	INTS3,SLC27A3	RPS8,SNORD55	coexpression_network
primary_recist	melanoma_recist_supported_primary	PRJEB23709_PD1_PRE	EcoNiche-Opt-WordFullGraph	word_full_graph	antigen_presentation_mhc|myeloid_suppression|INTS3,SLC27A3|LOC100288974,MBL1P|coexpression_network	antigen_presentation_mhc	myeloid_suppression	INTS3,SLC27A3	LOC100288974,MBL1P	coexpression_network
primary_recist	melanoma_recist_supported_primary	PRJEB23709_PD1_PRE	EcoNiche-Opt-WordFullGraph	word_full_graph	antigen_presentation_mhc|myeloid_suppression|PSMB9|TGFB1|coexpression_network	antigen_presentation_mhc	myeloid_suppression	PSMB9	TGFB1	coexpression_network
primary_recist	melanoma_recist_supported_primary	PRJEB23709_PD1_PRE	EcoNiche-Opt-WordFullGraph	word_full_graph	antigen_presentation_mhc|tcell_dysfunction|PSMB9|PDCD1|coexpression_network	antigen_presentation_mhc	tcell_dysfunction	PSMB9	PDCD1	coexpression_network
primary_recist	melanoma_recist_supported_primary	PRJEB23709_PD1_PRE	EcoNiche-Opt-WordFullGraph	word_full_graph	antigen_presentation_mhc|tcell_dysfunction|INTS3,SLC27A3|ATP5E,SLMO2,SLMO2-ATP5E|coexpression_network	antigen_presentation_mhc	tcell_dysfunction	INTS3,SLC27A3	ATP5E,SLMO2,SLMO2-ATP5E	coexpression_network
primary_recist	melanoma_recist_supported_primary	PRJEB23709_PD1_PRE	EcoNiche-Opt-WordFullGraph	word_full_graph	antigen_presentation_mhc|tnk_effector|B2M|CXCL9|coexpression_network	antigen_presentation_mhc	tnk_effector	B2M	CXCL9	coexpression_network
primary_recist	melanoma_recist_supported_primary	PRJEB23709_PD1_PRE	EcoNiche-Opt-WordFullGraph	word_full_graph	antigen_presentation_mhc|tnk_effector|B2M|CCL5|coexpression_network	antigen_presentation_mhc	tnk_effector	B2M	CCL5	coexpression_network
primary_recist	melanoma_recist_supported_primary	PRJEB23709_PD1_PRE	EcoNiche-Opt-WordFullGraph	word_full_graph	antigen_presentation_mhc|tumor_dedifferentiation|MARCH3|MARCH3|coexpression_network	antigen_presentation_mhc	tumor_dedifferentiation	MARCH3	MARCH3	coexpression_network
primary_recist	melanoma_recist_supported_primary	PRJEB23709_PD1_PRE	EcoNiche-Opt-WordFullGraph	word_full_graph	antigen_presentation_mhc|tumor_dedifferentiation|INTS3,SLC27A3|INTS3,SLC27A3|coexpression_network	antigen_presentation_mhc	tumor_dedifferentiation	INTS3,SLC27A3	INTS3,SLC27A3	coexpression_network
primary_recist	melanoma_recist_supported_primary	PRJEB23709_PD1_PRE	EcoNiche-Opt-WordFullGraph	word_full_graph	caf_ecm_exclusion|caf_ecm_exclusion|MIR548N,OSBPL6|RPS8,SNORD55|coexpression_network	caf_ecm_exclusion	caf_ecm_exclusion	MIR548N,OSBPL6	RPS8,SNORD55	coexpression_network
primary_recist	melanoma_recist_supported_primary	PRJEB23709_PD1_PRE	EcoNiche-Opt-WordFullGraph	word_full_graph	caf_ecm_exclusion|caf_ecm_exclusion|CASC14,CASC15|RPS8,SNORD55|coexpression_network	caf_ecm_exclusion	caf_ecm_exclusion	CASC14,CASC15	RPS8,SNORD55	coexpression_network
primary_recist	melanoma_recist_supported_primary	PRJEB23709_PD1_PRE	EcoNiche-Opt-WordFullGraph	word_full_graph	caf_ecm_exclusion|myeloid_suppression|MIR548N,OSBPL6|LOC100288974,MBL1P|coexpression_network	caf_ecm_exclusion	myeloid_suppression	MIR548N,OSBPL6	LOC100288974,MBL1P	coexpression_network
primary_recist	melanoma_recist_supported_primary	PRJEB23709_PD1_PRE	EcoNiche-Opt-WordFullGraph	word_full_graph	caf_ecm_exclusion|myeloid_suppression|RPS8,SNORD55|LOC100288974,MBL1P|coexpression_network	caf_ecm_exclusion	myeloid_suppression	RPS8,SNORD55	LOC100288974,MBL1P	coexpression_network
primary_recist	melanoma_recist_supported_primary	PRJEB23709_PD1_PRE	EcoNiche-Opt-WordFullGraph	word_full_graph	caf_ecm_exclusion|tcell_dysfunction|RPS8,SNORD55|ATP5E,SLMO2,SLMO2-ATP5E|coexpression_network	caf_ecm_exclusion	tcell_dysfunction	RPS8,SNORD55	ATP5E,SLMO2,SLMO2-ATP5E	coexpression_network
primary_recist	melanoma_recist_supported_primary	PRJEB23709_PD1_PRE	EcoNiche-Opt-WordFullGraph	word_full_graph	caf_ecm_exclusion|tcell_dysfunction|MIR548N,OSBPL6|ATP5E,SLMO2,SLMO2-ATP5E|coexpression_network	caf_ecm_exclusion	tcell_dysfunction	MIR548N,OSBPL6	ATP5E,SLMO2,SLMO2-ATP5E	coexpression_network
primary_recist	melanoma_recist_supported_primary	PRJEB23709_PD1_PRE	EcoNiche-Opt-WordFullGraph	word_full_graph	caf_ecm_exclusion|tnk_effector|CASC14,CASC15|MIR143,MIR143HG|coexpression_network	caf_ecm_exclusion	tnk_effector	CASC14,CASC15	MIR143,MIR143HG	coexpression_network
primary_recist	melanoma_recist_supported_primary	PRJEB23709_PD1_PRE	EcoNiche-Opt-WordFullGraph	word_full_graph	caf_ecm_exclusion|tnk_effector|RPS8,SNORD55|HPN,SCN1B|coexpression_network	caf_ecm_exclusion	tnk_effector	RPS8,SNORD55	HPN,SCN1B	coexpression_network
primary_recist	melanoma_recist_supported_primary	PRJEB23709_PD1_PRE	EcoNiche-Opt-WordFullGraph	word_full_graph	caf_ecm_exclusion|tumor_dedifferentiation|VIM|VIM|coexpression_network	caf_ecm_exclusion	tumor_dedifferentiation	VIM	VIM	coexpression_network
primary_recist	melanoma_recist_supported_primary	PRJEB23709_PD1_PRE	EcoNiche-Opt-WordFullGraph	word_full_graph	caf_ecm_exclusion|tumor_dedifferentiation|MIR548N,OSBPL6|LOC100288974,MBL1P|coexpression_network	caf_ecm_exclusion	tumor_dedifferentiation	MIR548N,OSBPL6	LOC100288974,MBL1P	coexpression_network
primary_recist	melanoma_recist_supported_primary	PRJEB23709_PD1_PRE	EcoNiche-Opt-WordFullGraph	word_full_graph	myeloid_suppression|myeloid_suppression|LOC100288974,MBL1P|S100A9|coexpression_network	myeloid_suppression	myeloid_suppression	LOC100288974,MBL1P	S100A9	coexpression_network
primary_recist	melanoma_recist_supported_primary	PRJEB23709_PD1_PRE	EcoNiche-Opt-WordFullGraph	word_full_graph	myeloid_suppression|myeloid_suppression|MRC1|TGFB1|coexpression_network	myeloid_suppression	myeloid_suppression	MRC1	TGFB1	coexpression_network
primary_recist	melanoma_recist_supported_primary	PRJEB23709_PD1_PRE	EcoNiche-Opt-WordFullGraph	word_full_graph	myeloid_suppression|tcell_dysfunction|S100A9|ATP5E,SLMO2,SLMO2-ATP5E|coexpression_network	myeloid_suppression	tcell_dysfunction	S100A9	ATP5E,SLMO2,SLMO2-ATP5E	coexpression_network
primary_recist	melanoma_recist_supported_primary	PRJEB23709_PD1_PRE	EcoNiche-Opt-WordFullGraph	word_full_graph	myeloid_suppression|tcell_dysfunction|LOC100288974,MBL1P|ATP5E,SLMO2,SLMO2-ATP5E|coexpression_network	myeloid_suppression	tcell_dysfunction	LOC100288974,MBL1P	ATP5E,SLMO2,SLMO2-ATP5E	coexpression_network
primary_recist	melanoma_recist_supported_primary	PRJEB23709_PD1_PRE	EcoNiche-Opt-WordFullGraph	word_full_graph	myeloid_suppression|tnk_effector|TGFB1|CCL5|coexpression_network	myeloid_suppression	tnk_effector	TGFB1	CCL5	coexpression_network
primary_recist	melanoma_recist_supported_primary	PRJEB23709_PD1_PRE	EcoNiche-Opt-WordFullGraph	word_full_graph	myeloid_suppression|tnk_effector|S100A9|IFNG|coexpression_network	myeloid_suppression	tnk_effector	S100A9	IFNG	coexpression_network
primary_recist	melanoma_recist_supported_primary	PRJEB23709_PD1_PRE	EcoNiche-Opt-WordFullGraph	word_full_graph	myeloid_suppression|tumor_dedifferentiation|LOC100288974,MBL1P|LOC100288974,MBL1P|coexpression_network	myeloid_suppression	tumor_dedifferentiation	LOC100288974,MBL1P	LOC100288974,MBL1P	coexpression_network
primary_recist	melanoma_recist_supported_primary	PRJEB23709_PD1_PRE	EcoNiche-Opt-WordFullGraph	word_full_graph	myeloid_suppression|tumor_dedifferentiation|LOC100288974,MBL1P|INTS3,SLC27A3|coexpression_network	myeloid_suppression	tumor_dedifferentiation	LOC100288974,MBL1P	INTS3,SLC27A3	coexpression_network
primary_recist	melanoma_recist_supported_primary	PRJEB23709_PD1_PRE	EcoNiche-Opt-WordFullGraph	word_full_graph	tcell_dysfunction|tcell_dysfunction|CXCL13|PDCD1|coexpression_network	tcell_dysfunction	tcell_dysfunction	CXCL13	PDCD1	coexpression_network
primary_recist	melanoma_recist_supported_primary	PRJEB23709_PD1_PRE	EcoNiche-Opt-WordFullGraph	word_full_graph	tcell_dysfunction|tcell_dysfunction|ATP5E,SLMO2,SLMO2-ATP5E|HNRNPC,LINC00641|coexpression_network	tcell_dysfunction	tcell_dysfunction	ATP5E,SLMO2,SLMO2-ATP5E	HNRNPC,LINC00641	coexpression_network
primary_recist	melanoma_recist_supported_primary	PRJEB23709_PD1_PRE	EcoNiche-Opt-WordFullGraph	word_full_graph	tcell_dysfunction|tnk_effector|PDCD1|CCL5|coexpression_network	tcell_dysfunction	tnk_effector	PDCD1	CCL5	coexpression_network
primary_recist	melanoma_recist_supported_primary	PRJEB23709_PD1_PRE	EcoNiche-Opt-WordFullGraph	word_full_graph	tcell_dysfunction|tnk_effector|PDCD1|IFNG|coexpression_network	tcell_dysfunction	tnk_effector	PDCD1	IFNG	coexpression_network
primary_recist	melanoma_recist_supported_primary	PRJEB23709_PD1_PRE	EcoNiche-Opt-WordFullGraph	word_full_graph	tcell_dysfunction|tumor_dedifferentiation|HNRNPC,LINC00641|ZEB1|coexpression_network	tcell_dysfunction	tumor_dedifferentiation	HNRNPC,LINC00641	ZEB1	coexpression_network
primary_recist	melanoma_recist_supported_primary	PRJEB23709_PD1_PRE	EcoNiche-Opt-WordFullGraph	word_full_graph	tcell_dysfunction|tumor_dedifferentiation|HNRNPC,LINC00641|LIMS3,LIMS3-LOC440895,LOC440895|coexpression_network	tcell_dysfunction	tumor_dedifferentiation	HNRNPC,LINC00641	LIMS3,LIMS3-LOC440895,LOC440895	coexpression_network
primary_recist	melanoma_recist_supported_primary	PRJEB23709_PD1_PRE	EcoNiche-Opt-WordFullGraph	word_full_graph	tnk_effector|tnk_effector|CCL5|IFNG|coexpression_network	tnk_effector	tnk_effector	CCL5	IFNG	coexpression_network
primary_recist	melanoma_recist_supported_primary	PRJEB23709_PD1_PRE	EcoNiche-Opt-WordFullGraph	word_full_graph	tnk_effector|tnk_effector|CXCL9|IFNG|coexpression_network	tnk_effector	tnk_effector	CXCL9	IFNG	coexpression_network
primary_recist	melanoma_recist_supported_primary	PRJEB23709_PD1_PRE	EcoNiche-Opt-WordFullGraph	word_full_graph	tnk_effector|tumor_dedifferentiation|HPN,SCN1B|HPN,SCN1B|coexpression_network	tnk_effector	tumor_dedifferentiation	HPN,SCN1B	HPN,SCN1B	coexpression_network
primary_recist	melanoma_recist_supported_primary	PRJEB23709_PD1_PRE	EcoNiche-Opt-WordFullGraph	word_full_graph	tnk_effector|tumor_dedifferentiation|MIR143,MIR143HG|HPN,SCN1B|coexpression_network	tnk_effector	tumor_dedifferentiation	MIR143,MIR143HG	HPN,SCN1B	coexpression_network
primary_recist	melanoma_recist_supported_primary	PRJEB23709_PD1_PRE	EcoNiche-Opt-WordFullGraph	word_full_graph	tumor_dedifferentiation|tumor_dedifferentiation|INTS3,SLC27A3|LOC100288974,MBL1P|coexpression_network	tumor_dedifferentiation	tumor_dedifferentiation	INTS3,SLC27A3	LOC100288974,MBL1P	coexpression_network
primary_recist	melanoma_recist_supported_primary	PRJEB23709_PD1_PRE	EcoNiche-Opt-WordFullGraph	word_full_graph	tumor_dedifferentiation|tumor_dedifferentiation|AXL|LIMS3,LIMS3-LOC440895,LOC440895|coexpression_network	tumor_dedifferentiation	tumor_dedifferentiation	AXL	LIMS3,LIMS3-LOC440895,LOC440895	coexpression_network
primary_recist	melanoma_recist_supported_primary	PRJEB23709_PD1_PRE	EcoNiche-Opt-WordUnsignedGraph	word_unsigned_graph	antigen_presentation_mhc|antigen_presentation_mhc|PSMB9|TAP1|coexpression_network	antigen_presentation_mhc	antigen_presentation_mhc	PSMB9	TAP1	coexpression_network
primary_recist	melanoma_recist_supported_primary	PRJEB23709_PD1_PRE	EcoNiche-Opt-WordUnsignedGraph	word_unsigned_graph	antigen_presentation_mhc|antigen_presentation_mhc|HLA-C|TAP1|coexpression_network	antigen_presentation_mhc	antigen_presentation_mhc	HLA-C	TAP1	coexpression_network
primary_recist	melanoma_recist_supported_primary	PRJEB23709_PD1_PRE	EcoNiche-Opt-WordUnsignedGraph	word_unsigned_graph	antigen_presentation_mhc|caf_ecm_exclusion|INTS3,SLC27A3|MIR548N,OSBPL6|coexpression_network	antigen_presentation_mhc	caf_ecm_exclusion	INTS3,SLC27A3	MIR548N,OSBPL6	coexpression_network
primary_recist	melanoma_recist_supported_primary	PRJEB23709_PD1_PRE	EcoNiche-Opt-WordUnsignedGraph	word_unsigned_graph	antigen_presentation_mhc|caf_ecm_exclusion|INTS3,SLC27A3|CASC14,CASC15|coexpression_network	antigen_presentation_mhc	caf_ecm_exclusion	INTS3,SLC27A3	CASC14,CASC15	coexpression_network
primary_recist	melanoma_recist_supported_primary	PRJEB23709_PD1_PRE	EcoNiche-Opt-WordUnsignedGraph	word_unsigned_graph	antigen_presentation_mhc|myeloid_suppression|INTS3,SLC27A3|ATP5E,SLMO2,SLMO2-ATP5E|coexpression_network	antigen_presentation_mhc	myeloid_suppression	INTS3,SLC27A3	ATP5E,SLMO2,SLMO2-ATP5E	coexpression_network
primary_recist	melanoma_recist_supported_primary	PRJEB23709_PD1_PRE	EcoNiche-Opt-WordUnsignedGraph	word_unsigned_graph	antigen_presentation_mhc|myeloid_suppression|PSMB9|ATP5E,SLMO2,SLMO2-ATP5E|coexpression_network	antigen_presentation_mhc	myeloid_suppression	PSMB9	ATP5E,SLMO2,SLMO2-ATP5E	coexpression_network
primary_recist	melanoma_recist_supported_primary	PRJEB23709_PD1_PRE	EcoNiche-Opt-WordUnsignedGraph	word_unsigned_graph	antigen_presentation_mhc|tcell_dysfunction|TAP1|PDCD1|coexpression_network	antigen_presentation_mhc	tcell_dysfunction	TAP1	PDCD1	coexpression_network
primary_recist	melanoma_recist_supported_primary	PRJEB23709_PD1_PRE	EcoNiche-Opt-WordUnsignedGraph	word_unsigned_graph	antigen_presentation_mhc|tcell_dysfunction|TAP1|TIGIT|coexpression_network	antigen_presentation_mhc	tcell_dysfunction	TAP1	TIGIT	coexpression_network
primary_recist	melanoma_recist_supported_primary	PRJEB23709_PD1_PRE	EcoNiche-Opt-WordUnsignedGraph	word_unsigned_graph	antigen_presentation_mhc|tnk_effector|TAP1|IFNG|coexpression_network	antigen_presentation_mhc	tnk_effector	TAP1	IFNG	coexpression_network
primary_recist	melanoma_recist_supported_primary	PRJEB23709_PD1_PRE	EcoNiche-Opt-WordUnsignedGraph	word_unsigned_graph	antigen_presentation_mhc|tnk_effector|TAP1|CXCL9|coexpression_network	antigen_presentation_mhc	tnk_effector	TAP1	CXCL9	coexpression_network
primary_recist	melanoma_recist_supported_primary	PRJEB23709_PD1_PRE	EcoNiche-Opt-WordUnsignedGraph	word_unsigned_graph	antigen_presentation_mhc|tumor_dedifferentiation|INTS3,SLC27A3|HPN,SCN1B|coexpression_network	antigen_presentation_mhc	tumor_dedifferentiation	INTS3,SLC27A3	HPN,SCN1B	coexpression_network
primary_recist	melanoma_recist_supported_primary	PRJEB23709_PD1_PRE	EcoNiche-Opt-WordUnsignedGraph	word_unsigned_graph	antigen_presentation_mhc|tumor_dedifferentiation|PSMB9|VIM|coexpression_network	antigen_presentation_mhc	tumor_dedifferentiation	PSMB9	VIM	coexpression_network
primary_recist	melanoma_recist_supported_primary	PRJEB23709_PD1_PRE	EcoNiche-Opt-WordUnsignedGraph	word_unsigned_graph	caf_ecm_exclusion|caf_ecm_exclusion|COL1A2|COL3A1|coexpression_network	caf_ecm_exclusion	caf_ecm_exclusion	COL1A2	COL3A1	coexpression_network
primary_recist	melanoma_recist_supported_primary	PRJEB23709_PD1_PRE	EcoNiche-Opt-WordUnsignedGraph	word_unsigned_graph	caf_ecm_exclusion|caf_ecm_exclusion|COL1A2|FAP|coexpression_network	caf_ecm_exclusion	caf_ecm_exclusion	COL1A2	FAP	coexpression_network
primary_recist	melanoma_recist_supported_primary	PRJEB23709_PD1_PRE	EcoNiche-Opt-WordUnsignedGraph	word_unsigned_graph	caf_ecm_exclusion|myeloid_suppression|MIR548N,OSBPL6|ATP5E,SLMO2,SLMO2-ATP5E|coexpression_network	caf_ecm_exclusion	myeloid_suppression	MIR548N,OSBPL6	ATP5E,SLMO2,SLMO2-ATP5E	coexpression_network
primary_recist	melanoma_recist_supported_primary	PRJEB23709_PD1_PRE	EcoNiche-Opt-WordUnsignedGraph	word_unsigned_graph	caf_ecm_exclusion|myeloid_suppression|FAP|CD163|coexpression_network	caf_ecm_exclusion	myeloid_suppression	FAP	CD163	coexpression_network
primary_recist	melanoma_recist_supported_primary	PRJEB23709_PD1_PRE	EcoNiche-Opt-WordUnsignedGraph	word_unsigned_graph	caf_ecm_exclusion|tcell_dysfunction|MIR548N,OSBPL6|MIR548N,OSBPL6|coexpression_network	caf_ecm_exclusion	tcell_dysfunction	MIR548N,OSBPL6	MIR548N,OSBPL6	coexpression_network
primary_recist	melanoma_recist_supported_primary	PRJEB23709_PD1_PRE	EcoNiche-Opt-WordUnsignedGraph	word_unsigned_graph	caf_ecm_exclusion|tcell_dysfunction|CASC14,CASC15|CASC14,CASC15|coexpression_network	caf_ecm_exclusion	tcell_dysfunction	CASC14,CASC15	CASC14,CASC15	coexpression_network
primary_recist	melanoma_recist_supported_primary	PRJEB23709_PD1_PRE	EcoNiche-Opt-WordUnsignedGraph	word_unsigned_graph	caf_ecm_exclusion|tnk_effector|CASC14,CASC15|CASC14,CASC15|coexpression_network	caf_ecm_exclusion	tnk_effector	CASC14,CASC15	CASC14,CASC15	coexpression_network
primary_recist	melanoma_recist_supported_primary	PRJEB23709_PD1_PRE	EcoNiche-Opt-WordUnsignedGraph	word_unsigned_graph	caf_ecm_exclusion|tnk_effector|MIR548N,OSBPL6|CASC14,CASC15|coexpression_network	caf_ecm_exclusion	tnk_effector	MIR548N,OSBPL6	CASC14,CASC15	coexpression_network
primary_recist	melanoma_recist_supported_primary	PRJEB23709_PD1_PRE	EcoNiche-Opt-WordUnsignedGraph	word_unsigned_graph	caf_ecm_exclusion|tumor_dedifferentiation|VIM|VIM|coexpression_network	caf_ecm_exclusion	tumor_dedifferentiation	VIM	VIM	coexpression_network
primary_recist	melanoma_recist_supported_primary	PRJEB23709_PD1_PRE	EcoNiche-Opt-WordUnsignedGraph	word_unsigned_graph	caf_ecm_exclusion|tumor_dedifferentiation|HPN,SCN1B|HPN,SCN1B|coexpression_network	caf_ecm_exclusion	tumor_dedifferentiation	HPN,SCN1B	HPN,SCN1B	coexpression_network
primary_recist	melanoma_recist_supported_primary	PRJEB23709_PD1_PRE	EcoNiche-Opt-WordUnsignedGraph	word_unsigned_graph	myeloid_suppression|myeloid_suppression|MRC1|TNFSF12,TNFSF12-TNFSF13,TNFSF13|coexpression_network	myeloid_suppression	myeloid_suppression	MRC1	TNFSF12,TNFSF12-TNFSF13,TNFSF13	coexpression_network
primary_recist	melanoma_recist_supported_primary	PRJEB23709_PD1_PRE	EcoNiche-Opt-WordUnsignedGraph	word_unsigned_graph	myeloid_suppression|myeloid_suppression|ATP5E,SLMO2,SLMO2-ATP5E|CD163|coexpression_network	myeloid_suppression	myeloid_suppression	ATP5E,SLMO2,SLMO2-ATP5E	CD163	coexpression_network
primary_recist	melanoma_recist_supported_primary	PRJEB23709_PD1_PRE	EcoNiche-Opt-WordUnsignedGraph	word_unsigned_graph	myeloid_suppression|tcell_dysfunction|TNFSF12,TNFSF12-TNFSF13,TNFSF13|TNFSF12,TNFSF12-TNFSF13,TNFSF13|coexpression_network	myeloid_suppression	tcell_dysfunction	TNFSF12,TNFSF12-TNFSF13,TNFSF13	TNFSF12,TNFSF12-TNFSF13,TNFSF13	coexpression_network
primary_recist	melanoma_recist_supported_primary	PRJEB23709_PD1_PRE	EcoNiche-Opt-WordUnsignedGraph	word_unsigned_graph	myeloid_suppression|tcell_dysfunction|ATP5E,SLMO2,SLMO2-ATP5E|MIR548N,OSBPL6|coexpression_network	myeloid_suppression	tcell_dysfunction	ATP5E,SLMO2,SLMO2-ATP5E	MIR548N,OSBPL6	coexpression_network
primary_recist	melanoma_recist_supported_primary	PRJEB23709_PD1_PRE	EcoNiche-Opt-WordUnsignedGraph	word_unsigned_graph	myeloid_suppression|tnk_effector|TNFSF12,TNFSF12-TNFSF13,TNFSF13|MIR4469,RNF170|coexpression_network	myeloid_suppression	tnk_effector	TNFSF12,TNFSF12-TNFSF13,TNFSF13	MIR4469,RNF170	coexpression_network
primary_recist	melanoma_recist_supported_primary	PRJEB23709_PD1_PRE	EcoNiche-Opt-WordUnsignedGraph	word_unsigned_graph	myeloid_suppression|tnk_effector|CD163|CXCL9|coexpression_network	myeloid_suppression	tnk_effector	CD163	CXCL9	coexpression_network
primary_recist	melanoma_recist_supported_primary	PRJEB23709_PD1_PRE	EcoNiche-Opt-WordUnsignedGraph	word_unsigned_graph	myeloid_suppression|tumor_dedifferentiation|CD163|AXL|coexpression_network	myeloid_suppression	tumor_dedifferentiation	CD163	AXL	coexpression_network
primary_recist	melanoma_recist_supported_primary	PRJEB23709_PD1_PRE	EcoNiche-Opt-WordUnsignedGraph	word_unsigned_graph	myeloid_suppression|tumor_dedifferentiation|TNFSF12,TNFSF12-TNFSF13,TNFSF13|MIR4763,MIRLET7A3,MIRLET7B,MIRLET7BHG|coexpression_network	myeloid_suppression	tumor_dedifferentiation	TNFSF12,TNFSF12-TNFSF13,TNFSF13	MIR4763,MIRLET7A3,MIRLET7B,MIRLET7BHG	coexpression_network
primary_recist	melanoma_recist_supported_primary	PRJEB23709_PD1_PRE	EcoNiche-Opt-WordUnsignedGraph	word_unsigned_graph	tcell_dysfunction|tcell_dysfunction|PDCD1|TIGIT|coexpression_network	tcell_dysfunction	tcell_dysfunction	PDCD1	TIGIT	coexpression_network
primary_recist	melanoma_recist_supported_primary	PRJEB23709_PD1_PRE	EcoNiche-Opt-WordUnsignedGraph	word_unsigned_graph	tcell_dysfunction|tcell_dysfunction|CASC14,CASC15|TIGIT|coexpression_network	tcell_dysfunction	tcell_dysfunction	CASC14,CASC15	TIGIT	coexpression_network
primary_recist	melanoma_recist_supported_primary	PRJEB23709_PD1_PRE	EcoNiche-Opt-WordUnsignedGraph	word_unsigned_graph	tcell_dysfunction|tnk_effector|CASC14,CASC15|CASC14,CASC15|coexpression_network	tcell_dysfunction	tnk_effector	CASC14,CASC15	CASC14,CASC15	coexpression_network
primary_recist	melanoma_recist_supported_primary	PRJEB23709_PD1_PRE	EcoNiche-Opt-WordUnsignedGraph	word_unsigned_graph	tcell_dysfunction|tnk_effector|TIGIT|CXCL9|coexpression_network	tcell_dysfunction	tnk_effector	TIGIT	CXCL9	coexpression_network
primary_recist	melanoma_recist_supported_primary	PRJEB23709_PD1_PRE	EcoNiche-Opt-WordUnsignedGraph	word_unsigned_graph	tcell_dysfunction|tumor_dedifferentiation|CASC14,CASC15|MIR4763,MIRLET7A3,MIRLET7B,MIRLET7BHG|coexpression_network	tcell_dysfunction	tumor_dedifferentiation	CASC14,CASC15	MIR4763,MIRLET7A3,MIRLET7B,MIRLET7BHG	coexpression_network
primary_recist	melanoma_recist_supported_primary	PRJEB23709_PD1_PRE	EcoNiche-Opt-WordUnsignedGraph	word_unsigned_graph	tcell_dysfunction|tumor_dedifferentiation|TIGIT|MIR4763,MIRLET7A3,MIRLET7B,MIRLET7BHG|coexpression_network	tcell_dysfunction	tumor_dedifferentiation	TIGIT	MIR4763,MIRLET7A3,MIRLET7B,MIRLET7BHG	coexpression_network
primary_recist	melanoma_recist_supported_primary	PRJEB23709_PD1_PRE	EcoNiche-Opt-WordUnsignedGraph	word_unsigned_graph	tnk_effector|tnk_effector|CXCL9|IFNG|coexpression_network	tnk_effector	tnk_effector	CXCL9	IFNG	coexpression_network
primary_recist	melanoma_recist_supported_primary	PRJEB23709_PD1_PRE	EcoNiche-Opt-WordUnsignedGraph	word_unsigned_graph	tnk_effector|tnk_effector|CXCL9|GZMB|coexpression_network	tnk_effector	tnk_effector	CXCL9	GZMB	coexpression_network
primary_recist	melanoma_recist_supported_primary	PRJEB23709_PD1_PRE	EcoNiche-Opt-WordUnsignedGraph	word_unsigned_graph	tnk_effector|tumor_dedifferentiation|CASC14,CASC15|MIR4763,MIRLET7A3,MIRLET7B,MIRLET7BHG|coexpression_network	tnk_effector	tumor_dedifferentiation	CASC14,CASC15	MIR4763,MIRLET7A3,MIRLET7B,MIRLET7BHG	coexpression_network
primary_recist	melanoma_recist_supported_primary	PRJEB23709_PD1_PRE	EcoNiche-Opt-WordUnsignedGraph	word_unsigned_graph	tnk_effector|tumor_dedifferentiation|MIR4469,RNF170|MIR4763,MIRLET7A3,MIRLET7B,MIRLET7BHG|coexpression_network	tnk_effector	tumor_dedifferentiation	MIR4469,RNF170	MIR4763,MIRLET7A3,MIRLET7B,MIRLET7BHG	coexpression_network
primary_recist	melanoma_recist_supported_primary	PRJEB23709_PD1_PRE	EcoNiche-Opt-WordUnsignedGraph	word_unsigned_graph	tumor_dedifferentiation|tumor_dedifferentiation|HPN,SCN1B|MIR4763,MIRLET7A3,MIRLET7B,MIRLET7BHG|coexpression_network	tumor_dedifferentiation	tumor_dedifferentiation	HPN,SCN1B	MIR4763,MIRLET7A3,MIRLET7B,MIRLET7BHG	coexpression_network
primary_recist	melanoma_recist_supported_primary	PRJEB23709_PD1_PRE	EcoNiche-Opt-WordNoBioObjective	word_no_bio_objective	myeloid_suppression|myeloid_suppression|S100A8|S100A9|network	myeloid_suppression	myeloid_suppression	S100A8	S100A9	network
primary_recist	melanoma_recist_supported_primary	PRJEB23709_PD1_PRE	EcoNiche-Opt-WordNoBioObjective	word_no_bio_objective	antigen_presentation_mhc|antigen_presentation_mhc|LOC100288974,MBL1P|MIR4469,RNF170|coexpression_network	antigen_presentation_mhc	antigen_presentation_mhc	LOC100288974,MBL1P	MIR4469,RNF170	coexpression_network
primary_recist	melanoma_recist_supported_primary	PRJEB23709_PD1_PRE	EcoNiche-Opt-WordNoBioObjective	word_no_bio_objective	antigen_presentation_mhc|antigen_presentation_mhc|LOC100288974,MBL1P|SLC13A3,TP53RK|coexpression_network	antigen_presentation_mhc	antigen_presentation_mhc	LOC100288974,MBL1P	SLC13A3,TP53RK	coexpression_network
primary_recist	melanoma_recist_supported_primary	PRJEB23709_PD1_PRE	EcoNiche-Opt-WordNoBioObjective	word_no_bio_objective	antigen_presentation_mhc|caf_ecm_exclusion|LOC100288974,MBL1P|LOC100288974,MBL1P|coexpression_network	antigen_presentation_mhc	caf_ecm_exclusion	LOC100288974,MBL1P	LOC100288974,MBL1P	coexpression_network
primary_recist	melanoma_recist_supported_primary	PRJEB23709_PD1_PRE	EcoNiche-Opt-WordNoBioObjective	word_no_bio_objective	antigen_presentation_mhc|caf_ecm_exclusion|MIR4469,RNF170|LOC100288974,MBL1P|coexpression_network	antigen_presentation_mhc	caf_ecm_exclusion	MIR4469,RNF170	LOC100288974,MBL1P	coexpression_network
primary_recist	melanoma_recist_supported_primary	PRJEB23709_PD1_PRE	EcoNiche-Opt-WordNoBioObjective	word_no_bio_objective	antigen_presentation_mhc|myeloid_suppression|SLC13A3,TP53RK|LIMS3,LIMS3-LOC440895,LOC440895|coexpression_network	antigen_presentation_mhc	myeloid_suppression	SLC13A3,TP53RK	LIMS3,LIMS3-LOC440895,LOC440895	coexpression_network
primary_recist	melanoma_recist_supported_primary	PRJEB23709_PD1_PRE	EcoNiche-Opt-WordNoBioObjective	word_no_bio_objective	antigen_presentation_mhc|myeloid_suppression|LOC100288974,MBL1P|S100A9|coexpression_network	antigen_presentation_mhc	myeloid_suppression	LOC100288974,MBL1P	S100A9	coexpression_network
primary_recist	melanoma_recist_supported_primary	PRJEB23709_PD1_PRE	EcoNiche-Opt-WordNoBioObjective	word_no_bio_objective	antigen_presentation_mhc|tcell_dysfunction|PSMB9|PDCD1|coexpression_network	antigen_presentation_mhc	tcell_dysfunction	PSMB9	PDCD1	coexpression_network
primary_recist	melanoma_recist_supported_primary	PRJEB23709_PD1_PRE	EcoNiche-Opt-WordNoBioObjective	word_no_bio_objective	antigen_presentation_mhc|tcell_dysfunction|LOC100288974,MBL1P|ATP5E,SLMO2,SLMO2-ATP5E|coexpression_network	antigen_presentation_mhc	tcell_dysfunction	LOC100288974,MBL1P	ATP5E,SLMO2,SLMO2-ATP5E	coexpression_network
primary_recist	melanoma_recist_supported_primary	PRJEB23709_PD1_PRE	EcoNiche-Opt-WordNoBioObjective	word_no_bio_objective	antigen_presentation_mhc|tnk_effector|SLC13A3,TP53RK|SLC13A3,TP53RK|coexpression_network	antigen_presentation_mhc	tnk_effector	SLC13A3,TP53RK	SLC13A3,TP53RK	coexpression_network
primary_recist	melanoma_recist_supported_primary	PRJEB23709_PD1_PRE	EcoNiche-Opt-WordNoBioObjective	word_no_bio_objective	antigen_presentation_mhc|tnk_effector|SLC13A3,TP53RK|MIR548N,OSBPL6|coexpression_network	antigen_presentation_mhc	tnk_effector	SLC13A3,TP53RK	MIR548N,OSBPL6	coexpression_network
primary_recist	melanoma_recist_supported_primary	PRJEB23709_PD1_PRE	EcoNiche-Opt-WordNoBioObjective	word_no_bio_objective	antigen_presentation_mhc|tumor_dedifferentiation|SLC13A3,TP53RK|SLC13A3,TP53RK|coexpression_network	antigen_presentation_mhc	tumor_dedifferentiation	SLC13A3,TP53RK	SLC13A3,TP53RK	coexpression_network
primary_recist	melanoma_recist_supported_primary	PRJEB23709_PD1_PRE	EcoNiche-Opt-WordNoBioObjective	word_no_bio_objective	antigen_presentation_mhc|tumor_dedifferentiation|MIR4469,RNF170|MIR4763,MIRLET7A3,MIRLET7B,MIRLET7BHG|coexpression_network	antigen_presentation_mhc	tumor_dedifferentiation	MIR4469,RNF170	MIR4763,MIRLET7A3,MIRLET7B,MIRLET7BHG	coexpression_network
primary_recist	melanoma_recist_supported_primary	PRJEB23709_PD1_PRE	EcoNiche-Opt-WordNoBioObjective	word_no_bio_objective	caf_ecm_exclusion|myeloid_suppression|VIM|CASC14,CASC15|coexpression_network	caf_ecm_exclusion	myeloid_suppression	VIM	CASC14,CASC15	coexpression_network
primary_recist	melanoma_recist_supported_primary	PRJEB23709_PD1_PRE	EcoNiche-Opt-WordNoBioObjective	word_no_bio_objective	caf_ecm_exclusion|myeloid_suppression|LOC100288974,MBL1P|S100A9|coexpression_network	caf_ecm_exclusion	myeloid_suppression	LOC100288974,MBL1P	S100A9	coexpression_network
primary_recist	melanoma_recist_supported_primary	PRJEB23709_PD1_PRE	EcoNiche-Opt-WordNoBioObjective	word_no_bio_objective	caf_ecm_exclusion|tcell_dysfunction|LOC100288974,MBL1P|ATP5E,SLMO2,SLMO2-ATP5E|coexpression_network	caf_ecm_exclusion	tcell_dysfunction	LOC100288974,MBL1P	ATP5E,SLMO2,SLMO2-ATP5E	coexpression_network
primary_recist	melanoma_recist_supported_primary	PRJEB23709_PD1_PRE	EcoNiche-Opt-WordNoBioObjective	word_no_bio_objective	caf_ecm_exclusion|tcell_dysfunction|TGFBI|HAVCR2|coexpression_network	caf_ecm_exclusion	tcell_dysfunction	TGFBI	HAVCR2	coexpression_network
primary_recist	melanoma_recist_supported_primary	PRJEB23709_PD1_PRE	EcoNiche-Opt-WordNoBioObjective	word_no_bio_objective	caf_ecm_exclusion|tnk_effector|LOC100288974,MBL1P|MIR548N,OSBPL6|coexpression_network	caf_ecm_exclusion	tnk_effector	LOC100288974,MBL1P	MIR548N,OSBPL6	coexpression_network
primary_recist	melanoma_recist_supported_primary	PRJEB23709_PD1_PRE	EcoNiche-Opt-WordNoBioObjective	word_no_bio_objective	caf_ecm_exclusion|tnk_effector|LOC100288974,MBL1P|SLC13A3,TP53RK|coexpression_network	caf_ecm_exclusion	tnk_effector	LOC100288974,MBL1P	SLC13A3,TP53RK	coexpression_network
primary_recist	melanoma_recist_supported_primary	PRJEB23709_PD1_PRE	EcoNiche-Opt-WordNoBioObjective	word_no_bio_objective	caf_ecm_exclusion|tumor_dedifferentiation|VIM|VIM|coexpression_network	caf_ecm_exclusion	tumor_dedifferentiation	VIM	VIM	coexpression_network
primary_recist	melanoma_recist_supported_primary	PRJEB23709_PD1_PRE	EcoNiche-Opt-WordNoBioObjective	word_no_bio_objective	caf_ecm_exclusion|tumor_dedifferentiation|TGFBI|AXL|coexpression_network	caf_ecm_exclusion	tumor_dedifferentiation	TGFBI	AXL	coexpression_network
primary_recist	melanoma_recist_supported_primary	PRJEB23709_PD1_PRE	EcoNiche-Opt-WordNoBioObjective	word_no_bio_objective	myeloid_suppression|myeloid_suppression|S100A8|S100A9|coexpression_network	myeloid_suppression	myeloid_suppression	S100A8	S100A9	coexpression_network
primary_recist	melanoma_recist_supported_primary	PRJEB23709_PD1_PRE	EcoNiche-Opt-WordNoBioObjective	word_no_bio_objective	myeloid_suppression|myeloid_suppression|IL10|ITGAM|coexpression_network	myeloid_suppression	myeloid_suppression	IL10	ITGAM	coexpression_network
primary_recist	melanoma_recist_supported_primary	PRJEB23709_PD1_PRE	EcoNiche-Opt-WordNoBioObjective	word_no_bio_objective	myeloid_suppression|tcell_dysfunction|RILP,SCARF1|RILP,SCARF1|coexpression_network	myeloid_suppression	tcell_dysfunction	RILP,SCARF1	RILP,SCARF1	coexpression_network
primary_recist	melanoma_recist_supported_primary	PRJEB23709_PD1_PRE	EcoNiche-Opt-WordNoBioObjective	word_no_bio_objective	myeloid_suppression|tcell_dysfunction|MIR143,MIR143HG|MIR143,MIR143HG|coexpression_network	myeloid_suppression	tcell_dysfunction	MIR143,MIR143HG	MIR143,MIR143HG	coexpression_network
primary_recist	melanoma_recist_supported_primary	PRJEB23709_PD1_PRE	EcoNiche-Opt-WordNoBioObjective	word_no_bio_objective	myeloid_suppression|tnk_effector|RILP,SCARF1|MIR4763,MIRLET7A3,MIRLET7B,MIRLET7BHG|coexpression_network	myeloid_suppression	tnk_effector	RILP,SCARF1	MIR4763,MIRLET7A3,MIRLET7B,MIRLET7BHG	coexpression_network
primary_recist	melanoma_recist_supported_primary	PRJEB23709_PD1_PRE	EcoNiche-Opt-WordNoBioObjective	word_no_bio_objective	myeloid_suppression|tnk_effector|MIR143,MIR143HG|MIR4763,MIRLET7A3,MIRLET7B,MIRLET7BHG|coexpression_network	myeloid_suppression	tnk_effector	MIR143,MIR143HG	MIR4763,MIRLET7A3,MIRLET7B,MIRLET7BHG	coexpression_network
primary_recist	melanoma_recist_supported_primary	PRJEB23709_PD1_PRE	EcoNiche-Opt-WordNoBioObjective	word_no_bio_objective	myeloid_suppression|tumor_dedifferentiation|MIR143,MIR143HG|MIR143,MIR143HG|coexpression_network	myeloid_suppression	tumor_dedifferentiation	MIR143,MIR143HG	MIR143,MIR143HG	coexpression_network
primary_recist	melanoma_recist_supported_primary	PRJEB23709_PD1_PRE	EcoNiche-Opt-WordNoBioObjective	word_no_bio_objective	myeloid_suppression|tumor_dedifferentiation|RILP,SCARF1|MIR4763,MIRLET7A3,MIRLET7B,MIRLET7BHG|coexpression_network	myeloid_suppression	tumor_dedifferentiation	RILP,SCARF1	MIR4763,MIRLET7A3,MIRLET7B,MIRLET7BHG	coexpression_network
primary_recist	melanoma_recist_supported_primary	PRJEB23709_PD1_PRE	EcoNiche-Opt-WordNoBioObjective	word_no_bio_objective	tcell_dysfunction|tcell_dysfunction|MIR4763,MIRLET7A3,MIRLET7B,MIRLET7BHG|RILP,SCARF1|coexpression_network	tcell_dysfunction	tcell_dysfunction	MIR4763,MIRLET7A3,MIRLET7B,MIRLET7BHG	RILP,SCARF1	coexpression_network
primary_recist	melanoma_recist_supported_primary	PRJEB23709_PD1_PRE	EcoNiche-Opt-WordNoBioObjective	word_no_bio_objective	tcell_dysfunction|tcell_dysfunction|MIR143,MIR143HG|MIR4763,MIRLET7A3,MIRLET7B,MIRLET7BHG|coexpression_network	tcell_dysfunction	tcell_dysfunction	MIR143,MIR143HG	MIR4763,MIRLET7A3,MIRLET7B,MIRLET7BHG	coexpression_network
primary_recist	melanoma_recist_supported_primary	PRJEB23709_PD1_PRE	EcoNiche-Opt-WordNoBioObjective	word_no_bio_objective	tcell_dysfunction|tnk_effector|MIR4763,MIRLET7A3,MIRLET7B,MIRLET7BHG|MIR4763,MIRLET7A3,MIRLET7B,MIRLET7BHG|coexpression_network	tcell_dysfunction	tnk_effector	MIR4763,MIRLET7A3,MIRLET7B,MIRLET7BHG	MIR4763,MIRLET7A3,MIRLET7B,MIRLET7BHG	coexpression_network
primary_recist	melanoma_recist_supported_primary	PRJEB23709_PD1_PRE	EcoNiche-Opt-WordNoBioObjective	word_no_bio_objective	tcell_dysfunction|tnk_effector|PDCD1|CD8B|coexpression_network	tcell_dysfunction	tnk_effector	PDCD1	CD8B	coexpression_network
primary_recist	melanoma_recist_supported_primary	PRJEB23709_PD1_PRE	EcoNiche-Opt-WordNoBioObjective	word_no_bio_objective	tcell_dysfunction|tumor_dedifferentiation|MIR4763,MIRLET7A3,MIRLET7B,MIRLET7BHG|MIR4763,MIRLET7A3,MIRLET7B,MIRLET7BHG|coexpression_network	tcell_dysfunction	tumor_dedifferentiation	MIR4763,MIRLET7A3,MIRLET7B,MIRLET7BHG	MIR4763,MIRLET7A3,MIRLET7B,MIRLET7BHG	coexpression_network
primary_recist	melanoma_recist_supported_primary	PRJEB23709_PD1_PRE	EcoNiche-Opt-WordNoBioObjective	word_no_bio_objective	tcell_dysfunction|tumor_dedifferentiation|MIR143,MIR143HG|MIR143,MIR143HG|coexpression_network	tcell_dysfunction	tumor_dedifferentiation	MIR143,MIR143HG	MIR143,MIR143HG	coexpression_network
primary_recist	melanoma_recist_supported_primary	PRJEB23709_PD1_PRE	EcoNiche-Opt-WordNoBioObjective	word_no_bio_objective	tnk_effector|tnk_effector|GZMA|NKG7|coexpression_network	tnk_effector	tnk_effector	GZMA	NKG7	coexpression_network
primary_recist	melanoma_recist_supported_primary	PRJEB23709_PD1_PRE	EcoNiche-Opt-WordNoBioObjective	word_no_bio_objective	tnk_effector|tnk_effector|CD8B|NKG7|coexpression_network	tnk_effector	tnk_effector	CD8B	NKG7	coexpression_network
primary_recist	melanoma_recist_supported_primary	PRJEB23709_PD1_PRE	EcoNiche-Opt-WordNoBioObjective	word_no_bio_objective	tnk_effector|tumor_dedifferentiation|SLC13A3,TP53RK|SLC13A3,TP53RK|coexpression_network	tnk_effector	tumor_dedifferentiation	SLC13A3,TP53RK	SLC13A3,TP53RK	coexpression_network
primary_recist	melanoma_recist_supported_primary	PRJEB23709_PD1_PRE	EcoNiche-Opt-WordNoBioObjective	word_no_bio_objective	tnk_effector|tumor_dedifferentiation|MIR4763,MIRLET7A3,MIRLET7B,MIRLET7BHG|MIR4763,MIRLET7A3,MIRLET7B,MIRLET7BHG|coexpression_network	tnk_effector	tumor_dedifferentiation	MIR4763,MIRLET7A3,MIRLET7B,MIRLET7BHG	MIR4763,MIRLET7A3,MIRLET7B,MIRLET7BHG	coexpression_network
primary_recist	melanoma_recist_supported_primary	PRJEB23709_PD1_PRE	EcoNiche-Opt-WordNoBioObjective	word_no_bio_objective	tumor_dedifferentiation|tumor_dedifferentiation|MIR143,MIR143HG|MIR4763,MIRLET7A3,MIRLET7B,MIRLET7BHG|coexpression_network	tumor_dedifferentiation	tumor_dedifferentiation	MIR143,MIR143HG	MIR4763,MIRLET7A3,MIRLET7B,MIRLET7BHG	coexpression_network
primary_recist	melanoma_recist_supported_primary	PRJEB23709_PD1_PRE	EcoNiche-Opt-WordNoBioObjective	word_no_bio_objective	tumor_dedifferentiation|tumor_dedifferentiation|HPN,SCN1B|MIR143,MIR143HG|coexpression_network	tumor_dedifferentiation	tumor_dedifferentiation	HPN,SCN1B	MIR143,MIR143HG	coexpression_network
primary_recist	melanoma_core_high_evidence	GSE91061	EcoNiche-Opt-HeuristicEcology	word_full_graph	antigen_presentation_mhc|tnk_effector|HLA-A|B2M|pathway	antigen_presentation_mhc	tnk_effector	HLA-A	B2M	pathway
primary_recist	melanoma_core_high_evidence	GSE91061	EcoNiche-Opt-HeuristicEcology	word_full_graph	myeloid_suppression|myeloid_suppression|S100A8|S100A9|network	myeloid_suppression	myeloid_suppression	S100A8	S100A9	network
primary_recist	melanoma_core_high_evidence	GSE91061	EcoNiche-Opt-HeuristicEcology	word_full_graph	tnk_effector|antigen_presentation_mhc|IFNG|HLA-A|regulatory	tnk_effector	antigen_presentation_mhc	IFNG	HLA-A	regulatory
primary_recist	melanoma_core_high_evidence	GSE91061	EcoNiche-Opt-HeuristicEcology	word_full_graph	antigen_presentation_mhc|antigen_presentation_mhc|HLA-A|HLA-C|coexpression_network	antigen_presentation_mhc	antigen_presentation_mhc	HLA-A	HLA-C	coexpression_network
primary_recist	melanoma_core_high_evidence	GSE91061	EcoNiche-Opt-HeuristicEcology	word_full_graph	antigen_presentation_mhc|antigen_presentation_mhc|HLA-A|TAP2|coexpression_network	antigen_presentation_mhc	antigen_presentation_mhc	HLA-A	TAP2	coexpression_network
primary_recist	melanoma_core_high_evidence	GSE91061	EcoNiche-Opt-HeuristicEcology	word_full_graph	antigen_presentation_mhc|caf_ecm_exclusion|TRAJ1|CARMIL2|coexpression_network	antigen_presentation_mhc	caf_ecm_exclusion	TRAJ1	CARMIL2	coexpression_network
primary_recist	melanoma_core_high_evidence	GSE91061	EcoNiche-Opt-HeuristicEcology	word_full_graph	antigen_presentation_mhc|caf_ecm_exclusion|HLA-C|COL3A1|coexpression_network	antigen_presentation_mhc	caf_ecm_exclusion	HLA-C	COL3A1	coexpression_network
primary_recist	melanoma_core_high_evidence	GSE91061	EcoNiche-Opt-HeuristicEcology	word_full_graph	antigen_presentation_mhc|myeloid_suppression|TRAJ1|TRAJ1|coexpression_network	antigen_presentation_mhc	myeloid_suppression	TRAJ1	TRAJ1	coexpression_network
primary_recist	melanoma_core_high_evidence	GSE91061	EcoNiche-Opt-HeuristicEcology	word_full_graph	antigen_presentation_mhc|myeloid_suppression|TRAJ1|TRAJ52|coexpression_network	antigen_presentation_mhc	myeloid_suppression	TRAJ1	TRAJ52	coexpression_network
primary_recist	melanoma_core_high_evidence	GSE91061	EcoNiche-Opt-HeuristicEcology	word_full_graph	antigen_presentation_mhc|tcell_dysfunction|TRAJ1|PDCD1|coexpression_network	antigen_presentation_mhc	tcell_dysfunction	TRAJ1	PDCD1	coexpression_network
primary_recist	melanoma_core_high_evidence	GSE91061	EcoNiche-Opt-HeuristicEcology	word_full_graph	antigen_presentation_mhc|tcell_dysfunction|TAP2|PDCD1|coexpression_network	antigen_presentation_mhc	tcell_dysfunction	TAP2	PDCD1	coexpression_network
primary_recist	melanoma_core_high_evidence	GSE91061	EcoNiche-Opt-HeuristicEcology	word_full_graph	antigen_presentation_mhc|tnk_effector|TRAJ1|CD8A|coexpression_network	antigen_presentation_mhc	tnk_effector	TRAJ1	CD8A	coexpression_network
primary_recist	melanoma_core_high_evidence	GSE91061	EcoNiche-Opt-HeuristicEcology	word_full_graph	antigen_presentation_mhc|tnk_effector|TRAJ1|PRF1|coexpression_network	antigen_presentation_mhc	tnk_effector	TRAJ1	PRF1	coexpression_network
primary_recist	melanoma_core_high_evidence	GSE91061	EcoNiche-Opt-HeuristicEcology	word_full_graph	antigen_presentation_mhc|tumor_dedifferentiation|HLA-C|SOX10|coexpression_network	antigen_presentation_mhc	tumor_dedifferentiation	HLA-C	SOX10	coexpression_network
primary_recist	melanoma_core_high_evidence	GSE91061	EcoNiche-Opt-HeuristicEcology	word_full_graph	antigen_presentation_mhc|tumor_dedifferentiation|HLA-C|ZEB1|coexpression_network	antigen_presentation_mhc	tumor_dedifferentiation	HLA-C	ZEB1	coexpression_network
primary_recist	melanoma_core_high_evidence	GSE91061	EcoNiche-Opt-HeuristicEcology	word_full_graph	caf_ecm_exclusion|caf_ecm_exclusion|COL1A1|COL3A1|coexpression_network	caf_ecm_exclusion	caf_ecm_exclusion	COL1A1	COL3A1	coexpression_network
primary_recist	melanoma_core_high_evidence	GSE91061	EcoNiche-Opt-HeuristicEcology	word_full_graph	caf_ecm_exclusion|caf_ecm_exclusion|COL3A1|POSTN|coexpression_network	caf_ecm_exclusion	caf_ecm_exclusion	COL3A1	POSTN	coexpression_network
primary_recist	melanoma_core_high_evidence	GSE91061	EcoNiche-Opt-HeuristicEcology	word_full_graph	caf_ecm_exclusion|myeloid_suppression|CARMIL2|TRAJ1|coexpression_network	caf_ecm_exclusion	myeloid_suppression	CARMIL2	TRAJ1	coexpression_network
primary_recist	melanoma_core_high_evidence	GSE91061	EcoNiche-Opt-HeuristicEcology	word_full_graph	caf_ecm_exclusion|myeloid_suppression|COL3A1|CD163|coexpression_network	caf_ecm_exclusion	myeloid_suppression	COL3A1	CD163	coexpression_network
primary_recist	melanoma_core_high_evidence	GSE91061	EcoNiche-Opt-HeuristicEcology	word_full_graph	caf_ecm_exclusion|tcell_dysfunction|CARMIL2|PDCD1|coexpression_network	caf_ecm_exclusion	tcell_dysfunction	CARMIL2	PDCD1	coexpression_network
primary_recist	melanoma_core_high_evidence	GSE91061	EcoNiche-Opt-HeuristicEcology	word_full_graph	caf_ecm_exclusion|tcell_dysfunction|CARMIL2|IGKV4-1|coexpression_network	caf_ecm_exclusion	tcell_dysfunction	CARMIL2	IGKV4-1	coexpression_network
primary_recist	melanoma_core_high_evidence	GSE91061	EcoNiche-Opt-HeuristicEcology	word_full_graph	caf_ecm_exclusion|tnk_effector|CARMIL2|CD8A|coexpression_network	caf_ecm_exclusion	tnk_effector	CARMIL2	CD8A	coexpression_network
primary_recist	melanoma_core_high_evidence	GSE91061	EcoNiche-Opt-HeuristicEcology	word_full_graph	caf_ecm_exclusion|tnk_effector|CARMIL2|PRF1|coexpression_network	caf_ecm_exclusion	tnk_effector	CARMIL2	PRF1	coexpression_network
primary_recist	melanoma_core_high_evidence	GSE91061	EcoNiche-Opt-HeuristicEcology	word_full_graph	caf_ecm_exclusion|tumor_dedifferentiation|LOC102724050|LOC102724050|coexpression_network	caf_ecm_exclusion	tumor_dedifferentiation	LOC102724050	LOC102724050	coexpression_network
primary_recist	melanoma_core_high_evidence	GSE91061	EcoNiche-Opt-HeuristicEcology	word_full_graph	caf_ecm_exclusion|tumor_dedifferentiation|TRAJ10|TRAJ10|coexpression_network	caf_ecm_exclusion	tumor_dedifferentiation	TRAJ10	TRAJ10	coexpression_network
primary_recist	melanoma_core_high_evidence	GSE91061	EcoNiche-Opt-HeuristicEcology	word_full_graph	myeloid_suppression|myeloid_suppression|S100A8|S100A9|coexpression_network	myeloid_suppression	myeloid_suppression	S100A8	S100A9	coexpression_network
primary_recist	melanoma_core_high_evidence	GSE91061	EcoNiche-Opt-HeuristicEcology	word_full_graph	myeloid_suppression|myeloid_suppression|TRAJ1|TRAJ52|coexpression_network	myeloid_suppression	myeloid_suppression	TRAJ1	TRAJ52	coexpression_network
primary_recist	melanoma_core_high_evidence	GSE91061	EcoNiche-Opt-HeuristicEcology	word_full_graph	myeloid_suppression|tcell_dysfunction|TRAJ1|PDCD1|coexpression_network	myeloid_suppression	tcell_dysfunction	TRAJ1	PDCD1	coexpression_network
primary_recist	melanoma_core_high_evidence	GSE91061	EcoNiche-Opt-HeuristicEcology	word_full_graph	myeloid_suppression|tcell_dysfunction|TRAJ1|IGKV4-1|coexpression_network	myeloid_suppression	tcell_dysfunction	TRAJ1	IGKV4-1	coexpression_network
primary_recist	melanoma_core_high_evidence	GSE91061	EcoNiche-Opt-HeuristicEcology	word_full_graph	myeloid_suppression|tnk_effector|TRAJ1|CD8A|coexpression_network	myeloid_suppression	tnk_effector	TRAJ1	CD8A	coexpression_network
primary_recist	melanoma_core_high_evidence	GSE91061	EcoNiche-Opt-HeuristicEcology	word_full_graph	myeloid_suppression|tnk_effector|TRAJ1|PRF1|coexpression_network	myeloid_suppression	tnk_effector	TRAJ1	PRF1	coexpression_network
primary_recist	melanoma_core_high_evidence	GSE91061	EcoNiche-Opt-HeuristicEcology	word_full_graph	myeloid_suppression|tumor_dedifferentiation|LOC101927356|LOC102724050|coexpression_network	myeloid_suppression	tumor_dedifferentiation	LOC101927356	LOC102724050	coexpression_network
primary_recist	melanoma_core_high_evidence	GSE91061	EcoNiche-Opt-HeuristicEcology	word_full_graph	myeloid_suppression|tumor_dedifferentiation|CD163|ZEB1|coexpression_network	myeloid_suppression	tumor_dedifferentiation	CD163	ZEB1	coexpression_network
primary_recist	melanoma_core_high_evidence	GSE91061	EcoNiche-Opt-HeuristicEcology	word_full_graph	tcell_dysfunction|tcell_dysfunction|IGHV6-1|IGKV4-1|coexpression_network	tcell_dysfunction	tcell_dysfunction	IGHV6-1	IGKV4-1	coexpression_network
primary_recist	melanoma_core_high_evidence	GSE91061	EcoNiche-Opt-HeuristicEcology	word_full_graph	tcell_dysfunction|tcell_dysfunction|IGKV4-1|PDCD1|coexpression_network	tcell_dysfunction	tcell_dysfunction	IGKV4-1	PDCD1	coexpression_network
primary_recist	melanoma_core_high_evidence	GSE91061	EcoNiche-Opt-HeuristicEcology	word_full_graph	tcell_dysfunction|tnk_effector|PDCD1|CD8A|coexpression_network	tcell_dysfunction	tnk_effector	PDCD1	CD8A	coexpression_network
primary_recist	melanoma_core_high_evidence	GSE91061	EcoNiche-Opt-HeuristicEcology	word_full_graph	tcell_dysfunction|tnk_effector|PDCD1|PRF1|coexpression_network	tcell_dysfunction	tnk_effector	PDCD1	PRF1	coexpression_network
primary_recist	melanoma_core_high_evidence	GSE91061	EcoNiche-Opt-HeuristicEcology	word_full_graph	tcell_dysfunction|tumor_dedifferentiation|PDCD1|TRAJ10|coexpression_network	tcell_dysfunction	tumor_dedifferentiation	PDCD1	TRAJ10	coexpression_network
primary_recist	melanoma_core_high_evidence	GSE91061	EcoNiche-Opt-HeuristicEcology	word_full_graph	tcell_dysfunction|tumor_dedifferentiation|IGHV6-1|TRAJ10|coexpression_network	tcell_dysfunction	tumor_dedifferentiation	IGHV6-1	TRAJ10	coexpression_network
primary_recist	melanoma_core_high_evidence	GSE91061	EcoNiche-Opt-HeuristicEcology	word_full_graph	tnk_effector|tnk_effector|CD8A|GZMA|coexpression_network	tnk_effector	tnk_effector	CD8A	GZMA	coexpression_network
primary_recist	melanoma_core_high_evidence	GSE91061	EcoNiche-Opt-HeuristicEcology	word_full_graph	tnk_effector|tnk_effector|CD8A|PRF1|coexpression_network	tnk_effector	tnk_effector	CD8A	PRF1	coexpression_network
primary_recist	melanoma_core_high_evidence	GSE91061	EcoNiche-Opt-HeuristicEcology	word_full_graph	tnk_effector|tumor_dedifferentiation|CD8A|TRAJ10|coexpression_network	tnk_effector	tumor_dedifferentiation	CD8A	TRAJ10	coexpression_network
primary_recist	melanoma_core_high_evidence	GSE91061	EcoNiche-Opt-HeuristicEcology	word_full_graph	tnk_effector|tumor_dedifferentiation|IFNG|TRAJ10|coexpression_network	tnk_effector	tumor_dedifferentiation	IFNG	TRAJ10	coexpression_network
primary_recist	melanoma_core_high_evidence	GSE91061	EcoNiche-Opt-HeuristicEcology	word_full_graph	tumor_dedifferentiation|tumor_dedifferentiation|SOX10|ZEB1|coexpression_network	tumor_dedifferentiation	tumor_dedifferentiation	SOX10	ZEB1	coexpression_network
primary_recist	melanoma_core_high_evidence	GSE91061	EcoNiche-Opt-HeuristicEcology	word_full_graph	tumor_dedifferentiation|tumor_dedifferentiation|VIM|ZEB1|coexpression_network	tumor_dedifferentiation	tumor_dedifferentiation	VIM	ZEB1	coexpression_network
primary_recist	melanoma_core_high_evidence	GSE91061	EcoNiche-Opt-WordFullGraph	word_full_graph	antigen_presentation_mhc|tnk_effector|HLA-A|B2M|pathway	antigen_presentation_mhc	tnk_effector	HLA-A	B2M	pathway
primary_recist	melanoma_core_high_evidence	GSE91061	EcoNiche-Opt-WordFullGraph	word_full_graph	myeloid_suppression|myeloid_suppression|S100A8|S100A9|network	myeloid_suppression	myeloid_suppression	S100A8	S100A9	network
primary_recist	melanoma_core_high_evidence	GSE91061	EcoNiche-Opt-WordFullGraph	word_full_graph	tnk_effector|antigen_presentation_mhc|IFNG|HLA-A|regulatory	tnk_effector	antigen_presentation_mhc	IFNG	HLA-A	regulatory
primary_recist	melanoma_core_high_evidence	GSE91061	EcoNiche-Opt-WordFullGraph	word_full_graph	antigen_presentation_mhc|antigen_presentation_mhc|HLA-A|HLA-C|coexpression_network	antigen_presentation_mhc	antigen_presentation_mhc	HLA-A	HLA-C	coexpression_network
primary_recist	melanoma_core_high_evidence	GSE91061	EcoNiche-Opt-WordFullGraph	word_full_graph	antigen_presentation_mhc|antigen_presentation_mhc|HLA-A|TAP2|coexpression_network	antigen_presentation_mhc	antigen_presentation_mhc	HLA-A	TAP2	coexpression_network
primary_recist	melanoma_core_high_evidence	GSE91061	EcoNiche-Opt-WordFullGraph	word_full_graph	antigen_presentation_mhc|caf_ecm_exclusion|TRAJ1|CARMIL2|coexpression_network	antigen_presentation_mhc	caf_ecm_exclusion	TRAJ1	CARMIL2	coexpression_network
primary_recist	melanoma_core_high_evidence	GSE91061	EcoNiche-Opt-WordFullGraph	word_full_graph	antigen_presentation_mhc|caf_ecm_exclusion|HLA-C|COL3A1|coexpression_network	antigen_presentation_mhc	caf_ecm_exclusion	HLA-C	COL3A1	coexpression_network
primary_recist	melanoma_core_high_evidence	GSE91061	EcoNiche-Opt-WordFullGraph	word_full_graph	antigen_presentation_mhc|myeloid_suppression|TRAJ1|TRAJ1|coexpression_network	antigen_presentation_mhc	myeloid_suppression	TRAJ1	TRAJ1	coexpression_network
primary_recist	melanoma_core_high_evidence	GSE91061	EcoNiche-Opt-WordFullGraph	word_full_graph	antigen_presentation_mhc|myeloid_suppression|TRAJ1|TRAJ52|coexpression_network	antigen_presentation_mhc	myeloid_suppression	TRAJ1	TRAJ52	coexpression_network
primary_recist	melanoma_core_high_evidence	GSE91061	EcoNiche-Opt-WordFullGraph	word_full_graph	antigen_presentation_mhc|tcell_dysfunction|TRAJ1|PDCD1|coexpression_network	antigen_presentation_mhc	tcell_dysfunction	TRAJ1	PDCD1	coexpression_network
primary_recist	melanoma_core_high_evidence	GSE91061	EcoNiche-Opt-WordFullGraph	word_full_graph	antigen_presentation_mhc|tcell_dysfunction|TAP2|PDCD1|coexpression_network	antigen_presentation_mhc	tcell_dysfunction	TAP2	PDCD1	coexpression_network
primary_recist	melanoma_core_high_evidence	GSE91061	EcoNiche-Opt-WordFullGraph	word_full_graph	antigen_presentation_mhc|tnk_effector|TRAJ1|CD8A|coexpression_network	antigen_presentation_mhc	tnk_effector	TRAJ1	CD8A	coexpression_network
primary_recist	melanoma_core_high_evidence	GSE91061	EcoNiche-Opt-WordFullGraph	word_full_graph	antigen_presentation_mhc|tnk_effector|TRAJ1|PRF1|coexpression_network	antigen_presentation_mhc	tnk_effector	TRAJ1	PRF1	coexpression_network
primary_recist	melanoma_core_high_evidence	GSE91061	EcoNiche-Opt-WordFullGraph	word_full_graph	antigen_presentation_mhc|tumor_dedifferentiation|HLA-C|SOX10|coexpression_network	antigen_presentation_mhc	tumor_dedifferentiation	HLA-C	SOX10	coexpression_network
primary_recist	melanoma_core_high_evidence	GSE91061	EcoNiche-Opt-WordFullGraph	word_full_graph	antigen_presentation_mhc|tumor_dedifferentiation|HLA-C|ZEB1|coexpression_network	antigen_presentation_mhc	tumor_dedifferentiation	HLA-C	ZEB1	coexpression_network
primary_recist	melanoma_core_high_evidence	GSE91061	EcoNiche-Opt-WordFullGraph	word_full_graph	caf_ecm_exclusion|caf_ecm_exclusion|COL1A1|COL3A1|coexpression_network	caf_ecm_exclusion	caf_ecm_exclusion	COL1A1	COL3A1	coexpression_network
primary_recist	melanoma_core_high_evidence	GSE91061	EcoNiche-Opt-WordFullGraph	word_full_graph	caf_ecm_exclusion|caf_ecm_exclusion|COL3A1|POSTN|coexpression_network	caf_ecm_exclusion	caf_ecm_exclusion	COL3A1	POSTN	coexpression_network
primary_recist	melanoma_core_high_evidence	GSE91061	EcoNiche-Opt-WordFullGraph	word_full_graph	caf_ecm_exclusion|myeloid_suppression|CARMIL2|TRAJ1|coexpression_network	caf_ecm_exclusion	myeloid_suppression	CARMIL2	TRAJ1	coexpression_network
primary_recist	melanoma_core_high_evidence	GSE91061	EcoNiche-Opt-WordFullGraph	word_full_graph	caf_ecm_exclusion|myeloid_suppression|COL3A1|CD163|coexpression_network	caf_ecm_exclusion	myeloid_suppression	COL3A1	CD163	coexpression_network
primary_recist	melanoma_core_high_evidence	GSE91061	EcoNiche-Opt-WordFullGraph	word_full_graph	caf_ecm_exclusion|tcell_dysfunction|CARMIL2|PDCD1|coexpression_network	caf_ecm_exclusion	tcell_dysfunction	CARMIL2	PDCD1	coexpression_network
primary_recist	melanoma_core_high_evidence	GSE91061	EcoNiche-Opt-WordFullGraph	word_full_graph	caf_ecm_exclusion|tcell_dysfunction|CARMIL2|IGKV4-1|coexpression_network	caf_ecm_exclusion	tcell_dysfunction	CARMIL2	IGKV4-1	coexpression_network
primary_recist	melanoma_core_high_evidence	GSE91061	EcoNiche-Opt-WordFullGraph	word_full_graph	caf_ecm_exclusion|tnk_effector|CARMIL2|CD8A|coexpression_network	caf_ecm_exclusion	tnk_effector	CARMIL2	CD8A	coexpression_network
primary_recist	melanoma_core_high_evidence	GSE91061	EcoNiche-Opt-WordFullGraph	word_full_graph	caf_ecm_exclusion|tnk_effector|CARMIL2|PRF1|coexpression_network	caf_ecm_exclusion	tnk_effector	CARMIL2	PRF1	coexpression_network
primary_recist	melanoma_core_high_evidence	GSE91061	EcoNiche-Opt-WordFullGraph	word_full_graph	caf_ecm_exclusion|tumor_dedifferentiation|LOC102724050|LOC102724050|coexpression_network	caf_ecm_exclusion	tumor_dedifferentiation	LOC102724050	LOC102724050	coexpression_network
primary_recist	melanoma_core_high_evidence	GSE91061	EcoNiche-Opt-WordFullGraph	word_full_graph	caf_ecm_exclusion|tumor_dedifferentiation|TRAJ10|TRAJ10|coexpression_network	caf_ecm_exclusion	tumor_dedifferentiation	TRAJ10	TRAJ10	coexpression_network
primary_recist	melanoma_core_high_evidence	GSE91061	EcoNiche-Opt-WordFullGraph	word_full_graph	myeloid_suppression|myeloid_suppression|S100A8|S100A9|coexpression_network	myeloid_suppression	myeloid_suppression	S100A8	S100A9	coexpression_network
primary_recist	melanoma_core_high_evidence	GSE91061	EcoNiche-Opt-WordFullGraph	word_full_graph	myeloid_suppression|myeloid_suppression|TRAJ1|TRAJ52|coexpression_network	myeloid_suppression	myeloid_suppression	TRAJ1	TRAJ52	coexpression_network
primary_recist	melanoma_core_high_evidence	GSE91061	EcoNiche-Opt-WordFullGraph	word_full_graph	myeloid_suppression|tcell_dysfunction|TRAJ1|PDCD1|coexpression_network	myeloid_suppression	tcell_dysfunction	TRAJ1	PDCD1	coexpression_network
primary_recist	melanoma_core_high_evidence	GSE91061	EcoNiche-Opt-WordFullGraph	word_full_graph	myeloid_suppression|tcell_dysfunction|TRAJ1|IGKV4-1|coexpression_network	myeloid_suppression	tcell_dysfunction	TRAJ1	IGKV4-1	coexpression_network
primary_recist	melanoma_core_high_evidence	GSE91061	EcoNiche-Opt-WordFullGraph	word_full_graph	myeloid_suppression|tnk_effector|TRAJ1|CD8A|coexpression_network	myeloid_suppression	tnk_effector	TRAJ1	CD8A	coexpression_network
primary_recist	melanoma_core_high_evidence	GSE91061	EcoNiche-Opt-WordFullGraph	word_full_graph	myeloid_suppression|tnk_effector|TRAJ1|PRF1|coexpression_network	myeloid_suppression	tnk_effector	TRAJ1	PRF1	coexpression_network
primary_recist	melanoma_core_high_evidence	GSE91061	EcoNiche-Opt-WordFullGraph	word_full_graph	myeloid_suppression|tumor_dedifferentiation|LOC101927356|LOC102724050|coexpression_network	myeloid_suppression	tumor_dedifferentiation	LOC101927356	LOC102724050	coexpression_network
primary_recist	melanoma_core_high_evidence	GSE91061	EcoNiche-Opt-WordFullGraph	word_full_graph	myeloid_suppression|tumor_dedifferentiation|CD163|ZEB1|coexpression_network	myeloid_suppression	tumor_dedifferentiation	CD163	ZEB1	coexpression_network
primary_recist	melanoma_core_high_evidence	GSE91061	EcoNiche-Opt-WordFullGraph	word_full_graph	tcell_dysfunction|tcell_dysfunction|IGHV6-1|IGKV4-1|coexpression_network	tcell_dysfunction	tcell_dysfunction	IGHV6-1	IGKV4-1	coexpression_network
primary_recist	melanoma_core_high_evidence	GSE91061	EcoNiche-Opt-WordFullGraph	word_full_graph	tcell_dysfunction|tcell_dysfunction|IGKV4-1|PDCD1|coexpression_network	tcell_dysfunction	tcell_dysfunction	IGKV4-1	PDCD1	coexpression_network
primary_recist	melanoma_core_high_evidence	GSE91061	EcoNiche-Opt-WordFullGraph	word_full_graph	tcell_dysfunction|tnk_effector|PDCD1|CD8A|coexpression_network	tcell_dysfunction	tnk_effector	PDCD1	CD8A	coexpression_network
primary_recist	melanoma_core_high_evidence	GSE91061	EcoNiche-Opt-WordFullGraph	word_full_graph	tcell_dysfunction|tnk_effector|PDCD1|PRF1|coexpression_network	tcell_dysfunction	tnk_effector	PDCD1	PRF1	coexpression_network
primary_recist	melanoma_core_high_evidence	GSE91061	EcoNiche-Opt-WordFullGraph	word_full_graph	tcell_dysfunction|tumor_dedifferentiation|PDCD1|TRAJ10|coexpression_network	tcell_dysfunction	tumor_dedifferentiation	PDCD1	TRAJ10	coexpression_network
primary_recist	melanoma_core_high_evidence	GSE91061	EcoNiche-Opt-WordFullGraph	word_full_graph	tcell_dysfunction|tumor_dedifferentiation|IGHV6-1|TRAJ10|coexpression_network	tcell_dysfunction	tumor_dedifferentiation	IGHV6-1	TRAJ10	coexpression_network
primary_recist	melanoma_core_high_evidence	GSE91061	EcoNiche-Opt-WordFullGraph	word_full_graph	tnk_effector|tnk_effector|CD8A|GZMA|coexpression_network	tnk_effector	tnk_effector	CD8A	GZMA	coexpression_network
primary_recist	melanoma_core_high_evidence	GSE91061	EcoNiche-Opt-WordFullGraph	word_full_graph	tnk_effector|tnk_effector|CD8A|PRF1|coexpression_network	tnk_effector	tnk_effector	CD8A	PRF1	coexpression_network
primary_recist	melanoma_core_high_evidence	GSE91061	EcoNiche-Opt-WordFullGraph	word_full_graph	tnk_effector|tumor_dedifferentiation|CD8A|TRAJ10|coexpression_network	tnk_effector	tumor_dedifferentiation	CD8A	TRAJ10	coexpression_network
primary_recist	melanoma_core_high_evidence	GSE91061	EcoNiche-Opt-WordFullGraph	word_full_graph	tnk_effector|tumor_dedifferentiation|IFNG|TRAJ10|coexpression_network	tnk_effector	tumor_dedifferentiation	IFNG	TRAJ10	coexpression_network
primary_recist	melanoma_core_high_evidence	GSE91061	EcoNiche-Opt-WordFullGraph	word_full_graph	tumor_dedifferentiation|tumor_dedifferentiation|SOX10|ZEB1|coexpression_network	tumor_dedifferentiation	tumor_dedifferentiation	SOX10	ZEB1	coexpression_network
primary_recist	melanoma_core_high_evidence	GSE91061	EcoNiche-Opt-WordFullGraph	word_full_graph	tumor_dedifferentiation|tumor_dedifferentiation|VIM|ZEB1|coexpression_network	tumor_dedifferentiation	tumor_dedifferentiation	VIM	ZEB1	coexpression_network
primary_recist	melanoma_core_high_evidence	GSE91061	EcoNiche-Opt-WordUnsignedGraph	word_unsigned_graph	tcell_dysfunction|tcell_dysfunction|PDCD1|LAG3|checkpoint	tcell_dysfunction	tcell_dysfunction	PDCD1	LAG3	checkpoint
primary_recist	melanoma_core_high_evidence	GSE91061	EcoNiche-Opt-WordUnsignedGraph	word_unsigned_graph	caf_ecm_exclusion|caf_ecm_exclusion|COL1A1|FN1|network	caf_ecm_exclusion	caf_ecm_exclusion	COL1A1	FN1	network
primary_recist	melanoma_core_high_evidence	GSE91061	EcoNiche-Opt-WordUnsignedGraph	word_unsigned_graph	antigen_presentation_mhc|antigen_presentation_mhc|HLA-B|HLA-C|coexpression_network	antigen_presentation_mhc	antigen_presentation_mhc	HLA-B	HLA-C	coexpression_network
primary_recist	melanoma_core_high_evidence	GSE91061	EcoNiche-Opt-WordUnsignedGraph	word_unsigned_graph	antigen_presentation_mhc|antigen_presentation_mhc|CARMIL2|IGLV1-40|coexpression_network	antigen_presentation_mhc	antigen_presentation_mhc	CARMIL2	IGLV1-40	coexpression_network
primary_recist	melanoma_core_high_evidence	GSE91061	EcoNiche-Opt-WordUnsignedGraph	word_unsigned_graph	antigen_presentation_mhc|caf_ecm_exclusion|IGLV1-40|IGLV2-11|coexpression_network	antigen_presentation_mhc	caf_ecm_exclusion	IGLV1-40	IGLV2-11	coexpression_network
primary_recist	melanoma_core_high_evidence	GSE91061	EcoNiche-Opt-WordUnsignedGraph	word_unsigned_graph	antigen_presentation_mhc|caf_ecm_exclusion|CARMIL2|IGLV2-11|coexpression_network	antigen_presentation_mhc	caf_ecm_exclusion	CARMIL2	IGLV2-11	coexpression_network
primary_recist	melanoma_core_high_evidence	GSE91061	EcoNiche-Opt-WordUnsignedGraph	word_unsigned_graph	antigen_presentation_mhc|myeloid_suppression|LOC101927356|LOC101927356|coexpression_network	antigen_presentation_mhc	myeloid_suppression	LOC101927356	LOC101927356	coexpression_network
primary_recist	melanoma_core_high_evidence	GSE91061	EcoNiche-Opt-WordUnsignedGraph	word_unsigned_graph	antigen_presentation_mhc|myeloid_suppression|IGLV1-40|IGLV1-40|coexpression_network	antigen_presentation_mhc	myeloid_suppression	IGLV1-40	IGLV1-40	coexpression_network
primary_recist	melanoma_core_high_evidence	GSE91061	EcoNiche-Opt-WordUnsignedGraph	word_unsigned_graph	antigen_presentation_mhc|tcell_dysfunction|CARMIL2|CARMIL2|coexpression_network	antigen_presentation_mhc	tcell_dysfunction	CARMIL2	CARMIL2	coexpression_network
primary_recist	melanoma_core_high_evidence	GSE91061	EcoNiche-Opt-WordUnsignedGraph	word_unsigned_graph	antigen_presentation_mhc|tcell_dysfunction|CARMIL2|PDCD1|coexpression_network	antigen_presentation_mhc	tcell_dysfunction	CARMIL2	PDCD1	coexpression_network
primary_recist	melanoma_core_high_evidence	GSE91061	EcoNiche-Opt-WordUnsignedGraph	word_unsigned_graph	antigen_presentation_mhc|tnk_effector|IGLV1-40|IFNG|coexpression_network	antigen_presentation_mhc	tnk_effector	IGLV1-40	IFNG	coexpression_network
primary_recist	melanoma_core_high_evidence	GSE91061	EcoNiche-Opt-WordUnsignedGraph	word_unsigned_graph	antigen_presentation_mhc|tnk_effector|CARMIL2|GZMA|coexpression_network	antigen_presentation_mhc	tnk_effector	CARMIL2	GZMA	coexpression_network
primary_recist	melanoma_core_high_evidence	GSE91061	EcoNiche-Opt-WordUnsignedGraph	word_unsigned_graph	antigen_presentation_mhc|tumor_dedifferentiation|TRAJ10|TRAJ10|coexpression_network	antigen_presentation_mhc	tumor_dedifferentiation	TRAJ10	TRAJ10	coexpression_network
primary_recist	melanoma_core_high_evidence	GSE91061	EcoNiche-Opt-WordUnsignedGraph	word_unsigned_graph	antigen_presentation_mhc|tumor_dedifferentiation|IGHD3-10|IGHD3-10|coexpression_network	antigen_presentation_mhc	tumor_dedifferentiation	IGHD3-10	IGHD3-10	coexpression_network
primary_recist	melanoma_core_high_evidence	GSE91061	EcoNiche-Opt-WordUnsignedGraph	word_unsigned_graph	caf_ecm_exclusion|caf_ecm_exclusion|COL1A1|FN1|coexpression_network	caf_ecm_exclusion	caf_ecm_exclusion	COL1A1	FN1	coexpression_network
primary_recist	melanoma_core_high_evidence	GSE91061	EcoNiche-Opt-WordUnsignedGraph	word_unsigned_graph	caf_ecm_exclusion|caf_ecm_exclusion|COL1A1|LOXL2|coexpression_network	caf_ecm_exclusion	caf_ecm_exclusion	COL1A1	LOXL2	coexpression_network
primary_recist	melanoma_core_high_evidence	GSE91061	EcoNiche-Opt-WordUnsignedGraph	word_unsigned_graph	caf_ecm_exclusion|myeloid_suppression|IGLV2-11|IGLV1-40|coexpression_network	caf_ecm_exclusion	myeloid_suppression	IGLV2-11	IGLV1-40	coexpression_network
primary_recist	melanoma_core_high_evidence	GSE91061	EcoNiche-Opt-WordUnsignedGraph	word_unsigned_graph	caf_ecm_exclusion|myeloid_suppression|COL1A1|ITGAM|coexpression_network	caf_ecm_exclusion	myeloid_suppression	COL1A1	ITGAM	coexpression_network
primary_recist	melanoma_core_high_evidence	GSE91061	EcoNiche-Opt-WordUnsignedGraph	word_unsigned_graph	caf_ecm_exclusion|tcell_dysfunction|IGLV2-11|CXCL13|coexpression_network	caf_ecm_exclusion	tcell_dysfunction	IGLV2-11	CXCL13	coexpression_network
primary_recist	melanoma_core_high_evidence	GSE91061	EcoNiche-Opt-WordUnsignedGraph	word_unsigned_graph	caf_ecm_exclusion|tcell_dysfunction|IGLV2-11|LAG3|coexpression_network	caf_ecm_exclusion	tcell_dysfunction	IGLV2-11	LAG3	coexpression_network
primary_recist	melanoma_core_high_evidence	GSE91061	EcoNiche-Opt-WordUnsignedGraph	word_unsigned_graph	caf_ecm_exclusion|tnk_effector|IGLV2-11|IFNG|coexpression_network	caf_ecm_exclusion	tnk_effector	IGLV2-11	IFNG	coexpression_network
primary_recist	melanoma_core_high_evidence	GSE91061	EcoNiche-Opt-WordUnsignedGraph	word_unsigned_graph	caf_ecm_exclusion|tnk_effector|IGLV2-11|GZMA|coexpression_network	caf_ecm_exclusion	tnk_effector	IGLV2-11	GZMA	coexpression_network
primary_recist	melanoma_core_high_evidence	GSE91061	EcoNiche-Opt-WordUnsignedGraph	word_unsigned_graph	caf_ecm_exclusion|tumor_dedifferentiation|IGLV2-11|IGLV2-11|coexpression_network	caf_ecm_exclusion	tumor_dedifferentiation	IGLV2-11	IGLV2-11	coexpression_network
primary_recist	melanoma_core_high_evidence	GSE91061	EcoNiche-Opt-WordUnsignedGraph	word_unsigned_graph	caf_ecm_exclusion|tumor_dedifferentiation|COL1A1|SOX10|coexpression_network	caf_ecm_exclusion	tumor_dedifferentiation	COL1A1	SOX10	coexpression_network
primary_recist	melanoma_core_high_evidence	GSE91061	EcoNiche-Opt-WordUnsignedGraph	word_unsigned_graph	myeloid_suppression|myeloid_suppression|CD68|ITGAM|coexpression_network	myeloid_suppression	myeloid_suppression	CD68	ITGAM	coexpression_network
primary_recist	melanoma_core_high_evidence	GSE91061	EcoNiche-Opt-WordUnsignedGraph	word_unsigned_graph	myeloid_suppression|myeloid_suppression|IGHD2-2|IGLV1-40|coexpression_network	myeloid_suppression	myeloid_suppression	IGHD2-2	IGLV1-40	coexpression_network
primary_recist	melanoma_core_high_evidence	GSE91061	EcoNiche-Opt-WordUnsignedGraph	word_unsigned_graph	myeloid_suppression|tcell_dysfunction|TRAJ1|CARMIL2|coexpression_network	myeloid_suppression	tcell_dysfunction	TRAJ1	CARMIL2	coexpression_network
primary_recist	melanoma_core_high_evidence	GSE91061	EcoNiche-Opt-WordUnsignedGraph	word_unsigned_graph	myeloid_suppression|tcell_dysfunction|ITGAM|HAVCR2|coexpression_network	myeloid_suppression	tcell_dysfunction	ITGAM	HAVCR2	coexpression_network
primary_recist	melanoma_core_high_evidence	GSE91061	EcoNiche-Opt-WordUnsignedGraph	word_unsigned_graph	myeloid_suppression|tnk_effector|IGLV1-40|IFNG|coexpression_network	myeloid_suppression	tnk_effector	IGLV1-40	IFNG	coexpression_network
primary_recist	melanoma_core_high_evidence	GSE91061	EcoNiche-Opt-WordUnsignedGraph	word_unsigned_graph	myeloid_suppression|tnk_effector|TRAJ1|GZMA|coexpression_network	myeloid_suppression	tnk_effector	TRAJ1	GZMA	coexpression_network
primary_recist	melanoma_core_high_evidence	GSE91061	EcoNiche-Opt-WordUnsignedGraph	word_unsigned_graph	myeloid_suppression|tumor_dedifferentiation|IGHD2-2|IGHD2-2|coexpression_network	myeloid_suppression	tumor_dedifferentiation	IGHD2-2	IGHD2-2	coexpression_network
primary_recist	melanoma_core_high_evidence	GSE91061	EcoNiche-Opt-WordUnsignedGraph	word_unsigned_graph	myeloid_suppression|tumor_dedifferentiation|CD68|SOX10|coexpression_network	myeloid_suppression	tumor_dedifferentiation	CD68	SOX10	coexpression_network
primary_recist	melanoma_core_high_evidence	GSE91061	EcoNiche-Opt-WordUnsignedGraph	word_unsigned_graph	tcell_dysfunction|tcell_dysfunction|LAG3|PDCD1|coexpression_network	tcell_dysfunction	tcell_dysfunction	LAG3	PDCD1	coexpression_network
primary_recist	melanoma_core_high_evidence	GSE91061	EcoNiche-Opt-WordUnsignedGraph	word_unsigned_graph	tcell_dysfunction|tcell_dysfunction|CARMIL2|PDCD1|coexpression_network	tcell_dysfunction	tcell_dysfunction	CARMIL2	PDCD1	coexpression_network
primary_recist	melanoma_core_high_evidence	GSE91061	EcoNiche-Opt-WordUnsignedGraph	word_unsigned_graph	tcell_dysfunction|tnk_effector|IGHV6-1|IGHV6-1|coexpression_network	tcell_dysfunction	tnk_effector	IGHV6-1	IGHV6-1	coexpression_network
primary_recist	melanoma_core_high_evidence	GSE91061	EcoNiche-Opt-WordUnsignedGraph	word_unsigned_graph	tcell_dysfunction|tnk_effector|PDCD1|GZMA|coexpression_network	tcell_dysfunction	tnk_effector	PDCD1	GZMA	coexpression_network
primary_recist	melanoma_core_high_evidence	GSE91061	EcoNiche-Opt-WordUnsignedGraph	word_unsigned_graph	tcell_dysfunction|tumor_dedifferentiation|TRAJ52|TRAJ52|coexpression_network	tcell_dysfunction	tumor_dedifferentiation	TRAJ52	TRAJ52	coexpression_network
primary_recist	melanoma_core_high_evidence	GSE91061	EcoNiche-Opt-WordUnsignedGraph	word_unsigned_graph	tcell_dysfunction|tumor_dedifferentiation|CXCL13|IGLV2-11|coexpression_network	tcell_dysfunction	tumor_dedifferentiation	CXCL13	IGLV2-11	coexpression_network
primary_recist	melanoma_core_high_evidence	GSE91061	EcoNiche-Opt-WordUnsignedGraph	word_unsigned_graph	tnk_effector|tnk_effector|GZMA|IFNG|coexpression_network	tnk_effector	tnk_effector	GZMA	IFNG	coexpression_network
primary_recist	melanoma_core_high_evidence	GSE91061	EcoNiche-Opt-WordUnsignedGraph	word_unsigned_graph	tnk_effector|tnk_effector|CXCL10|GZMA|coexpression_network	tnk_effector	tnk_effector	CXCL10	GZMA	coexpression_network
primary_recist	melanoma_core_high_evidence	GSE91061	EcoNiche-Opt-WordUnsignedGraph	word_unsigned_graph	tnk_effector|tumor_dedifferentiation|IFNG|IGLV2-11|coexpression_network	tnk_effector	tumor_dedifferentiation	IFNG	IGLV2-11	coexpression_network
primary_recist	melanoma_core_high_evidence	GSE91061	EcoNiche-Opt-WordUnsignedGraph	word_unsigned_graph	tnk_effector|tumor_dedifferentiation|GZMA|IGLV2-11|coexpression_network	tnk_effector	tumor_dedifferentiation	GZMA	IGLV2-11	coexpression_network
primary_recist	melanoma_core_high_evidence	GSE91061	EcoNiche-Opt-WordUnsignedGraph	word_unsigned_graph	tumor_dedifferentiation|tumor_dedifferentiation|IGHD2-2|IGHD3-10|coexpression_network	tumor_dedifferentiation	tumor_dedifferentiation	IGHD2-2	IGHD3-10	coexpression_network
primary_recist	melanoma_core_high_evidence	GSE91061	EcoNiche-Opt-WordUnsignedGraph	word_unsigned_graph	tumor_dedifferentiation|tumor_dedifferentiation|AXL|SOX10|coexpression_network	tumor_dedifferentiation	tumor_dedifferentiation	AXL	SOX10	coexpression_network
primary_recist	melanoma_core_high_evidence	GSE91061	EcoNiche-Opt-WordNoBioObjective	word_no_bio_objective	antigen_presentation_mhc|antigen_presentation_mhc|TRAJ10|TRAJ6|coexpression_network	antigen_presentation_mhc	antigen_presentation_mhc	TRAJ10	TRAJ6	coexpression_network
primary_recist	melanoma_core_high_evidence	GSE91061	EcoNiche-Opt-WordNoBioObjective	word_no_bio_objective	antigen_presentation_mhc|antigen_presentation_mhc|TAP1|TRAJ10|coexpression_network	antigen_presentation_mhc	antigen_presentation_mhc	TAP1	TRAJ10	coexpression_network
primary_recist	melanoma_core_high_evidence	GSE91061	EcoNiche-Opt-WordNoBioObjective	word_no_bio_objective	antigen_presentation_mhc|caf_ecm_exclusion|TRAJ10|TRAJ10|coexpression_network	antigen_presentation_mhc	caf_ecm_exclusion	TRAJ10	TRAJ10	coexpression_network
primary_recist	melanoma_core_high_evidence	GSE91061	EcoNiche-Opt-WordNoBioObjective	word_no_bio_objective	antigen_presentation_mhc|caf_ecm_exclusion|TRAJ6|TRAJ10|coexpression_network	antigen_presentation_mhc	caf_ecm_exclusion	TRAJ6	TRAJ10	coexpression_network
primary_recist	melanoma_core_high_evidence	GSE91061	EcoNiche-Opt-WordNoBioObjective	word_no_bio_objective	antigen_presentation_mhc|myeloid_suppression|IGHD3-10|IGHD3-10|coexpression_network	antigen_presentation_mhc	myeloid_suppression	IGHD3-10	IGHD3-10	coexpression_network
primary_recist	melanoma_core_high_evidence	GSE91061	EcoNiche-Opt-WordNoBioObjective	word_no_bio_objective	antigen_presentation_mhc|myeloid_suppression|TAP1|ITGAM|coexpression_network	antigen_presentation_mhc	myeloid_suppression	TAP1	ITGAM	coexpression_network
primary_recist	melanoma_core_high_evidence	GSE91061	EcoNiche-Opt-WordNoBioObjective	word_no_bio_objective	antigen_presentation_mhc|tcell_dysfunction|TAP1|TOX|coexpression_network	antigen_presentation_mhc	tcell_dysfunction	TAP1	TOX	coexpression_network
primary_recist	melanoma_core_high_evidence	GSE91061	EcoNiche-Opt-WordNoBioObjective	word_no_bio_objective	antigen_presentation_mhc|tcell_dysfunction|TAP1|HAVCR2|coexpression_network	antigen_presentation_mhc	tcell_dysfunction	TAP1	HAVCR2	coexpression_network
primary_recist	melanoma_core_high_evidence	GSE91061	EcoNiche-Opt-WordNoBioObjective	word_no_bio_objective	antigen_presentation_mhc|tnk_effector|IGHD3-10|IFNG|coexpression_network	antigen_presentation_mhc	tnk_effector	IGHD3-10	IFNG	coexpression_network
primary_recist	melanoma_core_high_evidence	GSE91061	EcoNiche-Opt-WordNoBioObjective	word_no_bio_objective	antigen_presentation_mhc|tnk_effector|TAP1|IFNG|coexpression_network	antigen_presentation_mhc	tnk_effector	TAP1	IFNG	coexpression_network
primary_recist	melanoma_core_high_evidence	GSE91061	EcoNiche-Opt-WordNoBioObjective	word_no_bio_objective	antigen_presentation_mhc|tumor_dedifferentiation|TRAJ6|TRAJ6|coexpression_network	antigen_presentation_mhc	tumor_dedifferentiation	TRAJ6	TRAJ6	coexpression_network
primary_recist	melanoma_core_high_evidence	GSE91061	EcoNiche-Opt-WordNoBioObjective	word_no_bio_objective	antigen_presentation_mhc|tumor_dedifferentiation|TRAJ10|TRAJ10|coexpression_network	antigen_presentation_mhc	tumor_dedifferentiation	TRAJ10	TRAJ10	coexpression_network
primary_recist	melanoma_core_high_evidence	GSE91061	EcoNiche-Opt-WordNoBioObjective	word_no_bio_objective	caf_ecm_exclusion|caf_ecm_exclusion|COL1A1|POSTN|coexpression_network	caf_ecm_exclusion	caf_ecm_exclusion	COL1A1	POSTN	coexpression_network
primary_recist	melanoma_core_high_evidence	GSE91061	EcoNiche-Opt-WordNoBioObjective	word_no_bio_objective	caf_ecm_exclusion|caf_ecm_exclusion|POSTN|TGFBI|coexpression_network	caf_ecm_exclusion	caf_ecm_exclusion	POSTN	TGFBI	coexpression_network
primary_recist	melanoma_core_high_evidence	GSE91061	EcoNiche-Opt-WordNoBioObjective	word_no_bio_objective	caf_ecm_exclusion|myeloid_suppression|COL1A1|ITGAM|coexpression_network	caf_ecm_exclusion	myeloid_suppression	COL1A1	ITGAM	coexpression_network
primary_recist	melanoma_core_high_evidence	GSE91061	EcoNiche-Opt-WordNoBioObjective	word_no_bio_objective	caf_ecm_exclusion|myeloid_suppression|POSTN|CD163|coexpression_network	caf_ecm_exclusion	myeloid_suppression	POSTN	CD163	coexpression_network
primary_recist	melanoma_core_high_evidence	GSE91061	EcoNiche-Opt-WordNoBioObjective	word_no_bio_objective	caf_ecm_exclusion|tcell_dysfunction|COL1A1|TOX|coexpression_network	caf_ecm_exclusion	tcell_dysfunction	COL1A1	TOX	coexpression_network
primary_recist	melanoma_core_high_evidence	GSE91061	EcoNiche-Opt-WordNoBioObjective	word_no_bio_objective	caf_ecm_exclusion|tcell_dysfunction|TGFBI|LOC101927356|coexpression_network	caf_ecm_exclusion	tcell_dysfunction	TGFBI	LOC101927356	coexpression_network
primary_recist	melanoma_core_high_evidence	GSE91061	EcoNiche-Opt-WordNoBioObjective	word_no_bio_objective	caf_ecm_exclusion|tnk_effector|TRAJ10|IFNG|coexpression_network	caf_ecm_exclusion	tnk_effector	TRAJ10	IFNG	coexpression_network
primary_recist	melanoma_core_high_evidence	GSE91061	EcoNiche-Opt-WordNoBioObjective	word_no_bio_objective	caf_ecm_exclusion|tnk_effector|TRAJ10|CCL5|coexpression_network	caf_ecm_exclusion	tnk_effector	TRAJ10	CCL5	coexpression_network
primary_recist	melanoma_core_high_evidence	GSE91061	EcoNiche-Opt-WordNoBioObjective	word_no_bio_objective	caf_ecm_exclusion|tumor_dedifferentiation|VIM|VIM|coexpression_network	caf_ecm_exclusion	tumor_dedifferentiation	VIM	VIM	coexpression_network
primary_recist	melanoma_core_high_evidence	GSE91061	EcoNiche-Opt-WordNoBioObjective	word_no_bio_objective	caf_ecm_exclusion|tumor_dedifferentiation|TRAJ10|TRAJ10|coexpression_network	caf_ecm_exclusion	tumor_dedifferentiation	TRAJ10	TRAJ10	coexpression_network
primary_recist	melanoma_core_high_evidence	GSE91061	EcoNiche-Opt-WordNoBioObjective	word_no_bio_objective	myeloid_suppression|myeloid_suppression|CD163|ITGAM|coexpression_network	myeloid_suppression	myeloid_suppression	CD163	ITGAM	coexpression_network
primary_recist	melanoma_core_high_evidence	GSE91061	EcoNiche-Opt-WordNoBioObjective	word_no_bio_objective	myeloid_suppression|myeloid_suppression|IGLV1-40|TRAJ1|coexpression_network	myeloid_suppression	myeloid_suppression	IGLV1-40	TRAJ1	coexpression_network
primary_recist	melanoma_core_high_evidence	GSE91061	EcoNiche-Opt-WordNoBioObjective	word_no_bio_objective	myeloid_suppression|tcell_dysfunction|ITGAM|HAVCR2|coexpression_network	myeloid_suppression	tcell_dysfunction	ITGAM	HAVCR2	coexpression_network
primary_recist	melanoma_core_high_evidence	GSE91061	EcoNiche-Opt-WordNoBioObjective	word_no_bio_objective	myeloid_suppression|tcell_dysfunction|CD163|HAVCR2|coexpression_network	myeloid_suppression	tcell_dysfunction	CD163	HAVCR2	coexpression_network
primary_recist	melanoma_core_high_evidence	GSE91061	EcoNiche-Opt-WordNoBioObjective	word_no_bio_objective	myeloid_suppression|tnk_effector|TRAJ1|CCL5|coexpression_network	myeloid_suppression	tnk_effector	TRAJ1	CCL5	coexpression_network
primary_recist	melanoma_core_high_evidence	GSE91061	EcoNiche-Opt-WordNoBioObjective	word_no_bio_objective	myeloid_suppression|tnk_effector|IGLV1-40|CCL5|coexpression_network	myeloid_suppression	tnk_effector	IGLV1-40	CCL5	coexpression_network
primary_recist	melanoma_core_high_evidence	GSE91061	EcoNiche-Opt-WordNoBioObjective	word_no_bio_objective	myeloid_suppression|tumor_dedifferentiation|RP11-33B1|RP11-33B1|coexpression_network	myeloid_suppression	tumor_dedifferentiation	RP11-33B1	RP11-33B1	coexpression_network
primary_recist	melanoma_core_high_evidence	GSE91061	EcoNiche-Opt-WordNoBioObjective	word_no_bio_objective	myeloid_suppression|tumor_dedifferentiation|IGHD3-10|IGHD3-10|coexpression_network	myeloid_suppression	tumor_dedifferentiation	IGHD3-10	IGHD3-10	coexpression_network
primary_recist	melanoma_core_high_evidence	GSE91061	EcoNiche-Opt-WordNoBioObjective	word_no_bio_objective	tcell_dysfunction|tcell_dysfunction|PDCD1|TOX|coexpression_network	tcell_dysfunction	tcell_dysfunction	PDCD1	TOX	coexpression_network
primary_recist	melanoma_core_high_evidence	GSE91061	EcoNiche-Opt-WordNoBioObjective	word_no_bio_objective	tcell_dysfunction|tcell_dysfunction|HAVCR2|TOX|coexpression_network	tcell_dysfunction	tcell_dysfunction	HAVCR2	TOX	coexpression_network
primary_recist	melanoma_core_high_evidence	GSE91061	EcoNiche-Opt-WordNoBioObjective	word_no_bio_objective	tcell_dysfunction|tnk_effector|PDCD1|IFNG|coexpression_network	tcell_dysfunction	tnk_effector	PDCD1	IFNG	coexpression_network
primary_recist	melanoma_core_high_evidence	GSE91061	EcoNiche-Opt-WordNoBioObjective	word_no_bio_objective	tcell_dysfunction|tnk_effector|HAVCR2|IFNG|coexpression_network	tcell_dysfunction	tnk_effector	HAVCR2	IFNG	coexpression_network
primary_recist	melanoma_core_high_evidence	GSE91061	EcoNiche-Opt-WordNoBioObjective	word_no_bio_objective	tcell_dysfunction|tumor_dedifferentiation|PDCD1|IGHD3-10|coexpression_network	tcell_dysfunction	tumor_dedifferentiation	PDCD1	IGHD3-10	coexpression_network
primary_recist	melanoma_core_high_evidence	GSE91061	EcoNiche-Opt-WordNoBioObjective	word_no_bio_objective	tcell_dysfunction|tumor_dedifferentiation|PDCD1|IGHV6-1|coexpression_network	tcell_dysfunction	tumor_dedifferentiation	PDCD1	IGHV6-1	coexpression_network
primary_recist	melanoma_core_high_evidence	GSE91061	EcoNiche-Opt-WordNoBioObjective	word_no_bio_objective	tnk_effector|tnk_effector|CXCL10|IFNG|coexpression_network	tnk_effector	tnk_effector	CXCL10	IFNG	coexpression_network
primary_recist	melanoma_core_high_evidence	GSE91061	EcoNiche-Opt-WordNoBioObjective	word_no_bio_objective	tnk_effector|tnk_effector|CCL5|CXCL10|coexpression_network	tnk_effector	tnk_effector	CCL5	CXCL10	coexpression_network
primary_recist	melanoma_core_high_evidence	GSE91061	EcoNiche-Opt-WordNoBioObjective	word_no_bio_objective	tnk_effector|tumor_dedifferentiation|IFNG|IGHD3-10|coexpression_network	tnk_effector	tumor_dedifferentiation	IFNG	IGHD3-10	coexpression_network
primary_recist	melanoma_core_high_evidence	GSE91061	EcoNiche-Opt-WordNoBioObjective	word_no_bio_objective	tnk_effector|tumor_dedifferentiation|CCL5|IGHV6-1|coexpression_network	tnk_effector	tumor_dedifferentiation	CCL5	IGHV6-1	coexpression_network
primary_recist	melanoma_core_high_evidence	GSE91061	EcoNiche-Opt-WordNoBioObjective	word_no_bio_objective	tumor_dedifferentiation|tumor_dedifferentiation|TRAJ10|TRAJ6|coexpression_network	tumor_dedifferentiation	tumor_dedifferentiation	TRAJ10	TRAJ6	coexpression_network
primary_recist	melanoma_core_high_evidence	GSE91061	EcoNiche-Opt-WordNoBioObjective	word_no_bio_objective	tumor_dedifferentiation|tumor_dedifferentiation|IGHD3-10|TRAJ6|coexpression_network	tumor_dedifferentiation	tumor_dedifferentiation	IGHD3-10	TRAJ6	coexpression_network
primary_recist	melanoma_core_high_evidence	GSE78220	EcoNiche-Opt-WordFullGraph	word_full_graph	antigen_presentation_mhc|tnk_effector|HLA-A|B2M|pathway	antigen_presentation_mhc	tnk_effector	HLA-A	B2M	pathway
primary_recist	melanoma_core_high_evidence	GSE78220	EcoNiche-Opt-WordFullGraph	word_full_graph	tnk_effector|tnk_effector|GZMB|PRF1|pathway	tnk_effector	tnk_effector	GZMB	PRF1	pathway
primary_recist	melanoma_core_high_evidence	GSE78220	EcoNiche-Opt-WordFullGraph	word_full_graph	tcell_dysfunction|tcell_dysfunction|PDCD1|LAG3|checkpoint	tcell_dysfunction	tcell_dysfunction	PDCD1	LAG3	checkpoint
primary_recist	melanoma_core_high_evidence	GSE78220	EcoNiche-Opt-WordFullGraph	word_full_graph	caf_ecm_exclusion|caf_ecm_exclusion|COL1A1|FN1|network	caf_ecm_exclusion	caf_ecm_exclusion	COL1A1	FN1	network
primary_recist	melanoma_core_high_evidence	GSE78220	EcoNiche-Opt-WordFullGraph	word_full_graph	antigen_presentation_mhc|antigen_presentation_mhc|CD8B|TOX|coexpression_network	antigen_presentation_mhc	antigen_presentation_mhc	CD8B	TOX	coexpression_network
primary_recist	melanoma_core_high_evidence	GSE78220	EcoNiche-Opt-WordFullGraph	word_full_graph	antigen_presentation_mhc|antigen_presentation_mhc|HLA-A|TOX|coexpression_network	antigen_presentation_mhc	antigen_presentation_mhc	HLA-A	TOX	coexpression_network
primary_recist	melanoma_core_high_evidence	GSE78220	EcoNiche-Opt-WordFullGraph	word_full_graph	antigen_presentation_mhc|caf_ecm_exclusion|CD8B|CXCL13|coexpression_network	antigen_presentation_mhc	caf_ecm_exclusion	CD8B	CXCL13	coexpression_network
primary_recist	melanoma_core_high_evidence	GSE78220	EcoNiche-Opt-WordFullGraph	word_full_graph	antigen_presentation_mhc|caf_ecm_exclusion|GZMB|CXCL13|coexpression_network	antigen_presentation_mhc	caf_ecm_exclusion	GZMB	CXCL13	coexpression_network
primary_recist	melanoma_core_high_evidence	GSE78220	EcoNiche-Opt-WordFullGraph	word_full_graph	antigen_presentation_mhc|myeloid_suppression|HLA-A|MRC1|coexpression_network	antigen_presentation_mhc	myeloid_suppression	HLA-A	MRC1	coexpression_network
primary_recist	melanoma_core_high_evidence	GSE78220	EcoNiche-Opt-WordFullGraph	word_full_graph	antigen_presentation_mhc|myeloid_suppression|TOX|MRC1|coexpression_network	antigen_presentation_mhc	myeloid_suppression	TOX	MRC1	coexpression_network
primary_recist	melanoma_core_high_evidence	GSE78220	EcoNiche-Opt-WordFullGraph	word_full_graph	antigen_presentation_mhc|tcell_dysfunction|TOX|TOX|coexpression_network	antigen_presentation_mhc	tcell_dysfunction	TOX	TOX	coexpression_network
primary_recist	melanoma_core_high_evidence	GSE78220	EcoNiche-Opt-WordFullGraph	word_full_graph	antigen_presentation_mhc|tcell_dysfunction|TOX|PDCD1|coexpression_network	antigen_presentation_mhc	tcell_dysfunction	TOX	PDCD1	coexpression_network
primary_recist	melanoma_core_high_evidence	GSE78220	EcoNiche-Opt-WordFullGraph	word_full_graph	antigen_presentation_mhc|tnk_effector|CD8B|PRF1|coexpression_network	antigen_presentation_mhc	tnk_effector	CD8B	PRF1	coexpression_network
primary_recist	melanoma_core_high_evidence	GSE78220	EcoNiche-Opt-WordFullGraph	word_full_graph	antigen_presentation_mhc|tnk_effector|GZMB|PRF1|coexpression_network	antigen_presentation_mhc	tnk_effector	GZMB	PRF1	coexpression_network
primary_recist	melanoma_core_high_evidence	GSE78220	EcoNiche-Opt-WordFullGraph	word_full_graph	antigen_presentation_mhc|tumor_dedifferentiation|TOX|SOX10|coexpression_network	antigen_presentation_mhc	tumor_dedifferentiation	TOX	SOX10	coexpression_network
primary_recist	melanoma_core_high_evidence	GSE78220	EcoNiche-Opt-WordFullGraph	word_full_graph	antigen_presentation_mhc|tumor_dedifferentiation|HLA-A|SOX10|coexpression_network	antigen_presentation_mhc	tumor_dedifferentiation	HLA-A	SOX10	coexpression_network
primary_recist	melanoma_core_high_evidence	GSE78220	EcoNiche-Opt-WordFullGraph	word_full_graph	caf_ecm_exclusion|caf_ecm_exclusion|COL1A1|COL1A2|coexpression_network	caf_ecm_exclusion	caf_ecm_exclusion	COL1A1	COL1A2	coexpression_network
primary_recist	melanoma_core_high_evidence	GSE78220	EcoNiche-Opt-WordFullGraph	word_full_graph	caf_ecm_exclusion|caf_ecm_exclusion|COL1A1|FN1|coexpression_network	caf_ecm_exclusion	caf_ecm_exclusion	COL1A1	FN1	coexpression_network
primary_recist	melanoma_core_high_evidence	GSE78220	EcoNiche-Opt-WordFullGraph	word_full_graph	caf_ecm_exclusion|myeloid_suppression|TGFB1|TGFB1|coexpression_network	caf_ecm_exclusion	myeloid_suppression	TGFB1	TGFB1	coexpression_network
primary_recist	melanoma_core_high_evidence	GSE78220	EcoNiche-Opt-WordFullGraph	word_full_graph	caf_ecm_exclusion|myeloid_suppression|CXCL13|CXCL13|coexpression_network	caf_ecm_exclusion	myeloid_suppression	CXCL13	CXCL13	coexpression_network
primary_recist	melanoma_core_high_evidence	GSE78220	EcoNiche-Opt-WordFullGraph	word_full_graph	caf_ecm_exclusion|tcell_dysfunction|CXCL13|TIGIT|coexpression_network	caf_ecm_exclusion	tcell_dysfunction	CXCL13	TIGIT	coexpression_network
primary_recist	melanoma_core_high_evidence	GSE78220	EcoNiche-Opt-WordFullGraph	word_full_graph	caf_ecm_exclusion|tcell_dysfunction|CXCL13|FRMPD3|coexpression_network	caf_ecm_exclusion	tcell_dysfunction	CXCL13	FRMPD3	coexpression_network
primary_recist	melanoma_core_high_evidence	GSE78220	EcoNiche-Opt-WordFullGraph	word_full_graph	caf_ecm_exclusion|tnk_effector|CXCL13|CCL5|coexpression_network	caf_ecm_exclusion	tnk_effector	CXCL13	CCL5	coexpression_network
primary_recist	melanoma_core_high_evidence	GSE78220	EcoNiche-Opt-WordFullGraph	word_full_graph	caf_ecm_exclusion|tnk_effector|CXCL13|CXCL11|coexpression_network	caf_ecm_exclusion	tnk_effector	CXCL13	CXCL11	coexpression_network
primary_recist	melanoma_core_high_evidence	GSE78220	EcoNiche-Opt-WordFullGraph	word_full_graph	caf_ecm_exclusion|tumor_dedifferentiation|COL1A2|AXL|coexpression_network	caf_ecm_exclusion	tumor_dedifferentiation	COL1A2	AXL	coexpression_network
primary_recist	melanoma_core_high_evidence	GSE78220	EcoNiche-Opt-WordFullGraph	word_full_graph	caf_ecm_exclusion|tumor_dedifferentiation|COL1A1|AXL|coexpression_network	caf_ecm_exclusion	tumor_dedifferentiation	COL1A1	AXL	coexpression_network
primary_recist	melanoma_core_high_evidence	GSE78220	EcoNiche-Opt-WordFullGraph	word_full_graph	myeloid_suppression|myeloid_suppression|CXCL13|IDO1|coexpression_network	myeloid_suppression	myeloid_suppression	CXCL13	IDO1	coexpression_network
primary_recist	melanoma_core_high_evidence	GSE78220	EcoNiche-Opt-WordFullGraph	word_full_graph	myeloid_suppression|myeloid_suppression|CXCL13|RP11-444B24|coexpression_network	myeloid_suppression	myeloid_suppression	CXCL13	RP11-444B24	coexpression_network
primary_recist	melanoma_core_high_evidence	GSE78220	EcoNiche-Opt-WordFullGraph	word_full_graph	myeloid_suppression|tcell_dysfunction|CXCL13|TIGIT|coexpression_network	myeloid_suppression	tcell_dysfunction	CXCL13	TIGIT	coexpression_network
primary_recist	melanoma_core_high_evidence	GSE78220	EcoNiche-Opt-WordFullGraph	word_full_graph	myeloid_suppression|tcell_dysfunction|MRC1|TOX|coexpression_network	myeloid_suppression	tcell_dysfunction	MRC1	TOX	coexpression_network
primary_recist	melanoma_core_high_evidence	GSE78220	EcoNiche-Opt-WordFullGraph	word_full_graph	myeloid_suppression|tnk_effector|CXCL13|CCL5|coexpression_network	myeloid_suppression	tnk_effector	CXCL13	CCL5	coexpression_network
primary_recist	melanoma_core_high_evidence	GSE78220	EcoNiche-Opt-WordFullGraph	word_full_graph	myeloid_suppression|tnk_effector|IDO1|CXCL11|coexpression_network	myeloid_suppression	tnk_effector	IDO1	CXCL11	coexpression_network
primary_recist	melanoma_core_high_evidence	GSE78220	EcoNiche-Opt-WordFullGraph	word_full_graph	myeloid_suppression|tumor_dedifferentiation|MRC1|SOX10|coexpression_network	myeloid_suppression	tumor_dedifferentiation	MRC1	SOX10	coexpression_network
primary_recist	melanoma_core_high_evidence	GSE78220	EcoNiche-Opt-WordFullGraph	word_full_graph	myeloid_suppression|tumor_dedifferentiation|MRC1|AXL|coexpression_network	myeloid_suppression	tumor_dedifferentiation	MRC1	AXL	coexpression_network
primary_recist	melanoma_core_high_evidence	GSE78220	EcoNiche-Opt-WordFullGraph	word_full_graph	tcell_dysfunction|tcell_dysfunction|LAG3|PDCD1|coexpression_network	tcell_dysfunction	tcell_dysfunction	LAG3	PDCD1	coexpression_network
primary_recist	melanoma_core_high_evidence	GSE78220	EcoNiche-Opt-WordFullGraph	word_full_graph	tcell_dysfunction|tcell_dysfunction|PDCD1|TOX|coexpression_network	tcell_dysfunction	tcell_dysfunction	PDCD1	TOX	coexpression_network
primary_recist	melanoma_core_high_evidence	GSE78220	EcoNiche-Opt-WordFullGraph	word_full_graph	tcell_dysfunction|tnk_effector|PDCD1|PRF1|coexpression_network	tcell_dysfunction	tnk_effector	PDCD1	PRF1	coexpression_network
primary_recist	melanoma_core_high_evidence	GSE78220	EcoNiche-Opt-WordFullGraph	word_full_graph	tcell_dysfunction|tnk_effector|LAG3|PRF1|coexpression_network	tcell_dysfunction	tnk_effector	LAG3	PRF1	coexpression_network
primary_recist	melanoma_core_high_evidence	GSE78220	EcoNiche-Opt-WordFullGraph	word_full_graph	tcell_dysfunction|tumor_dedifferentiation|TOX|SOX10|coexpression_network	tcell_dysfunction	tumor_dedifferentiation	TOX	SOX10	coexpression_network
primary_recist	melanoma_core_high_evidence	GSE78220	EcoNiche-Opt-WordFullGraph	word_full_graph	tcell_dysfunction|tumor_dedifferentiation|PDCD1|SOX10|coexpression_network	tcell_dysfunction	tumor_dedifferentiation	PDCD1	SOX10	coexpression_network
primary_recist	melanoma_core_high_evidence	GSE78220	EcoNiche-Opt-WordFullGraph	word_full_graph	tnk_effector|tnk_effector|CCL5|CXCL11|coexpression_network	tnk_effector	tnk_effector	CCL5	CXCL11	coexpression_network
primary_recist	melanoma_core_high_evidence	GSE78220	EcoNiche-Opt-WordFullGraph	word_full_graph	tnk_effector|tnk_effector|CCL5|PRF1|coexpression_network	tnk_effector	tnk_effector	CCL5	PRF1	coexpression_network
primary_recist	melanoma_core_high_evidence	GSE78220	EcoNiche-Opt-WordFullGraph	word_full_graph	tnk_effector|tumor_dedifferentiation|PRF1|SOX10|coexpression_network	tnk_effector	tumor_dedifferentiation	PRF1	SOX10	coexpression_network
primary_recist	melanoma_core_high_evidence	GSE78220	EcoNiche-Opt-WordFullGraph	word_full_graph	tnk_effector|tumor_dedifferentiation|PRF1|AXL|coexpression_network	tnk_effector	tumor_dedifferentiation	PRF1	AXL	coexpression_network
primary_recist	melanoma_core_high_evidence	GSE78220	EcoNiche-Opt-WordFullGraph	word_full_graph	tumor_dedifferentiation|tumor_dedifferentiation|AXL|SOX10|coexpression_network	tumor_dedifferentiation	tumor_dedifferentiation	AXL	SOX10	coexpression_network
primary_recist	melanoma_core_high_evidence	GSE78220	EcoNiche-Opt-WordFullGraph	word_full_graph	tumor_dedifferentiation|tumor_dedifferentiation|AXL|ITGA3|coexpression_network	tumor_dedifferentiation	tumor_dedifferentiation	AXL	ITGA3	coexpression_network
primary_recist	melanoma_core_high_evidence	GSE78220	EcoNiche-Opt-WordUnsignedGraph	word_unsigned_graph	caf_ecm_exclusion|caf_ecm_exclusion|COL1A1|FN1|network	caf_ecm_exclusion	caf_ecm_exclusion	COL1A1	FN1	network
primary_recist	melanoma_core_high_evidence	GSE78220	EcoNiche-Opt-WordUnsignedGraph	word_unsigned_graph	antigen_presentation_mhc|antigen_presentation_mhc|HLA-A|PSMB9|coexpression_network	antigen_presentation_mhc	antigen_presentation_mhc	HLA-A	PSMB9	coexpression_network
primary_recist	melanoma_core_high_evidence	GSE78220	EcoNiche-Opt-WordUnsignedGraph	word_unsigned_graph	antigen_presentation_mhc|antigen_presentation_mhc|HLA-DRB1|PSMB9|coexpression_network	antigen_presentation_mhc	antigen_presentation_mhc	HLA-DRB1	PSMB9	coexpression_network
primary_recist	melanoma_core_high_evidence	GSE78220	EcoNiche-Opt-WordUnsignedGraph	word_unsigned_graph	antigen_presentation_mhc|caf_ecm_exclusion|CXCL13|CXCL13|coexpression_network	antigen_presentation_mhc	caf_ecm_exclusion	CXCL13	CXCL13	coexpression_network
primary_recist	melanoma_core_high_evidence	GSE78220	EcoNiche-Opt-WordUnsignedGraph	word_unsigned_graph	antigen_presentation_mhc|caf_ecm_exclusion|HLA-DRB1|COL1A1|coexpression_network	antigen_presentation_mhc	caf_ecm_exclusion	HLA-DRB1	COL1A1	coexpression_network
primary_recist	melanoma_core_high_evidence	GSE78220	EcoNiche-Opt-WordUnsignedGraph	word_unsigned_graph	antigen_presentation_mhc|myeloid_suppression|PSMB9|PDCD1|coexpression_network	antigen_presentation_mhc	myeloid_suppression	PSMB9	PDCD1	coexpression_network
primary_recist	melanoma_core_high_evidence	GSE78220	EcoNiche-Opt-WordUnsignedGraph	word_unsigned_graph	antigen_presentation_mhc|myeloid_suppression|HLA-A|PDCD1|coexpression_network	antigen_presentation_mhc	myeloid_suppression	HLA-A	PDCD1	coexpression_network
primary_recist	melanoma_core_high_evidence	GSE78220	EcoNiche-Opt-WordUnsignedGraph	word_unsigned_graph	antigen_presentation_mhc|tcell_dysfunction|IDO1|IDO1|coexpression_network	antigen_presentation_mhc	tcell_dysfunction	IDO1	IDO1	coexpression_network
primary_recist	melanoma_core_high_evidence	GSE78220	EcoNiche-Opt-WordUnsignedGraph	word_unsigned_graph	antigen_presentation_mhc|tcell_dysfunction|HLA-A|HLA-A|coexpression_network	antigen_presentation_mhc	tcell_dysfunction	HLA-A	HLA-A	coexpression_network
primary_recist	melanoma_core_high_evidence	GSE78220	EcoNiche-Opt-WordUnsignedGraph	word_unsigned_graph	antigen_presentation_mhc|tnk_effector|PSMB9|PRF1|coexpression_network	antigen_presentation_mhc	tnk_effector	PSMB9	PRF1	coexpression_network
primary_recist	melanoma_core_high_evidence	GSE78220	EcoNiche-Opt-WordUnsignedGraph	word_unsigned_graph	antigen_presentation_mhc|tnk_effector|PSMB9|CD8A|coexpression_network	antigen_presentation_mhc	tnk_effector	PSMB9	CD8A	coexpression_network
primary_recist	melanoma_core_high_evidence	GSE78220	EcoNiche-Opt-WordUnsignedGraph	word_unsigned_graph	antigen_presentation_mhc|tumor_dedifferentiation|PSMB9|PRF1|coexpression_network	antigen_presentation_mhc	tumor_dedifferentiation	PSMB9	PRF1	coexpression_network
primary_recist	melanoma_core_high_evidence	GSE78220	EcoNiche-Opt-WordUnsignedGraph	word_unsigned_graph	antigen_presentation_mhc|tumor_dedifferentiation|PSMB9|CD8A|coexpression_network	antigen_presentation_mhc	tumor_dedifferentiation	PSMB9	CD8A	coexpression_network
primary_recist	melanoma_core_high_evidence	GSE78220	EcoNiche-Opt-WordUnsignedGraph	word_unsigned_graph	caf_ecm_exclusion|caf_ecm_exclusion|ACTA2|COL1A1|coexpression_network	caf_ecm_exclusion	caf_ecm_exclusion	ACTA2	COL1A1	coexpression_network
primary_recist	melanoma_core_high_evidence	GSE78220	EcoNiche-Opt-WordUnsignedGraph	word_unsigned_graph	caf_ecm_exclusion|caf_ecm_exclusion|COL1A1|FN1|coexpression_network	caf_ecm_exclusion	caf_ecm_exclusion	COL1A1	FN1	coexpression_network
primary_recist	melanoma_core_high_evidence	GSE78220	EcoNiche-Opt-WordUnsignedGraph	word_unsigned_graph	caf_ecm_exclusion|myeloid_suppression|FRMPD3|PDCD1|coexpression_network	caf_ecm_exclusion	myeloid_suppression	FRMPD3	PDCD1	coexpression_network
primary_recist	melanoma_core_high_evidence	GSE78220	EcoNiche-Opt-WordUnsignedGraph	word_unsigned_graph	caf_ecm_exclusion|myeloid_suppression|CXCL12|CD163|coexpression_network	caf_ecm_exclusion	myeloid_suppression	CXCL12	CD163	coexpression_network
primary_recist	melanoma_core_high_evidence	GSE78220	EcoNiche-Opt-WordUnsignedGraph	word_unsigned_graph	caf_ecm_exclusion|tcell_dysfunction|CXCL13|CXCL13|coexpression_network	caf_ecm_exclusion	tcell_dysfunction	CXCL13	CXCL13	coexpression_network
primary_recist	melanoma_core_high_evidence	GSE78220	EcoNiche-Opt-WordUnsignedGraph	word_unsigned_graph	caf_ecm_exclusion|tcell_dysfunction|FRMPD3|PDCD1|coexpression_network	caf_ecm_exclusion	tcell_dysfunction	FRMPD3	PDCD1	coexpression_network
primary_recist	melanoma_core_high_evidence	GSE78220	EcoNiche-Opt-WordUnsignedGraph	word_unsigned_graph	caf_ecm_exclusion|tnk_effector|FRMPD3|FRMPD3|coexpression_network	caf_ecm_exclusion	tnk_effector	FRMPD3	FRMPD3	coexpression_network
primary_recist	melanoma_core_high_evidence	GSE78220	EcoNiche-Opt-WordUnsignedGraph	word_unsigned_graph	caf_ecm_exclusion|tnk_effector|CXCL13|CD8B|coexpression_network	caf_ecm_exclusion	tnk_effector	CXCL13	CD8B	coexpression_network
primary_recist	melanoma_core_high_evidence	GSE78220	EcoNiche-Opt-WordUnsignedGraph	word_unsigned_graph	caf_ecm_exclusion|tumor_dedifferentiation|CXCL13|CD8A|coexpression_network	caf_ecm_exclusion	tumor_dedifferentiation	CXCL13	CD8A	coexpression_network
primary_recist	melanoma_core_high_evidence	GSE78220	EcoNiche-Opt-WordUnsignedGraph	word_unsigned_graph	caf_ecm_exclusion|tumor_dedifferentiation|COL1A1|AXL|coexpression_network	caf_ecm_exclusion	tumor_dedifferentiation	COL1A1	AXL	coexpression_network
primary_recist	melanoma_core_high_evidence	GSE78220	EcoNiche-Opt-WordUnsignedGraph	word_unsigned_graph	myeloid_suppression|myeloid_suppression|PDCD1|TGFB1|coexpression_network	myeloid_suppression	myeloid_suppression	PDCD1	TGFB1	coexpression_network
primary_recist	melanoma_core_high_evidence	GSE78220	EcoNiche-Opt-WordUnsignedGraph	word_unsigned_graph	myeloid_suppression|myeloid_suppression|CD163|TGFB1|coexpression_network	myeloid_suppression	myeloid_suppression	CD163	TGFB1	coexpression_network
primary_recist	melanoma_core_high_evidence	GSE78220	EcoNiche-Opt-WordUnsignedGraph	word_unsigned_graph	myeloid_suppression|tcell_dysfunction|PDCD1|PDCD1|coexpression_network	myeloid_suppression	tcell_dysfunction	PDCD1	PDCD1	coexpression_network
primary_recist	melanoma_core_high_evidence	GSE78220	EcoNiche-Opt-WordUnsignedGraph	word_unsigned_graph	myeloid_suppression|tcell_dysfunction|TRAJ10|TRAJ10|coexpression_network	myeloid_suppression	tcell_dysfunction	TRAJ10	TRAJ10	coexpression_network
primary_recist	melanoma_core_high_evidence	GSE78220	EcoNiche-Opt-WordUnsignedGraph	word_unsigned_graph	myeloid_suppression|tnk_effector|PDCD1|PRF1|coexpression_network	myeloid_suppression	tnk_effector	PDCD1	PRF1	coexpression_network
primary_recist	melanoma_core_high_evidence	GSE78220	EcoNiche-Opt-WordUnsignedGraph	word_unsigned_graph	myeloid_suppression|tnk_effector|PDCD1|CD8A|coexpression_network	myeloid_suppression	tnk_effector	PDCD1	CD8A	coexpression_network
primary_recist	melanoma_core_high_evidence	GSE78220	EcoNiche-Opt-WordUnsignedGraph	word_unsigned_graph	myeloid_suppression|tumor_dedifferentiation|PDCD1|PRF1|coexpression_network	myeloid_suppression	tumor_dedifferentiation	PDCD1	PRF1	coexpression_network
primary_recist	melanoma_core_high_evidence	GSE78220	EcoNiche-Opt-WordUnsignedGraph	word_unsigned_graph	myeloid_suppression|tumor_dedifferentiation|PDCD1|CD8A|coexpression_network	myeloid_suppression	tumor_dedifferentiation	PDCD1	CD8A	coexpression_network
primary_recist	melanoma_core_high_evidence	GSE78220	EcoNiche-Opt-WordUnsignedGraph	word_unsigned_graph	tcell_dysfunction|tcell_dysfunction|HLA-A|PDCD1|coexpression_network	tcell_dysfunction	tcell_dysfunction	HLA-A	PDCD1	coexpression_network
primary_recist	melanoma_core_high_evidence	GSE78220	EcoNiche-Opt-WordUnsignedGraph	word_unsigned_graph	tcell_dysfunction|tcell_dysfunction|CXCL13|IDO1|coexpression_network	tcell_dysfunction	tcell_dysfunction	CXCL13	IDO1	coexpression_network
primary_recist	melanoma_core_high_evidence	GSE78220	EcoNiche-Opt-WordUnsignedGraph	word_unsigned_graph	tcell_dysfunction|tnk_effector|PDCD1|PRF1|coexpression_network	tcell_dysfunction	tnk_effector	PDCD1	PRF1	coexpression_network
primary_recist	melanoma_core_high_evidence	GSE78220	EcoNiche-Opt-WordUnsignedGraph	word_unsigned_graph	tcell_dysfunction|tnk_effector|PDCD1|CD8A|coexpression_network	tcell_dysfunction	tnk_effector	PDCD1	CD8A	coexpression_network
primary_recist	melanoma_core_high_evidence	GSE78220	EcoNiche-Opt-WordUnsignedGraph	word_unsigned_graph	tcell_dysfunction|tumor_dedifferentiation|PDCD1|PRF1|coexpression_network	tcell_dysfunction	tumor_dedifferentiation	PDCD1	PRF1	coexpression_network
primary_recist	melanoma_core_high_evidence	GSE78220	EcoNiche-Opt-WordUnsignedGraph	word_unsigned_graph	tcell_dysfunction|tumor_dedifferentiation|PDCD1|CD8A|coexpression_network	tcell_dysfunction	tumor_dedifferentiation	PDCD1	CD8A	coexpression_network
primary_recist	melanoma_core_high_evidence	GSE78220	EcoNiche-Opt-WordUnsignedGraph	word_unsigned_graph	tnk_effector|tnk_effector|CD8A|PRF1|coexpression_network	tnk_effector	tnk_effector	CD8A	PRF1	coexpression_network
primary_recist	melanoma_core_high_evidence	GSE78220	EcoNiche-Opt-WordUnsignedGraph	word_unsigned_graph	tnk_effector|tnk_effector|CD8A|CD8B|coexpression_network	tnk_effector	tnk_effector	CD8A	CD8B	coexpression_network
primary_recist	melanoma_core_high_evidence	GSE78220	EcoNiche-Opt-WordUnsignedGraph	word_unsigned_graph	tnk_effector|tumor_dedifferentiation|PRF1|PRF1|coexpression_network	tnk_effector	tumor_dedifferentiation	PRF1	PRF1	coexpression_network
primary_recist	melanoma_core_high_evidence	GSE78220	EcoNiche-Opt-WordUnsignedGraph	word_unsigned_graph	tnk_effector|tumor_dedifferentiation|CD8A|CD8A|coexpression_network	tnk_effector	tumor_dedifferentiation	CD8A	CD8A	coexpression_network
primary_recist	melanoma_core_high_evidence	GSE78220	EcoNiche-Opt-WordUnsignedGraph	word_unsigned_graph	tumor_dedifferentiation|tumor_dedifferentiation|CD8A|PRF1|coexpression_network	tumor_dedifferentiation	tumor_dedifferentiation	CD8A	PRF1	coexpression_network
primary_recist	melanoma_core_high_evidence	GSE78220	EcoNiche-Opt-WordUnsignedGraph	word_unsigned_graph	tumor_dedifferentiation|tumor_dedifferentiation|AXL|PRF1|coexpression_network	tumor_dedifferentiation	tumor_dedifferentiation	AXL	PRF1	coexpression_network
primary_recist	melanoma_core_high_evidence	GSE78220	EcoNiche-Opt-WordNoBioObjective	word_no_bio_objective	antigen_presentation_mhc|tnk_effector|HLA-A|B2M|pathway	antigen_presentation_mhc	tnk_effector	HLA-A	B2M	pathway
primary_recist	melanoma_core_high_evidence	GSE78220	EcoNiche-Opt-WordNoBioObjective	word_no_bio_objective	tnk_effector|tnk_effector|GZMB|PRF1|pathway	tnk_effector	tnk_effector	GZMB	PRF1	pathway
primary_recist	melanoma_core_high_evidence	GSE78220	EcoNiche-Opt-WordNoBioObjective	word_no_bio_objective	tcell_dysfunction|tcell_dysfunction|PDCD1|LAG3|checkpoint	tcell_dysfunction	tcell_dysfunction	PDCD1	LAG3	checkpoint
primary_recist	melanoma_core_high_evidence	GSE78220	EcoNiche-Opt-WordNoBioObjective	word_no_bio_objective	myeloid_suppression|myeloid_suppression|S100A8|S100A9|network	myeloid_suppression	myeloid_suppression	S100A8	S100A9	network
primary_recist	melanoma_core_high_evidence	GSE78220	EcoNiche-Opt-WordNoBioObjective	word_no_bio_objective	tnk_effector|antigen_presentation_mhc|IFNG|HLA-A|regulatory	tnk_effector	antigen_presentation_mhc	IFNG	HLA-A	regulatory
primary_recist	melanoma_core_high_evidence	GSE78220	EcoNiche-Opt-WordNoBioObjective	word_no_bio_objective	antigen_presentation_mhc|antigen_presentation_mhc|HLA-A|PDCD1|coexpression_network	antigen_presentation_mhc	antigen_presentation_mhc	HLA-A	PDCD1	coexpression_network
primary_recist	melanoma_core_high_evidence	GSE78220	EcoNiche-Opt-WordNoBioObjective	word_no_bio_objective	antigen_presentation_mhc|antigen_presentation_mhc|HLA-A|HLA-DRA|coexpression_network	antigen_presentation_mhc	antigen_presentation_mhc	HLA-A	HLA-DRA	coexpression_network
primary_recist	melanoma_core_high_evidence	GSE78220	EcoNiche-Opt-WordNoBioObjective	word_no_bio_objective	antigen_presentation_mhc|caf_ecm_exclusion|PDCD1|PRF1|coexpression_network	antigen_presentation_mhc	caf_ecm_exclusion	PDCD1	PRF1	coexpression_network
primary_recist	melanoma_core_high_evidence	GSE78220	EcoNiche-Opt-WordNoBioObjective	word_no_bio_objective	antigen_presentation_mhc|caf_ecm_exclusion|HLA-DRA|PRF1|coexpression_network	antigen_presentation_mhc	caf_ecm_exclusion	HLA-DRA	PRF1	coexpression_network
primary_recist	melanoma_core_high_evidence	GSE78220	EcoNiche-Opt-WordNoBioObjective	word_no_bio_objective	antigen_presentation_mhc|myeloid_suppression|PDCD1|PRF1|coexpression_network	antigen_presentation_mhc	myeloid_suppression	PDCD1	PRF1	coexpression_network
primary_recist	melanoma_core_high_evidence	GSE78220	EcoNiche-Opt-WordNoBioObjective	word_no_bio_objective	antigen_presentation_mhc|myeloid_suppression|HLA-DRA|ITGAM|coexpression_network	antigen_presentation_mhc	myeloid_suppression	HLA-DRA	ITGAM	coexpression_network
primary_recist	melanoma_core_high_evidence	GSE78220	EcoNiche-Opt-WordNoBioObjective	word_no_bio_objective	antigen_presentation_mhc|tcell_dysfunction|PDCD1|PDCD1|coexpression_network	antigen_presentation_mhc	tcell_dysfunction	PDCD1	PDCD1	coexpression_network
primary_recist	melanoma_core_high_evidence	GSE78220	EcoNiche-Opt-WordNoBioObjective	word_no_bio_objective	antigen_presentation_mhc|tcell_dysfunction|HLA-A|PDCD1|coexpression_network	antigen_presentation_mhc	tcell_dysfunction	HLA-A	PDCD1	coexpression_network
primary_recist	melanoma_core_high_evidence	GSE78220	EcoNiche-Opt-WordNoBioObjective	word_no_bio_objective	antigen_presentation_mhc|tnk_effector|PDCD1|PDCD1|coexpression_network	antigen_presentation_mhc	tnk_effector	PDCD1	PDCD1	coexpression_network
primary_recist	melanoma_core_high_evidence	GSE78220	EcoNiche-Opt-WordNoBioObjective	word_no_bio_objective	antigen_presentation_mhc|tnk_effector|PDCD1|PRF1|coexpression_network	antigen_presentation_mhc	tnk_effector	PDCD1	PRF1	coexpression_network
primary_recist	melanoma_core_high_evidence	GSE78220	EcoNiche-Opt-WordNoBioObjective	word_no_bio_objective	antigen_presentation_mhc|tumor_dedifferentiation|PDCD1|PRF1|coexpression_network	antigen_presentation_mhc	tumor_dedifferentiation	PDCD1	PRF1	coexpression_network
primary_recist	melanoma_core_high_evidence	GSE78220	EcoNiche-Opt-WordNoBioObjective	word_no_bio_objective	antigen_presentation_mhc|tumor_dedifferentiation|PDCD1|CD8A|coexpression_network	antigen_presentation_mhc	tumor_dedifferentiation	PDCD1	CD8A	coexpression_network
primary_recist	melanoma_core_high_evidence	GSE78220	EcoNiche-Opt-WordNoBioObjective	word_no_bio_objective	caf_ecm_exclusion|caf_ecm_exclusion|IGHV6-1|PRF1|coexpression_network	caf_ecm_exclusion	caf_ecm_exclusion	IGHV6-1	PRF1	coexpression_network
primary_recist	melanoma_core_high_evidence	GSE78220	EcoNiche-Opt-WordNoBioObjective	word_no_bio_objective	caf_ecm_exclusion|caf_ecm_exclusion|PRF1|TRAJ10|coexpression_network	caf_ecm_exclusion	caf_ecm_exclusion	PRF1	TRAJ10	coexpression_network
primary_recist	melanoma_core_high_evidence	GSE78220	EcoNiche-Opt-WordNoBioObjective	word_no_bio_objective	caf_ecm_exclusion|myeloid_suppression|PRF1|PRF1|coexpression_network	caf_ecm_exclusion	myeloid_suppression	PRF1	PRF1	coexpression_network
primary_recist	melanoma_core_high_evidence	GSE78220	EcoNiche-Opt-WordNoBioObjective	word_no_bio_objective	caf_ecm_exclusion|myeloid_suppression|PRF1|ITGAM|coexpression_network	caf_ecm_exclusion	myeloid_suppression	PRF1	ITGAM	coexpression_network
primary_recist	melanoma_core_high_evidence	GSE78220	EcoNiche-Opt-WordNoBioObjective	word_no_bio_objective	caf_ecm_exclusion|tcell_dysfunction|PRF1|PDCD1|coexpression_network	caf_ecm_exclusion	tcell_dysfunction	PRF1	PDCD1	coexpression_network
primary_recist	melanoma_core_high_evidence	GSE78220	EcoNiche-Opt-WordNoBioObjective	word_no_bio_objective	caf_ecm_exclusion|tcell_dysfunction|IGHV6-1|IGKV4-1|coexpression_network	caf_ecm_exclusion	tcell_dysfunction	IGHV6-1	IGKV4-1	coexpression_network
primary_recist	melanoma_core_high_evidence	GSE78220	EcoNiche-Opt-WordNoBioObjective	word_no_bio_objective	caf_ecm_exclusion|tnk_effector|PRF1|PRF1|coexpression_network	caf_ecm_exclusion	tnk_effector	PRF1	PRF1	coexpression_network
primary_recist	melanoma_core_high_evidence	GSE78220	EcoNiche-Opt-WordNoBioObjective	word_no_bio_objective	caf_ecm_exclusion|tnk_effector|PRF1|PDCD1|coexpression_network	caf_ecm_exclusion	tnk_effector	PRF1	PDCD1	coexpression_network
primary_recist	melanoma_core_high_evidence	GSE78220	EcoNiche-Opt-WordNoBioObjective	word_no_bio_objective	caf_ecm_exclusion|tumor_dedifferentiation|PRF1|PRF1|coexpression_network	caf_ecm_exclusion	tumor_dedifferentiation	PRF1	PRF1	coexpression_network
primary_recist	melanoma_core_high_evidence	GSE78220	EcoNiche-Opt-WordNoBioObjective	word_no_bio_objective	caf_ecm_exclusion|tumor_dedifferentiation|VIM|VIM|coexpression_network	caf_ecm_exclusion	tumor_dedifferentiation	VIM	VIM	coexpression_network
primary_recist	melanoma_core_high_evidence	GSE78220	EcoNiche-Opt-WordNoBioObjective	word_no_bio_objective	myeloid_suppression|myeloid_suppression|S100A8|S100A9|coexpression_network	myeloid_suppression	myeloid_suppression	S100A8	S100A9	coexpression_network
primary_recist	melanoma_core_high_evidence	GSE78220	EcoNiche-Opt-WordNoBioObjective	word_no_bio_objective	myeloid_suppression|myeloid_suppression|IL10|ITGAM|coexpression_network	myeloid_suppression	myeloid_suppression	IL10	ITGAM	coexpression_network
primary_recist	melanoma_core_high_evidence	GSE78220	EcoNiche-Opt-WordNoBioObjective	word_no_bio_objective	myeloid_suppression|tcell_dysfunction|PRF1|PDCD1|coexpression_network	myeloid_suppression	tcell_dysfunction	PRF1	PDCD1	coexpression_network
primary_recist	melanoma_core_high_evidence	GSE78220	EcoNiche-Opt-WordNoBioObjective	word_no_bio_objective	myeloid_suppression|tcell_dysfunction|FRMPD3|PDCD1|coexpression_network	myeloid_suppression	tcell_dysfunction	FRMPD3	PDCD1	coexpression_network
primary_recist	melanoma_core_high_evidence	GSE78220	EcoNiche-Opt-WordNoBioObjective	word_no_bio_objective	myeloid_suppression|tnk_effector|PRF1|PRF1|coexpression_network	myeloid_suppression	tnk_effector	PRF1	PRF1	coexpression_network
primary_recist	melanoma_core_high_evidence	GSE78220	EcoNiche-Opt-WordNoBioObjective	word_no_bio_objective	myeloid_suppression|tnk_effector|PRF1|PDCD1|coexpression_network	myeloid_suppression	tnk_effector	PRF1	PDCD1	coexpression_network
primary_recist	melanoma_core_high_evidence	GSE78220	EcoNiche-Opt-WordNoBioObjective	word_no_bio_objective	myeloid_suppression|tumor_dedifferentiation|PRF1|PRF1|coexpression_network	myeloid_suppression	tumor_dedifferentiation	PRF1	PRF1	coexpression_network
primary_recist	melanoma_core_high_evidence	GSE78220	EcoNiche-Opt-WordNoBioObjective	word_no_bio_objective	myeloid_suppression|tumor_dedifferentiation|AL049794|AL049794|coexpression_network	myeloid_suppression	tumor_dedifferentiation	AL049794	AL049794	coexpression_network
primary_recist	melanoma_core_high_evidence	GSE78220	EcoNiche-Opt-WordNoBioObjective	word_no_bio_objective	tcell_dysfunction|tcell_dysfunction|IGKV4-1|PDCD1|coexpression_network	tcell_dysfunction	tcell_dysfunction	IGKV4-1	PDCD1	coexpression_network
primary_recist	melanoma_core_high_evidence	GSE78220	EcoNiche-Opt-WordNoBioObjective	word_no_bio_objective	tcell_dysfunction|tcell_dysfunction|IGHD2-15|IGKV4-1|coexpression_network	tcell_dysfunction	tcell_dysfunction	IGHD2-15	IGKV4-1	coexpression_network
primary_recist	melanoma_core_high_evidence	GSE78220	EcoNiche-Opt-WordNoBioObjective	word_no_bio_objective	tcell_dysfunction|tnk_effector|PDCD1|PDCD1|coexpression_network	tcell_dysfunction	tnk_effector	PDCD1	PDCD1	coexpression_network
primary_recist	melanoma_core_high_evidence	GSE78220	EcoNiche-Opt-WordNoBioObjective	word_no_bio_objective	tcell_dysfunction|tnk_effector|PDCD1|PRF1|coexpression_network	tcell_dysfunction	tnk_effector	PDCD1	PRF1	coexpression_network
primary_recist	melanoma_core_high_evidence	GSE78220	EcoNiche-Opt-WordNoBioObjective	word_no_bio_objective	tcell_dysfunction|tumor_dedifferentiation|IGKV4-1|IGKV4-1|coexpression_network	tcell_dysfunction	tumor_dedifferentiation	IGKV4-1	IGKV4-1	coexpression_network
primary_recist	melanoma_core_high_evidence	GSE78220	EcoNiche-Opt-WordNoBioObjective	word_no_bio_objective	tcell_dysfunction|tumor_dedifferentiation|PDCD1|PRF1|coexpression_network	tcell_dysfunction	tumor_dedifferentiation	PDCD1	PRF1	coexpression_network
primary_recist	melanoma_core_high_evidence	GSE78220	EcoNiche-Opt-WordNoBioObjective	word_no_bio_objective	tnk_effector|tnk_effector|PDCD1|PRF1|coexpression_network	tnk_effector	tnk_effector	PDCD1	PRF1	coexpression_network
primary_recist	melanoma_core_high_evidence	GSE78220	EcoNiche-Opt-WordNoBioObjective	word_no_bio_objective	tnk_effector|tnk_effector|CD8B|PRF1|coexpression_network	tnk_effector	tnk_effector	CD8B	PRF1	coexpression_network
primary_recist	melanoma_core_high_evidence	GSE78220	EcoNiche-Opt-WordNoBioObjective	word_no_bio_objective	tnk_effector|tumor_dedifferentiation|PRF1|PRF1|coexpression_network	tnk_effector	tumor_dedifferentiation	PRF1	PRF1	coexpression_network
primary_recist	melanoma_core_high_evidence	GSE78220	EcoNiche-Opt-WordNoBioObjective	word_no_bio_objective	tnk_effector|tumor_dedifferentiation|PRF1|CD8A|coexpression_network	tnk_effector	tumor_dedifferentiation	PRF1	CD8A	coexpression_network
primary_recist	melanoma_core_high_evidence	GSE78220	EcoNiche-Opt-WordNoBioObjective	word_no_bio_objective	tumor_dedifferentiation|tumor_dedifferentiation|CD8A|PRF1|coexpression_network	tumor_dedifferentiation	tumor_dedifferentiation	CD8A	PRF1	coexpression_network
primary_recist	melanoma_core_high_evidence	GSE78220	EcoNiche-Opt-WordNoBioObjective	word_no_bio_objective	tumor_dedifferentiation|tumor_dedifferentiation|LAG3|PRF1|coexpression_network	tumor_dedifferentiation	tumor_dedifferentiation	LAG3	PRF1	coexpression_network
primary_recist	melanoma_core_high_evidence	PRJEB23709_PD1_PRE	EcoNiche-Opt-WordFullGraph	word_full_graph	tcell_dysfunction|tcell_dysfunction|PDCD1|LAG3|checkpoint	tcell_dysfunction	tcell_dysfunction	PDCD1	LAG3	checkpoint
primary_recist	melanoma_core_high_evidence	PRJEB23709_PD1_PRE	EcoNiche-Opt-WordFullGraph	word_full_graph	antigen_presentation_mhc|antigen_presentation_mhc|B2M|HLA-DRA|coexpression_network	antigen_presentation_mhc	antigen_presentation_mhc	B2M	HLA-DRA	coexpression_network
primary_recist	melanoma_core_high_evidence	PRJEB23709_PD1_PRE	EcoNiche-Opt-WordFullGraph	word_full_graph	antigen_presentation_mhc|caf_ecm_exclusion|PSMB9|PDCD1|coexpression_network	antigen_presentation_mhc	caf_ecm_exclusion	PSMB9	PDCD1	coexpression_network
primary_recist	melanoma_core_high_evidence	PRJEB23709_PD1_PRE	EcoNiche-Opt-WordFullGraph	word_full_graph	antigen_presentation_mhc|caf_ecm_exclusion|PSMB9|VIM|coexpression_network	antigen_presentation_mhc	caf_ecm_exclusion	PSMB9	VIM	coexpression_network
primary_recist	melanoma_core_high_evidence	PRJEB23709_PD1_PRE	EcoNiche-Opt-WordFullGraph	word_full_graph	antigen_presentation_mhc|myeloid_suppression|PSMB9|PDCD1|coexpression_network	antigen_presentation_mhc	myeloid_suppression	PSMB9	PDCD1	coexpression_network
primary_recist	melanoma_core_high_evidence	PRJEB23709_PD1_PRE	EcoNiche-Opt-WordFullGraph	word_full_graph	antigen_presentation_mhc|myeloid_suppression|HLA-DRA|CSF1R|coexpression_network	antigen_presentation_mhc	myeloid_suppression	HLA-DRA	CSF1R	coexpression_network
primary_recist	melanoma_core_high_evidence	PRJEB23709_PD1_PRE	EcoNiche-Opt-WordFullGraph	word_full_graph	antigen_presentation_mhc|tcell_dysfunction|PSMB9|PDCD1|coexpression_network	antigen_presentation_mhc	tcell_dysfunction	PSMB9	PDCD1	coexpression_network
primary_recist	melanoma_core_high_evidence	PRJEB23709_PD1_PRE	EcoNiche-Opt-WordFullGraph	word_full_graph	antigen_presentation_mhc|tcell_dysfunction|PSMB9|LAG3|coexpression_network	antigen_presentation_mhc	tcell_dysfunction	PSMB9	LAG3	coexpression_network
primary_recist	melanoma_core_high_evidence	PRJEB23709_PD1_PRE	EcoNiche-Opt-WordFullGraph	word_full_graph	antigen_presentation_mhc|tnk_effector|B2M|CXCL10|coexpression_network	antigen_presentation_mhc	tnk_effector	B2M	CXCL10	coexpression_network
primary_recist	melanoma_core_high_evidence	PRJEB23709_PD1_PRE	EcoNiche-Opt-WordFullGraph	word_full_graph	antigen_presentation_mhc|tnk_effector|PSMB9|IFNG|coexpression_network	antigen_presentation_mhc	tnk_effector	PSMB9	IFNG	coexpression_network
primary_recist	melanoma_core_high_evidence	PRJEB23709_PD1_PRE	EcoNiche-Opt-WordFullGraph	word_full_graph	antigen_presentation_mhc|tumor_dedifferentiation|B2M|GRAMD3|coexpression_network	antigen_presentation_mhc	tumor_dedifferentiation	B2M	GRAMD3	coexpression_network
primary_recist	melanoma_core_high_evidence	PRJEB23709_PD1_PRE	EcoNiche-Opt-WordFullGraph	word_full_graph	antigen_presentation_mhc|tumor_dedifferentiation|PSMB9|VIM|coexpression_network	antigen_presentation_mhc	tumor_dedifferentiation	PSMB9	VIM	coexpression_network
primary_recist	melanoma_core_high_evidence	PRJEB23709_PD1_PRE	EcoNiche-Opt-WordFullGraph	word_full_graph	caf_ecm_exclusion|caf_ecm_exclusion|FAP|WISP1|coexpression_network	caf_ecm_exclusion	caf_ecm_exclusion	FAP	WISP1	coexpression_network
primary_recist	melanoma_core_high_evidence	PRJEB23709_PD1_PRE	EcoNiche-Opt-WordFullGraph	word_full_graph	caf_ecm_exclusion|caf_ecm_exclusion|H1F0|LOC100507600|coexpression_network	caf_ecm_exclusion	caf_ecm_exclusion	H1F0	LOC100507600	coexpression_network
primary_recist	melanoma_core_high_evidence	PRJEB23709_PD1_PRE	EcoNiche-Opt-WordFullGraph	word_full_graph	caf_ecm_exclusion|myeloid_suppression|PDCD1|PDCD1|coexpression_network	caf_ecm_exclusion	myeloid_suppression	PDCD1	PDCD1	coexpression_network
primary_recist	melanoma_core_high_evidence	PRJEB23709_PD1_PRE	EcoNiche-Opt-WordFullGraph	word_full_graph	caf_ecm_exclusion|myeloid_suppression|LOC100507600|IL10|coexpression_network	caf_ecm_exclusion	myeloid_suppression	LOC100507600	IL10	coexpression_network
primary_recist	melanoma_core_high_evidence	PRJEB23709_PD1_PRE	EcoNiche-Opt-WordFullGraph	word_full_graph	caf_ecm_exclusion|tcell_dysfunction|H1F0|H1F0|coexpression_network	caf_ecm_exclusion	tcell_dysfunction	H1F0	H1F0	coexpression_network
primary_recist	melanoma_core_high_evidence	PRJEB23709_PD1_PRE	EcoNiche-Opt-WordFullGraph	word_full_graph	caf_ecm_exclusion|tcell_dysfunction|PDCD1|PDCD1|coexpression_network	caf_ecm_exclusion	tcell_dysfunction	PDCD1	PDCD1	coexpression_network
primary_recist	melanoma_core_high_evidence	PRJEB23709_PD1_PRE	EcoNiche-Opt-WordFullGraph	word_full_graph	caf_ecm_exclusion|tnk_effector|PDCD1|IFNG|coexpression_network	caf_ecm_exclusion	tnk_effector	PDCD1	IFNG	coexpression_network
primary_recist	melanoma_core_high_evidence	PRJEB23709_PD1_PRE	EcoNiche-Opt-WordFullGraph	word_full_graph	caf_ecm_exclusion|tnk_effector|PDCD1|GZMA|coexpression_network	caf_ecm_exclusion	tnk_effector	PDCD1	GZMA	coexpression_network
primary_recist	melanoma_core_high_evidence	PRJEB23709_PD1_PRE	EcoNiche-Opt-WordFullGraph	word_full_graph	caf_ecm_exclusion|tumor_dedifferentiation|VIM|VIM|coexpression_network	caf_ecm_exclusion	tumor_dedifferentiation	VIM	VIM	coexpression_network
primary_recist	melanoma_core_high_evidence	PRJEB23709_PD1_PRE	EcoNiche-Opt-WordFullGraph	word_full_graph	caf_ecm_exclusion|tumor_dedifferentiation|FAP|AXL|coexpression_network	caf_ecm_exclusion	tumor_dedifferentiation	FAP	AXL	coexpression_network
primary_recist	melanoma_core_high_evidence	PRJEB23709_PD1_PRE	EcoNiche-Opt-WordFullGraph	word_full_graph	myeloid_suppression|myeloid_suppression|IL10|LOC100996635|coexpression_network	myeloid_suppression	myeloid_suppression	IL10	LOC100996635	coexpression_network
primary_recist	melanoma_core_high_evidence	PRJEB23709_PD1_PRE	EcoNiche-Opt-WordFullGraph	word_full_graph	myeloid_suppression|myeloid_suppression|CSF1R|IL10|coexpression_network	myeloid_suppression	myeloid_suppression	CSF1R	IL10	coexpression_network
primary_recist	melanoma_core_high_evidence	PRJEB23709_PD1_PRE	EcoNiche-Opt-WordFullGraph	word_full_graph	myeloid_suppression|tcell_dysfunction|PDCD1|PDCD1|coexpression_network	myeloid_suppression	tcell_dysfunction	PDCD1	PDCD1	coexpression_network
primary_recist	melanoma_core_high_evidence	PRJEB23709_PD1_PRE	EcoNiche-Opt-WordFullGraph	word_full_graph	myeloid_suppression|tcell_dysfunction|PDCD1|LAG3|coexpression_network	myeloid_suppression	tcell_dysfunction	PDCD1	LAG3	coexpression_network
primary_recist	melanoma_core_high_evidence	PRJEB23709_PD1_PRE	EcoNiche-Opt-WordFullGraph	word_full_graph	myeloid_suppression|tnk_effector|LOC100996635|LOC100996635|coexpression_network	myeloid_suppression	tnk_effector	LOC100996635	LOC100996635	coexpression_network
primary_recist	melanoma_core_high_evidence	PRJEB23709_PD1_PRE	EcoNiche-Opt-WordFullGraph	word_full_graph	myeloid_suppression|tnk_effector|PDCD1|IFNG|coexpression_network	myeloid_suppression	tnk_effector	PDCD1	IFNG	coexpression_network
primary_recist	melanoma_core_high_evidence	PRJEB23709_PD1_PRE	EcoNiche-Opt-WordFullGraph	word_full_graph	myeloid_suppression|tumor_dedifferentiation|LOC100996635|LOC100996635|coexpression_network	myeloid_suppression	tumor_dedifferentiation	LOC100996635	LOC100996635	coexpression_network
primary_recist	melanoma_core_high_evidence	PRJEB23709_PD1_PRE	EcoNiche-Opt-WordFullGraph	word_full_graph	myeloid_suppression|tumor_dedifferentiation|CSF1R|AXL|coexpression_network	myeloid_suppression	tumor_dedifferentiation	CSF1R	AXL	coexpression_network
primary_recist	melanoma_core_high_evidence	PRJEB23709_PD1_PRE	EcoNiche-Opt-WordFullGraph	word_full_graph	tcell_dysfunction|tcell_dysfunction|LAG3|PDCD1|coexpression_network	tcell_dysfunction	tcell_dysfunction	LAG3	PDCD1	coexpression_network
primary_recist	melanoma_core_high_evidence	PRJEB23709_PD1_PRE	EcoNiche-Opt-WordFullGraph	word_full_graph	tcell_dysfunction|tcell_dysfunction|PDCD1|TIGIT|coexpression_network	tcell_dysfunction	tcell_dysfunction	PDCD1	TIGIT	coexpression_network
primary_recist	melanoma_core_high_evidence	PRJEB23709_PD1_PRE	EcoNiche-Opt-WordFullGraph	word_full_graph	tcell_dysfunction|tnk_effector|TIGIT|GZMA|coexpression_network	tcell_dysfunction	tnk_effector	TIGIT	GZMA	coexpression_network
primary_recist	melanoma_core_high_evidence	PRJEB23709_PD1_PRE	EcoNiche-Opt-WordFullGraph	word_full_graph	tcell_dysfunction|tnk_effector|TIGIT|CXCL9|coexpression_network	tcell_dysfunction	tnk_effector	TIGIT	CXCL9	coexpression_network
primary_recist	melanoma_core_high_evidence	PRJEB23709_PD1_PRE	EcoNiche-Opt-WordFullGraph	word_full_graph	tcell_dysfunction|tumor_dedifferentiation|LOC101927697|LOC101927697|coexpression_network	tcell_dysfunction	tumor_dedifferentiation	LOC101927697	LOC101927697	coexpression_network
primary_recist	melanoma_core_high_evidence	PRJEB23709_PD1_PRE	EcoNiche-Opt-WordFullGraph	word_full_graph	tcell_dysfunction|tumor_dedifferentiation|H1F0|LOC100996635|coexpression_network	tcell_dysfunction	tumor_dedifferentiation	H1F0	LOC100996635	coexpression_network
primary_recist	melanoma_core_high_evidence	PRJEB23709_PD1_PRE	EcoNiche-Opt-WordFullGraph	word_full_graph	tnk_effector|tnk_effector|CXCL10|CXCL9|coexpression_network	tnk_effector	tnk_effector	CXCL10	CXCL9	coexpression_network
primary_recist	melanoma_core_high_evidence	PRJEB23709_PD1_PRE	EcoNiche-Opt-WordFullGraph	word_full_graph	tnk_effector|tnk_effector|CXCL10|CXCL11|coexpression_network	tnk_effector	tnk_effector	CXCL10	CXCL11	coexpression_network
primary_recist	melanoma_core_high_evidence	PRJEB23709_PD1_PRE	EcoNiche-Opt-WordFullGraph	word_full_graph	tnk_effector|tumor_dedifferentiation|LOC102724050|LOC102724050|coexpression_network	tnk_effector	tumor_dedifferentiation	LOC102724050	LOC102724050	coexpression_network
primary_recist	melanoma_core_high_evidence	PRJEB23709_PD1_PRE	EcoNiche-Opt-WordFullGraph	word_full_graph	tnk_effector|tumor_dedifferentiation|LOC100996635|LOC100996635|coexpression_network	tnk_effector	tumor_dedifferentiation	LOC100996635	LOC100996635	coexpression_network
primary_recist	melanoma_core_high_evidence	PRJEB23709_PD1_PRE	EcoNiche-Opt-WordFullGraph	word_full_graph	tumor_dedifferentiation|tumor_dedifferentiation|LOC102724050|PAPD7|coexpression_network	tumor_dedifferentiation	tumor_dedifferentiation	LOC102724050	PAPD7	coexpression_network
primary_recist	melanoma_core_high_evidence	PRJEB23709_PD1_PRE	EcoNiche-Opt-WordFullGraph	word_full_graph	tumor_dedifferentiation|tumor_dedifferentiation|AXL|LOC100996635|coexpression_network	tumor_dedifferentiation	tumor_dedifferentiation	AXL	LOC100996635	coexpression_network
primary_recist	melanoma_core_high_evidence	PRJEB23709_PD1_PRE	EcoNiche-Opt-WordUnsignedGraph	word_unsigned_graph	antigen_presentation_mhc|tnk_effector|HLA-A|B2M|pathway	antigen_presentation_mhc	tnk_effector	HLA-A	B2M	pathway
primary_recist	melanoma_core_high_evidence	PRJEB23709_PD1_PRE	EcoNiche-Opt-WordUnsignedGraph	word_unsigned_graph	tnk_effector|antigen_presentation_mhc|IFNG|HLA-A|regulatory	tnk_effector	antigen_presentation_mhc	IFNG	HLA-A	regulatory
primary_recist	melanoma_core_high_evidence	PRJEB23709_PD1_PRE	EcoNiche-Opt-WordUnsignedGraph	word_unsigned_graph	antigen_presentation_mhc|antigen_presentation_mhc|PSMB9|TAP1|coexpression_network	antigen_presentation_mhc	antigen_presentation_mhc	PSMB9	TAP1	coexpression_network
primary_recist	melanoma_core_high_evidence	PRJEB23709_PD1_PRE	EcoNiche-Opt-WordUnsignedGraph	word_unsigned_graph	antigen_presentation_mhc|antigen_presentation_mhc|TAP1|TAP2|coexpression_network	antigen_presentation_mhc	antigen_presentation_mhc	TAP1	TAP2	coexpression_network
primary_recist	melanoma_core_high_evidence	PRJEB23709_PD1_PRE	EcoNiche-Opt-WordUnsignedGraph	word_unsigned_graph	antigen_presentation_mhc|caf_ecm_exclusion|H1F0|H1F0|coexpression_network	antigen_presentation_mhc	caf_ecm_exclusion	H1F0	H1F0	coexpression_network
primary_recist	melanoma_core_high_evidence	PRJEB23709_PD1_PRE	EcoNiche-Opt-WordUnsignedGraph	word_unsigned_graph	antigen_presentation_mhc|caf_ecm_exclusion|LOC102724050|LOC101927356|coexpression_network	antigen_presentation_mhc	caf_ecm_exclusion	LOC102724050	LOC101927356	coexpression_network
primary_recist	melanoma_core_high_evidence	PRJEB23709_PD1_PRE	EcoNiche-Opt-WordUnsignedGraph	word_unsigned_graph	antigen_presentation_mhc|myeloid_suppression|LOC102724050|LOC102724050|coexpression_network	antigen_presentation_mhc	myeloid_suppression	LOC102724050	LOC102724050	coexpression_network
primary_recist	melanoma_core_high_evidence	PRJEB23709_PD1_PRE	EcoNiche-Opt-WordUnsignedGraph	word_unsigned_graph	antigen_presentation_mhc|myeloid_suppression|LOC102724050|LOC101927356|coexpression_network	antigen_presentation_mhc	myeloid_suppression	LOC102724050	LOC101927356	coexpression_network
primary_recist	melanoma_core_high_evidence	PRJEB23709_PD1_PRE	EcoNiche-Opt-WordUnsignedGraph	word_unsigned_graph	antigen_presentation_mhc|tcell_dysfunction|PSMB9|PDCD1|coexpression_network	antigen_presentation_mhc	tcell_dysfunction	PSMB9	PDCD1	coexpression_network
primary_recist	melanoma_core_high_evidence	PRJEB23709_PD1_PRE	EcoNiche-Opt-WordUnsignedGraph	word_unsigned_graph	antigen_presentation_mhc|tcell_dysfunction|TAP1|PDCD1|coexpression_network	antigen_presentation_mhc	tcell_dysfunction	TAP1	PDCD1	coexpression_network
primary_recist	melanoma_core_high_evidence	PRJEB23709_PD1_PRE	EcoNiche-Opt-WordUnsignedGraph	word_unsigned_graph	antigen_presentation_mhc|tnk_effector|LOC102724050|LOC102724050|coexpression_network	antigen_presentation_mhc	tnk_effector	LOC102724050	LOC102724050	coexpression_network
primary_recist	melanoma_core_high_evidence	PRJEB23709_PD1_PRE	EcoNiche-Opt-WordUnsignedGraph	word_unsigned_graph	antigen_presentation_mhc|tnk_effector|H1F0|H1F0|coexpression_network	antigen_presentation_mhc	tnk_effector	H1F0	H1F0	coexpression_network
primary_recist	melanoma_core_high_evidence	PRJEB23709_PD1_PRE	EcoNiche-Opt-WordUnsignedGraph	word_unsigned_graph	antigen_presentation_mhc|tumor_dedifferentiation|PSMB9|PDCD1|coexpression_network	antigen_presentation_mhc	tumor_dedifferentiation	PSMB9	PDCD1	coexpression_network
primary_recist	melanoma_core_high_evidence	PRJEB23709_PD1_PRE	EcoNiche-Opt-WordUnsignedGraph	word_unsigned_graph	antigen_presentation_mhc|tumor_dedifferentiation|TAP1|PDCD1|coexpression_network	antigen_presentation_mhc	tumor_dedifferentiation	TAP1	PDCD1	coexpression_network
primary_recist	melanoma_core_high_evidence	PRJEB23709_PD1_PRE	EcoNiche-Opt-WordUnsignedGraph	word_unsigned_graph	caf_ecm_exclusion|caf_ecm_exclusion|COL1A2|POSTN|coexpression_network	caf_ecm_exclusion	caf_ecm_exclusion	COL1A2	POSTN	coexpression_network
primary_recist	melanoma_core_high_evidence	PRJEB23709_PD1_PRE	EcoNiche-Opt-WordUnsignedGraph	word_unsigned_graph	caf_ecm_exclusion|caf_ecm_exclusion|H1F0|LOC100996635|coexpression_network	caf_ecm_exclusion	caf_ecm_exclusion	H1F0	LOC100996635	coexpression_network
primary_recist	melanoma_core_high_evidence	PRJEB23709_PD1_PRE	EcoNiche-Opt-WordUnsignedGraph	word_unsigned_graph	caf_ecm_exclusion|myeloid_suppression|VIM|VIM|coexpression_network	caf_ecm_exclusion	myeloid_suppression	VIM	VIM	coexpression_network
primary_recist	melanoma_core_high_evidence	PRJEB23709_PD1_PRE	EcoNiche-Opt-WordUnsignedGraph	word_unsigned_graph	caf_ecm_exclusion|myeloid_suppression|LOC101927356|LOC101927356|coexpression_network	caf_ecm_exclusion	myeloid_suppression	LOC101927356	LOC101927356	coexpression_network
primary_recist	melanoma_core_high_evidence	PRJEB23709_PD1_PRE	EcoNiche-Opt-WordUnsignedGraph	word_unsigned_graph	caf_ecm_exclusion|tcell_dysfunction|H1F0|LOC388849|coexpression_network	caf_ecm_exclusion	tcell_dysfunction	H1F0	LOC388849	coexpression_network
primary_recist	melanoma_core_high_evidence	PRJEB23709_PD1_PRE	EcoNiche-Opt-WordUnsignedGraph	word_unsigned_graph	caf_ecm_exclusion|tcell_dysfunction|CXCL12|TIGIT|coexpression_network	caf_ecm_exclusion	tcell_dysfunction	CXCL12	TIGIT	coexpression_network
primary_recist	melanoma_core_high_evidence	PRJEB23709_PD1_PRE	EcoNiche-Opt-WordUnsignedGraph	word_unsigned_graph	caf_ecm_exclusion|tnk_effector|LOC101927356|LOC101927356|coexpression_network	caf_ecm_exclusion	tnk_effector	LOC101927356	LOC101927356	coexpression_network
primary_recist	melanoma_core_high_evidence	PRJEB23709_PD1_PRE	EcoNiche-Opt-WordUnsignedGraph	word_unsigned_graph	caf_ecm_exclusion|tnk_effector|H1F0|H1F0|coexpression_network	caf_ecm_exclusion	tnk_effector	H1F0	H1F0	coexpression_network
primary_recist	melanoma_core_high_evidence	PRJEB23709_PD1_PRE	EcoNiche-Opt-WordUnsignedGraph	word_unsigned_graph	caf_ecm_exclusion|tumor_dedifferentiation|VIM|VIM|coexpression_network	caf_ecm_exclusion	tumor_dedifferentiation	VIM	VIM	coexpression_network
primary_recist	melanoma_core_high_evidence	PRJEB23709_PD1_PRE	EcoNiche-Opt-WordUnsignedGraph	word_unsigned_graph	caf_ecm_exclusion|tumor_dedifferentiation|LOC101927356|ZEB1|coexpression_network	caf_ecm_exclusion	tumor_dedifferentiation	LOC101927356	ZEB1	coexpression_network
primary_recist	melanoma_core_high_evidence	PRJEB23709_PD1_PRE	EcoNiche-Opt-WordUnsignedGraph	word_unsigned_graph	myeloid_suppression|myeloid_suppression|LOC101927356|LOC102724050|coexpression_network	myeloid_suppression	myeloid_suppression	LOC101927356	LOC102724050	coexpression_network
primary_recist	melanoma_core_high_evidence	PRJEB23709_PD1_PRE	EcoNiche-Opt-WordUnsignedGraph	word_unsigned_graph	myeloid_suppression|myeloid_suppression|IL10|LOC102724050|coexpression_network	myeloid_suppression	myeloid_suppression	IL10	LOC102724050	coexpression_network
primary_recist	melanoma_core_high_evidence	PRJEB23709_PD1_PRE	EcoNiche-Opt-WordUnsignedGraph	word_unsigned_graph	myeloid_suppression|tcell_dysfunction|LOC102724050|RASGRF2-AS1|coexpression_network	myeloid_suppression	tcell_dysfunction	LOC102724050	RASGRF2-AS1	coexpression_network
primary_recist	melanoma_core_high_evidence	PRJEB23709_PD1_PRE	EcoNiche-Opt-WordUnsignedGraph	word_unsigned_graph	myeloid_suppression|tcell_dysfunction|IL10|CTLA4|coexpression_network	myeloid_suppression	tcell_dysfunction	IL10	CTLA4	coexpression_network
primary_recist	melanoma_core_high_evidence	PRJEB23709_PD1_PRE	EcoNiche-Opt-WordUnsignedGraph	word_unsigned_graph	myeloid_suppression|tnk_effector|LOC102724050|LOC102724050|coexpression_network	myeloid_suppression	tnk_effector	LOC102724050	LOC102724050	coexpression_network
primary_recist	melanoma_core_high_evidence	PRJEB23709_PD1_PRE	EcoNiche-Opt-WordUnsignedGraph	word_unsigned_graph	myeloid_suppression|tnk_effector|LOC101927356|LOC101927356|coexpression_network	myeloid_suppression	tnk_effector	LOC101927356	LOC101927356	coexpression_network
primary_recist	melanoma_core_high_evidence	PRJEB23709_PD1_PRE	EcoNiche-Opt-WordUnsignedGraph	word_unsigned_graph	myeloid_suppression|tumor_dedifferentiation|VIM|VIM|coexpression_network	myeloid_suppression	tumor_dedifferentiation	VIM	VIM	coexpression_network
primary_recist	melanoma_core_high_evidence	PRJEB23709_PD1_PRE	EcoNiche-Opt-WordUnsignedGraph	word_unsigned_graph	myeloid_suppression|tumor_dedifferentiation|LOC101927356|ZEB1|coexpression_network	myeloid_suppression	tumor_dedifferentiation	LOC101927356	ZEB1	coexpression_network
primary_recist	melanoma_core_high_evidence	PRJEB23709_PD1_PRE	EcoNiche-Opt-WordUnsignedGraph	word_unsigned_graph	tcell_dysfunction|tcell_dysfunction|PDCD1|TIGIT|coexpression_network	tcell_dysfunction	tcell_dysfunction	PDCD1	TIGIT	coexpression_network
primary_recist	melanoma_core_high_evidence	PRJEB23709_PD1_PRE	EcoNiche-Opt-WordUnsignedGraph	word_unsigned_graph	tcell_dysfunction|tcell_dysfunction|CXCL13|TIGIT|coexpression_network	tcell_dysfunction	tcell_dysfunction	CXCL13	TIGIT	coexpression_network
primary_recist	melanoma_core_high_evidence	PRJEB23709_PD1_PRE	EcoNiche-Opt-WordUnsignedGraph	word_unsigned_graph	tcell_dysfunction|tnk_effector|TIGIT|CCL5|coexpression_network	tcell_dysfunction	tnk_effector	TIGIT	CCL5	coexpression_network
primary_recist	melanoma_core_high_evidence	PRJEB23709_PD1_PRE	EcoNiche-Opt-WordUnsignedGraph	word_unsigned_graph	tcell_dysfunction|tnk_effector|TIGIT|CXCL9|coexpression_network	tcell_dysfunction	tnk_effector	TIGIT	CXCL9	coexpression_network
primary_recist	melanoma_core_high_evidence	PRJEB23709_PD1_PRE	EcoNiche-Opt-WordUnsignedGraph	word_unsigned_graph	tcell_dysfunction|tumor_dedifferentiation|PDCD1|PDCD1|coexpression_network	tcell_dysfunction	tumor_dedifferentiation	PDCD1	PDCD1	coexpression_network
primary_recist	melanoma_core_high_evidence	PRJEB23709_PD1_PRE	EcoNiche-Opt-WordUnsignedGraph	word_unsigned_graph	tcell_dysfunction|tumor_dedifferentiation|TIGIT|PDCD1|coexpression_network	tcell_dysfunction	tumor_dedifferentiation	TIGIT	PDCD1	coexpression_network
primary_recist	melanoma_core_high_evidence	PRJEB23709_PD1_PRE	EcoNiche-Opt-WordUnsignedGraph	word_unsigned_graph	tnk_effector|tnk_effector|CCL5|IFNG|coexpression_network	tnk_effector	tnk_effector	CCL5	IFNG	coexpression_network
primary_recist	melanoma_core_high_evidence	PRJEB23709_PD1_PRE	EcoNiche-Opt-WordUnsignedGraph	word_unsigned_graph	tnk_effector|tnk_effector|CXCL9|IFNG|coexpression_network	tnk_effector	tnk_effector	CXCL9	IFNG	coexpression_network
primary_recist	melanoma_core_high_evidence	PRJEB23709_PD1_PRE	EcoNiche-Opt-WordUnsignedGraph	word_unsigned_graph	tnk_effector|tumor_dedifferentiation|CCL5|PDCD1|coexpression_network	tnk_effector	tumor_dedifferentiation	CCL5	PDCD1	coexpression_network
primary_recist	melanoma_core_high_evidence	PRJEB23709_PD1_PRE	EcoNiche-Opt-WordUnsignedGraph	word_unsigned_graph	tnk_effector|tumor_dedifferentiation|IFNG|PDCD1|coexpression_network	tnk_effector	tumor_dedifferentiation	IFNG	PDCD1	coexpression_network
primary_recist	melanoma_core_high_evidence	PRJEB23709_PD1_PRE	EcoNiche-Opt-WordUnsignedGraph	word_unsigned_graph	tumor_dedifferentiation|tumor_dedifferentiation|GRAMD3|LINC00945|coexpression_network	tumor_dedifferentiation	tumor_dedifferentiation	GRAMD3	LINC00945	coexpression_network
primary_recist	melanoma_core_high_evidence	PRJEB23709_PD1_PRE	EcoNiche-Opt-WordUnsignedGraph	word_unsigned_graph	tumor_dedifferentiation|tumor_dedifferentiation|PDCD1|VIM|coexpression_network	tumor_dedifferentiation	tumor_dedifferentiation	PDCD1	VIM	coexpression_network
primary_recist	melanoma_core_high_evidence	PRJEB23709_PD1_PRE	EcoNiche-Opt-WordNoBioObjective	word_no_bio_objective	tcell_dysfunction|tcell_dysfunction|PDCD1|LAG3|checkpoint	tcell_dysfunction	tcell_dysfunction	PDCD1	LAG3	checkpoint
primary_recist	melanoma_core_high_evidence	PRJEB23709_PD1_PRE	EcoNiche-Opt-WordNoBioObjective	word_no_bio_objective	caf_ecm_exclusion|caf_ecm_exclusion|COL1A1|FN1|network	caf_ecm_exclusion	caf_ecm_exclusion	COL1A1	FN1	network
primary_recist	melanoma_core_high_evidence	PRJEB23709_PD1_PRE	EcoNiche-Opt-WordNoBioObjective	word_no_bio_objective	tnk_effector|antigen_presentation_mhc|IFNG|HLA-A|regulatory	tnk_effector	antigen_presentation_mhc	IFNG	HLA-A	regulatory
primary_recist	melanoma_core_high_evidence	PRJEB23709_PD1_PRE	EcoNiche-Opt-WordNoBioObjective	word_no_bio_objective	antigen_presentation_mhc|antigen_presentation_mhc|PDCD1|PSMB9|coexpression_network	antigen_presentation_mhc	antigen_presentation_mhc	PDCD1	PSMB9	coexpression_network
primary_recist	melanoma_core_high_evidence	PRJEB23709_PD1_PRE	EcoNiche-Opt-WordNoBioObjective	word_no_bio_objective	antigen_presentation_mhc|antigen_presentation_mhc|PSMB9|TAP2|coexpression_network	antigen_presentation_mhc	antigen_presentation_mhc	PSMB9	TAP2	coexpression_network
primary_recist	melanoma_core_high_evidence	PRJEB23709_PD1_PRE	EcoNiche-Opt-WordNoBioObjective	word_no_bio_objective	antigen_presentation_mhc|caf_ecm_exclusion|LOC102724678|LOC102724050|coexpression_network	antigen_presentation_mhc	caf_ecm_exclusion	LOC102724678	LOC102724050	coexpression_network
primary_recist	melanoma_core_high_evidence	PRJEB23709_PD1_PRE	EcoNiche-Opt-WordNoBioObjective	word_no_bio_objective	antigen_presentation_mhc|caf_ecm_exclusion|LOC102724678|COL1A1|coexpression_network	antigen_presentation_mhc	caf_ecm_exclusion	LOC102724678	COL1A1	coexpression_network
primary_recist	melanoma_core_high_evidence	PRJEB23709_PD1_PRE	EcoNiche-Opt-WordNoBioObjective	word_no_bio_objective	antigen_presentation_mhc|myeloid_suppression|PDCD1|PDCD1|coexpression_network	antigen_presentation_mhc	myeloid_suppression	PDCD1	PDCD1	coexpression_network
primary_recist	melanoma_core_high_evidence	PRJEB23709_PD1_PRE	EcoNiche-Opt-WordNoBioObjective	word_no_bio_objective	antigen_presentation_mhc|myeloid_suppression|PSMB9|PDCD1|coexpression_network	antigen_presentation_mhc	myeloid_suppression	PSMB9	PDCD1	coexpression_network
primary_recist	melanoma_core_high_evidence	PRJEB23709_PD1_PRE	EcoNiche-Opt-WordNoBioObjective	word_no_bio_objective	antigen_presentation_mhc|tcell_dysfunction|PDCD1|PDCD1|coexpression_network	antigen_presentation_mhc	tcell_dysfunction	PDCD1	PDCD1	coexpression_network
primary_recist	melanoma_core_high_evidence	PRJEB23709_PD1_PRE	EcoNiche-Opt-WordNoBioObjective	word_no_bio_objective	antigen_presentation_mhc|tcell_dysfunction|PSMB9|PDCD1|coexpression_network	antigen_presentation_mhc	tcell_dysfunction	PSMB9	PDCD1	coexpression_network
primary_recist	melanoma_core_high_evidence	PRJEB23709_PD1_PRE	EcoNiche-Opt-WordNoBioObjective	word_no_bio_objective	antigen_presentation_mhc|tnk_effector|PDCD1|PDCD1|coexpression_network	antigen_presentation_mhc	tnk_effector	PDCD1	PDCD1	coexpression_network
primary_recist	melanoma_core_high_evidence	PRJEB23709_PD1_PRE	EcoNiche-Opt-WordNoBioObjective	word_no_bio_objective	antigen_presentation_mhc|tnk_effector|PSMB9|PDCD1|coexpression_network	antigen_presentation_mhc	tnk_effector	PSMB9	PDCD1	coexpression_network
primary_recist	melanoma_core_high_evidence	PRJEB23709_PD1_PRE	EcoNiche-Opt-WordNoBioObjective	word_no_bio_objective	antigen_presentation_mhc|tumor_dedifferentiation|LOC102724678|ZEB1|coexpression_network	antigen_presentation_mhc	tumor_dedifferentiation	LOC102724678	ZEB1	coexpression_network
primary_recist	melanoma_core_high_evidence	PRJEB23709_PD1_PRE	EcoNiche-Opt-WordNoBioObjective	word_no_bio_objective	antigen_presentation_mhc|tumor_dedifferentiation|PDCD1|VIM|coexpression_network	antigen_presentation_mhc	tumor_dedifferentiation	PDCD1	VIM	coexpression_network
primary_recist	melanoma_core_high_evidence	PRJEB23709_PD1_PRE	EcoNiche-Opt-WordNoBioObjective	word_no_bio_objective	caf_ecm_exclusion|caf_ecm_exclusion|COL1A1|TGFBI|coexpression_network	caf_ecm_exclusion	caf_ecm_exclusion	COL1A1	TGFBI	coexpression_network
primary_recist	melanoma_core_high_evidence	PRJEB23709_PD1_PRE	EcoNiche-Opt-WordNoBioObjective	word_no_bio_objective	caf_ecm_exclusion|caf_ecm_exclusion|FN1|TGFBI|coexpression_network	caf_ecm_exclusion	caf_ecm_exclusion	FN1	TGFBI	coexpression_network
primary_recist	melanoma_core_high_evidence	PRJEB23709_PD1_PRE	EcoNiche-Opt-WordNoBioObjective	word_no_bio_objective	caf_ecm_exclusion|myeloid_suppression|LOC102724050|RASGRF2-AS1|coexpression_network	caf_ecm_exclusion	myeloid_suppression	LOC102724050	RASGRF2-AS1	coexpression_network
primary_recist	melanoma_core_high_evidence	PRJEB23709_PD1_PRE	EcoNiche-Opt-WordNoBioObjective	word_no_bio_objective	caf_ecm_exclusion|myeloid_suppression|LOC102724050|IL10|coexpression_network	caf_ecm_exclusion	myeloid_suppression	LOC102724050	IL10	coexpression_network
primary_recist	melanoma_core_high_evidence	PRJEB23709_PD1_PRE	EcoNiche-Opt-WordNoBioObjective	word_no_bio_objective	caf_ecm_exclusion|tcell_dysfunction|TGFBI|LOC388849|coexpression_network	caf_ecm_exclusion	tcell_dysfunction	TGFBI	LOC388849	coexpression_network
primary_recist	melanoma_core_high_evidence	PRJEB23709_PD1_PRE	EcoNiche-Opt-WordNoBioObjective	word_no_bio_objective	caf_ecm_exclusion|tcell_dysfunction|FN1|LOC388849|coexpression_network	caf_ecm_exclusion	tcell_dysfunction	FN1	LOC388849	coexpression_network
primary_recist	melanoma_core_high_evidence	PRJEB23709_PD1_PRE	EcoNiche-Opt-WordNoBioObjective	word_no_bio_objective	caf_ecm_exclusion|tnk_effector|LOC102724050|RASGRF2-AS1|coexpression_network	caf_ecm_exclusion	tnk_effector	LOC102724050	RASGRF2-AS1	coexpression_network
primary_recist	melanoma_core_high_evidence	PRJEB23709_PD1_PRE	EcoNiche-Opt-WordNoBioObjective	word_no_bio_objective	caf_ecm_exclusion|tnk_effector|VIM|PDCD1|coexpression_network	caf_ecm_exclusion	tnk_effector	VIM	PDCD1	coexpression_network
primary_recist	melanoma_core_high_evidence	PRJEB23709_PD1_PRE	EcoNiche-Opt-WordNoBioObjective	word_no_bio_objective	caf_ecm_exclusion|tumor_dedifferentiation|VIM|VIM|coexpression_network	caf_ecm_exclusion	tumor_dedifferentiation	VIM	VIM	coexpression_network
primary_recist	melanoma_core_high_evidence	PRJEB23709_PD1_PRE	EcoNiche-Opt-WordNoBioObjective	word_no_bio_objective	caf_ecm_exclusion|tumor_dedifferentiation|LOC102724050|MITF|coexpression_network	caf_ecm_exclusion	tumor_dedifferentiation	LOC102724050	MITF	coexpression_network
primary_recist	melanoma_core_high_evidence	PRJEB23709_PD1_PRE	EcoNiche-Opt-WordNoBioObjective	word_no_bio_objective	myeloid_suppression|myeloid_suppression|CD163|IL10|coexpression_network	myeloid_suppression	myeloid_suppression	CD163	IL10	coexpression_network
primary_recist	melanoma_core_high_evidence	PRJEB23709_PD1_PRE	EcoNiche-Opt-WordNoBioObjective	word_no_bio_objective	myeloid_suppression|myeloid_suppression|IL10|LOC100996635|coexpression_network	myeloid_suppression	myeloid_suppression	IL10	LOC100996635	coexpression_network
primary_recist	melanoma_core_high_evidence	PRJEB23709_PD1_PRE	EcoNiche-Opt-WordNoBioObjective	word_no_bio_objective	myeloid_suppression|tcell_dysfunction|LOC101927697|LOC101927697|coexpression_network	myeloid_suppression	tcell_dysfunction	LOC101927697	LOC101927697	coexpression_network
primary_recist	melanoma_core_high_evidence	PRJEB23709_PD1_PRE	EcoNiche-Opt-WordNoBioObjective	word_no_bio_objective	myeloid_suppression|tcell_dysfunction|PDCD1|PDCD1|coexpression_network	myeloid_suppression	tcell_dysfunction	PDCD1	PDCD1	coexpression_network
primary_recist	melanoma_core_high_evidence	PRJEB23709_PD1_PRE	EcoNiche-Opt-WordNoBioObjective	word_no_bio_objective	myeloid_suppression|tnk_effector|RASGRF2-AS1|RASGRF2-AS1|coexpression_network	myeloid_suppression	tnk_effector	RASGRF2-AS1	RASGRF2-AS1	coexpression_network
primary_recist	melanoma_core_high_evidence	PRJEB23709_PD1_PRE	EcoNiche-Opt-WordNoBioObjective	word_no_bio_objective	myeloid_suppression|tnk_effector|PDCD1|PDCD1|coexpression_network	myeloid_suppression	tnk_effector	PDCD1	PDCD1	coexpression_network
primary_recist	melanoma_core_high_evidence	PRJEB23709_PD1_PRE	EcoNiche-Opt-WordNoBioObjective	word_no_bio_objective	myeloid_suppression|tumor_dedifferentiation|LOC100996635|ZEB1|coexpression_network	myeloid_suppression	tumor_dedifferentiation	LOC100996635	ZEB1	coexpression_network
primary_recist	melanoma_core_high_evidence	PRJEB23709_PD1_PRE	EcoNiche-Opt-WordNoBioObjective	word_no_bio_objective	myeloid_suppression|tumor_dedifferentiation|RASGRF2-AS1|ZEB1|coexpression_network	myeloid_suppression	tumor_dedifferentiation	RASGRF2-AS1	ZEB1	coexpression_network
primary_recist	melanoma_core_high_evidence	PRJEB23709_PD1_PRE	EcoNiche-Opt-WordNoBioObjective	word_no_bio_objective	tcell_dysfunction|tcell_dysfunction|LAG3|PDCD1|coexpression_network	tcell_dysfunction	tcell_dysfunction	LAG3	PDCD1	coexpression_network
primary_recist	melanoma_core_high_evidence	PRJEB23709_PD1_PRE	EcoNiche-Opt-WordNoBioObjective	word_no_bio_objective	tcell_dysfunction|tcell_dysfunction|PDCD1|TIGIT|coexpression_network	tcell_dysfunction	tcell_dysfunction	PDCD1	TIGIT	coexpression_network
primary_recist	melanoma_core_high_evidence	PRJEB23709_PD1_PRE	EcoNiche-Opt-WordNoBioObjective	word_no_bio_objective	tcell_dysfunction|tnk_effector|PDCD1|PDCD1|coexpression_network	tcell_dysfunction	tnk_effector	PDCD1	PDCD1	coexpression_network
primary_recist	melanoma_core_high_evidence	PRJEB23709_PD1_PRE	EcoNiche-Opt-WordNoBioObjective	word_no_bio_objective	tcell_dysfunction|tnk_effector|LAG3|PDCD1|coexpression_network	tcell_dysfunction	tnk_effector	LAG3	PDCD1	coexpression_network
primary_recist	melanoma_core_high_evidence	PRJEB23709_PD1_PRE	EcoNiche-Opt-WordNoBioObjective	word_no_bio_objective	tcell_dysfunction|tumor_dedifferentiation|LOC100507600|ZEB1|coexpression_network	tcell_dysfunction	tumor_dedifferentiation	LOC100507600	ZEB1	coexpression_network
primary_recist	melanoma_core_high_evidence	PRJEB23709_PD1_PRE	EcoNiche-Opt-WordNoBioObjective	word_no_bio_objective	tcell_dysfunction|tumor_dedifferentiation|PDCD1|VIM|coexpression_network	tcell_dysfunction	tumor_dedifferentiation	PDCD1	VIM	coexpression_network
primary_recist	melanoma_core_high_evidence	PRJEB23709_PD1_PRE	EcoNiche-Opt-WordNoBioObjective	word_no_bio_objective	tnk_effector|tnk_effector|IFNG|PDCD1|coexpression_network	tnk_effector	tnk_effector	IFNG	PDCD1	coexpression_network
primary_recist	melanoma_core_high_evidence	PRJEB23709_PD1_PRE	EcoNiche-Opt-WordNoBioObjective	word_no_bio_objective	tnk_effector|tnk_effector|CXCL11|IFNG|coexpression_network	tnk_effector	tnk_effector	CXCL11	IFNG	coexpression_network
primary_recist	melanoma_core_high_evidence	PRJEB23709_PD1_PRE	EcoNiche-Opt-WordNoBioObjective	word_no_bio_objective	tnk_effector|tumor_dedifferentiation|RASGRF2-AS1|ZEB1|coexpression_network	tnk_effector	tumor_dedifferentiation	RASGRF2-AS1	ZEB1	coexpression_network
primary_recist	melanoma_core_high_evidence	PRJEB23709_PD1_PRE	EcoNiche-Opt-WordNoBioObjective	word_no_bio_objective	tnk_effector|tumor_dedifferentiation|PDCD1|VIM|coexpression_network	tnk_effector	tumor_dedifferentiation	PDCD1	VIM	coexpression_network
primary_recist	melanoma_core_high_evidence	PRJEB23709_PD1_PRE	EcoNiche-Opt-WordNoBioObjective	word_no_bio_objective	tumor_dedifferentiation|tumor_dedifferentiation|MITF|ZEB1|coexpression_network	tumor_dedifferentiation	tumor_dedifferentiation	MITF	ZEB1	coexpression_network
