endpoint	stratum	holdout	model_name	selected_model	edge_id	source_state	target_state	gene_a	gene_b	edge_class
primary_recist	melanoma_recist_supported_primary	GSE91061	EcoNiche-Opt-WordFullGraph	word_full_graph	myeloid_suppression|myeloid_suppression|S100A8|S100A9|network	myeloid_suppression	myeloid_suppression	S100A8	S100A9	network
primary_recist	melanoma_recist_supported_primary	GSE91061	EcoNiche-Opt-WordFullGraph	word_full_graph	antigen_presentation_mhc|antigen_presentation_mhc|MIR4763,MIRLET7A3,MIRLET7B,MIRLET7BHG|RILP,SCARF1|coexpression_network	antigen_presentation_mhc	antigen_presentation_mhc	MIR4763,MIRLET7A3,MIRLET7B,MIRLET7BHG	RILP,SCARF1	coexpression_network
primary_recist	melanoma_recist_supported_primary	GSE91061	EcoNiche-Opt-WordFullGraph	word_full_graph	antigen_presentation_mhc|antigen_presentation_mhc|B2M|MIR4763,MIRLET7A3,MIRLET7B,MIRLET7BHG|coexpression_network	antigen_presentation_mhc	antigen_presentation_mhc	B2M	MIR4763,MIRLET7A3,MIRLET7B,MIRLET7BHG	coexpression_network
primary_recist	melanoma_recist_supported_primary	GSE91061	EcoNiche-Opt-WordFullGraph	word_full_graph	antigen_presentation_mhc|caf_ecm_exclusion|RILP,SCARF1|RILP,SCARF1|coexpression_network	antigen_presentation_mhc	caf_ecm_exclusion	RILP,SCARF1	RILP,SCARF1	coexpression_network
primary_recist	melanoma_recist_supported_primary	GSE91061	EcoNiche-Opt-WordFullGraph	word_full_graph	antigen_presentation_mhc|caf_ecm_exclusion|MIR4763,MIRLET7A3,MIRLET7B,MIRLET7BHG|MIR4763,MIRLET7A3,MIRLET7B,MIRLET7BHG|coexpression_network	antigen_presentation_mhc	caf_ecm_exclusion	MIR4763,MIRLET7A3,MIRLET7B,MIRLET7BHG	MIR4763,MIRLET7A3,MIRLET7B,MIRLET7BHG	coexpression_network
primary_recist	melanoma_recist_supported_primary	GSE91061	EcoNiche-Opt-WordFullGraph	word_full_graph	antigen_presentation_mhc|myeloid_suppression|RP11-444B24|IGHD2-15|coexpression_network	antigen_presentation_mhc	myeloid_suppression	RP11-444B24	IGHD2-15	coexpression_network
primary_recist	melanoma_recist_supported_primary	GSE91061	EcoNiche-Opt-WordFullGraph	word_full_graph	antigen_presentation_mhc|myeloid_suppression|PSMB9|IGHD2-15|coexpression_network	antigen_presentation_mhc	myeloid_suppression	PSMB9	IGHD2-15	coexpression_network
primary_recist	melanoma_recist_supported_primary	GSE91061	EcoNiche-Opt-WordFullGraph	word_full_graph	antigen_presentation_mhc|tcell_dysfunction|MIR4763,MIRLET7A3,MIRLET7B,MIRLET7BHG|MIR143,MIR143HG|coexpression_network	antigen_presentation_mhc	tcell_dysfunction	MIR4763,MIRLET7A3,MIRLET7B,MIRLET7BHG	MIR143,MIR143HG	coexpression_network
primary_recist	melanoma_recist_supported_primary	GSE91061	EcoNiche-Opt-WordFullGraph	word_full_graph	antigen_presentation_mhc|tcell_dysfunction|RILP,SCARF1|HPN,SCN1B|coexpression_network	antigen_presentation_mhc	tcell_dysfunction	RILP,SCARF1	HPN,SCN1B	coexpression_network
primary_recist	melanoma_recist_supported_primary	GSE91061	EcoNiche-Opt-WordFullGraph	word_full_graph	antigen_presentation_mhc|tnk_effector|MIR4763,MIRLET7A3,MIRLET7B,MIRLET7BHG|CASC14,CASC15|coexpression_network	antigen_presentation_mhc	tnk_effector	MIR4763,MIRLET7A3,MIRLET7B,MIRLET7BHG	CASC14,CASC15	coexpression_network
primary_recist	melanoma_recist_supported_primary	GSE91061	EcoNiche-Opt-WordFullGraph	word_full_graph	antigen_presentation_mhc|tnk_effector|RP11-444B24|CD8A|coexpression_network	antigen_presentation_mhc	tnk_effector	RP11-444B24	CD8A	coexpression_network
primary_recist	melanoma_recist_supported_primary	GSE91061	EcoNiche-Opt-WordFullGraph	word_full_graph	antigen_presentation_mhc|tumor_dedifferentiation|RP11-444B24|RP11-444B24|coexpression_network	antigen_presentation_mhc	tumor_dedifferentiation	RP11-444B24	RP11-444B24	coexpression_network
primary_recist	melanoma_recist_supported_primary	GSE91061	EcoNiche-Opt-WordFullGraph	word_full_graph	antigen_presentation_mhc|tumor_dedifferentiation|MIR4763,MIRLET7A3,MIRLET7B,MIRLET7BHG|CASC14,CASC15|coexpression_network	antigen_presentation_mhc	tumor_dedifferentiation	MIR4763,MIRLET7A3,MIRLET7B,MIRLET7BHG	CASC14,CASC15	coexpression_network
primary_recist	melanoma_recist_supported_primary	GSE91061	EcoNiche-Opt-WordFullGraph	word_full_graph	caf_ecm_exclusion|caf_ecm_exclusion|MIR4763,MIRLET7A3,MIRLET7B,MIRLET7BHG|RILP,SCARF1|coexpression_network	caf_ecm_exclusion	caf_ecm_exclusion	MIR4763,MIRLET7A3,MIRLET7B,MIRLET7BHG	RILP,SCARF1	coexpression_network
primary_recist	melanoma_recist_supported_primary	GSE91061	EcoNiche-Opt-WordFullGraph	word_full_graph	caf_ecm_exclusion|caf_ecm_exclusion|MIR143,MIR143HG|MIR4763,MIRLET7A3,MIRLET7B,MIRLET7BHG|coexpression_network	caf_ecm_exclusion	caf_ecm_exclusion	MIR143,MIR143HG	MIR4763,MIRLET7A3,MIRLET7B,MIRLET7BHG	coexpression_network
primary_recist	melanoma_recist_supported_primary	GSE91061	EcoNiche-Opt-WordFullGraph	word_full_graph	caf_ecm_exclusion|myeloid_suppression|POSTN|ITGAM|coexpression_network	caf_ecm_exclusion	myeloid_suppression	POSTN	ITGAM	coexpression_network
primary_recist	melanoma_recist_supported_primary	GSE91061	EcoNiche-Opt-WordFullGraph	word_full_graph	caf_ecm_exclusion|myeloid_suppression|POSTN|IL10|coexpression_network	caf_ecm_exclusion	myeloid_suppression	POSTN	IL10	coexpression_network
primary_recist	melanoma_recist_supported_primary	GSE91061	EcoNiche-Opt-WordFullGraph	word_full_graph	caf_ecm_exclusion|tcell_dysfunction|MIR143,MIR143HG|MIR143,MIR143HG|coexpression_network	caf_ecm_exclusion	tcell_dysfunction	MIR143,MIR143HG	MIR143,MIR143HG	coexpression_network
primary_recist	melanoma_recist_supported_primary	GSE91061	EcoNiche-Opt-WordFullGraph	word_full_graph	caf_ecm_exclusion|tcell_dysfunction|MIR4763,MIRLET7A3,MIRLET7B,MIRLET7BHG|MIR143,MIR143HG|coexpression_network	caf_ecm_exclusion	tcell_dysfunction	MIR4763,MIRLET7A3,MIRLET7B,MIRLET7BHG	MIR143,MIR143HG	coexpression_network
primary_recist	melanoma_recist_supported_primary	GSE91061	EcoNiche-Opt-WordFullGraph	word_full_graph	caf_ecm_exclusion|tnk_effector|MIR4763,MIRLET7A3,MIRLET7B,MIRLET7BHG|CASC14,CASC15|coexpression_network	caf_ecm_exclusion	tnk_effector	MIR4763,MIRLET7A3,MIRLET7B,MIRLET7BHG	CASC14,CASC15	coexpression_network
primary_recist	melanoma_recist_supported_primary	GSE91061	EcoNiche-Opt-WordFullGraph	word_full_graph	caf_ecm_exclusion|tnk_effector|RILP,SCARF1|RPS8,SNORD55|coexpression_network	caf_ecm_exclusion	tnk_effector	RILP,SCARF1	RPS8,SNORD55	coexpression_network
primary_recist	melanoma_recist_supported_primary	GSE91061	EcoNiche-Opt-WordFullGraph	word_full_graph	caf_ecm_exclusion|tumor_dedifferentiation|VIM|VIM|coexpression_network	caf_ecm_exclusion	tumor_dedifferentiation	VIM	VIM	coexpression_network
primary_recist	melanoma_recist_supported_primary	GSE91061	EcoNiche-Opt-WordFullGraph	word_full_graph	caf_ecm_exclusion|tumor_dedifferentiation|POSTN|AXL|coexpression_network	caf_ecm_exclusion	tumor_dedifferentiation	POSTN	AXL	coexpression_network
primary_recist	melanoma_recist_supported_primary	GSE91061	EcoNiche-Opt-WordFullGraph	word_full_graph	myeloid_suppression|myeloid_suppression|IL10|ITGAM|coexpression_network	myeloid_suppression	myeloid_suppression	IL10	ITGAM	coexpression_network
primary_recist	melanoma_recist_supported_primary	GSE91061	EcoNiche-Opt-WordFullGraph	word_full_graph	myeloid_suppression|myeloid_suppression|IL10|MRC1|coexpression_network	myeloid_suppression	myeloid_suppression	IL10	MRC1	coexpression_network
primary_recist	melanoma_recist_supported_primary	GSE91061	EcoNiche-Opt-WordFullGraph	word_full_graph	myeloid_suppression|tcell_dysfunction|ITGAM|HAVCR2|coexpression_network	myeloid_suppression	tcell_dysfunction	ITGAM	HAVCR2	coexpression_network
primary_recist	melanoma_recist_supported_primary	GSE91061	EcoNiche-Opt-WordFullGraph	word_full_graph	myeloid_suppression|tcell_dysfunction|S100A8|ATP5E,SLMO2,SLMO2-ATP5E|coexpression_network	myeloid_suppression	tcell_dysfunction	S100A8	ATP5E,SLMO2,SLMO2-ATP5E	coexpression_network
primary_recist	melanoma_recist_supported_primary	GSE91061	EcoNiche-Opt-WordFullGraph	word_full_graph	myeloid_suppression|tnk_effector|ITGAM|CD8A|coexpression_network	myeloid_suppression	tnk_effector	ITGAM	CD8A	coexpression_network
primary_recist	melanoma_recist_supported_primary	GSE91061	EcoNiche-Opt-WordFullGraph	word_full_graph	myeloid_suppression|tnk_effector|ITGAM|IFNG|coexpression_network	myeloid_suppression	tnk_effector	ITGAM	IFNG	coexpression_network
primary_recist	melanoma_recist_supported_primary	GSE91061	EcoNiche-Opt-WordFullGraph	word_full_graph	myeloid_suppression|tumor_dedifferentiation|ITGAM|AXL|coexpression_network	myeloid_suppression	tumor_dedifferentiation	ITGAM	AXL	coexpression_network
primary_recist	melanoma_recist_supported_primary	GSE91061	EcoNiche-Opt-WordFullGraph	word_full_graph	myeloid_suppression|tumor_dedifferentiation|IL10|AXL|coexpression_network	myeloid_suppression	tumor_dedifferentiation	IL10	AXL	coexpression_network
primary_recist	melanoma_recist_supported_primary	GSE91061	EcoNiche-Opt-WordFullGraph	word_full_graph	tcell_dysfunction|tcell_dysfunction|PDCD1|TIGIT|coexpression_network	tcell_dysfunction	tcell_dysfunction	PDCD1	TIGIT	coexpression_network
primary_recist	melanoma_recist_supported_primary	GSE91061	EcoNiche-Opt-WordFullGraph	word_full_graph	tcell_dysfunction|tcell_dysfunction|HAVCR2|TOX|coexpression_network	tcell_dysfunction	tcell_dysfunction	HAVCR2	TOX	coexpression_network
primary_recist	melanoma_recist_supported_primary	GSE91061	EcoNiche-Opt-WordFullGraph	word_full_graph	tcell_dysfunction|tnk_effector|MIR548N,OSBPL6|MIR548N,OSBPL6|coexpression_network	tcell_dysfunction	tnk_effector	MIR548N,OSBPL6	MIR548N,OSBPL6	coexpression_network
primary_recist	melanoma_recist_supported_primary	GSE91061	EcoNiche-Opt-WordFullGraph	word_full_graph	tcell_dysfunction|tnk_effector|PDCD1|CD8A|coexpression_network	tcell_dysfunction	tnk_effector	PDCD1	CD8A	coexpression_network
primary_recist	melanoma_recist_supported_primary	GSE91061	EcoNiche-Opt-WordFullGraph	word_full_graph	tcell_dysfunction|tumor_dedifferentiation|MIR548N,OSBPL6|MIR548N,OSBPL6|coexpression_network	tcell_dysfunction	tumor_dedifferentiation	MIR548N,OSBPL6	MIR548N,OSBPL6	coexpression_network
primary_recist	melanoma_recist_supported_primary	GSE91061	EcoNiche-Opt-WordFullGraph	word_full_graph	tcell_dysfunction|tumor_dedifferentiation|IGHV6-1|IGKV4-1|coexpression_network	tcell_dysfunction	tumor_dedifferentiation	IGHV6-1	IGKV4-1	coexpression_network
primary_recist	melanoma_recist_supported_primary	GSE91061	EcoNiche-Opt-WordFullGraph	word_full_graph	tnk_effector|tnk_effector|CD8A|IFNG|coexpression_network	tnk_effector	tnk_effector	CD8A	IFNG	coexpression_network
primary_recist	melanoma_recist_supported_primary	GSE91061	EcoNiche-Opt-WordFullGraph	word_full_graph	tnk_effector|tnk_effector|CD8A|CXCL10|coexpression_network	tnk_effector	tnk_effector	CD8A	CXCL10	coexpression_network
primary_recist	melanoma_recist_supported_primary	GSE91061	EcoNiche-Opt-WordFullGraph	word_full_graph	tnk_effector|tumor_dedifferentiation|MIR548N,OSBPL6|MIR548N,OSBPL6|coexpression_network	tnk_effector	tumor_dedifferentiation	MIR548N,OSBPL6	MIR548N,OSBPL6	coexpression_network
primary_recist	melanoma_recist_supported_primary	GSE91061	EcoNiche-Opt-WordFullGraph	word_full_graph	tnk_effector|tumor_dedifferentiation|CASC14,CASC15|CASC14,CASC15|coexpression_network	tnk_effector	tumor_dedifferentiation	CASC14,CASC15	CASC14,CASC15	coexpression_network
primary_recist	melanoma_recist_supported_primary	GSE91061	EcoNiche-Opt-WordFullGraph	word_full_graph	tumor_dedifferentiation|tumor_dedifferentiation|MIR548N,OSBPL6|SLC13A3,TP53RK|coexpression_network	tumor_dedifferentiation	tumor_dedifferentiation	MIR548N,OSBPL6	SLC13A3,TP53RK	coexpression_network
primary_recist	melanoma_recist_supported_primary	GSE91061	EcoNiche-Opt-WordFullGraph	word_full_graph	tumor_dedifferentiation|tumor_dedifferentiation|CASC14,CASC15|ITGA3|coexpression_network	tumor_dedifferentiation	tumor_dedifferentiation	CASC14,CASC15	ITGA3	coexpression_network
primary_recist	melanoma_recist_supported_primary	GSE91061	EcoNiche-Opt-WordUnsignedGraph	word_unsigned_graph	antigen_presentation_mhc|tnk_effector|HLA-A|B2M|pathway	antigen_presentation_mhc	tnk_effector	HLA-A	B2M	pathway
primary_recist	melanoma_recist_supported_primary	GSE91061	EcoNiche-Opt-WordUnsignedGraph	word_unsigned_graph	tcell_dysfunction|tcell_dysfunction|PDCD1|LAG3|checkpoint	tcell_dysfunction	tcell_dysfunction	PDCD1	LAG3	checkpoint
primary_recist	melanoma_recist_supported_primary	GSE91061	EcoNiche-Opt-WordUnsignedGraph	word_unsigned_graph	tnk_effector|antigen_presentation_mhc|IFNG|HLA-A|regulatory	tnk_effector	antigen_presentation_mhc	IFNG	HLA-A	regulatory
primary_recist	melanoma_recist_supported_primary	GSE91061	EcoNiche-Opt-WordUnsignedGraph	word_unsigned_graph	antigen_presentation_mhc|antigen_presentation_mhc|HLA-A|PSMB8|coexpression_network	antigen_presentation_mhc	antigen_presentation_mhc	HLA-A	PSMB8	coexpression_network
primary_recist	melanoma_recist_supported_primary	GSE91061	EcoNiche-Opt-WordUnsignedGraph	word_unsigned_graph	antigen_presentation_mhc|antigen_presentation_mhc|B2M|TRAJ10|coexpression_network	antigen_presentation_mhc	antigen_presentation_mhc	B2M	TRAJ10	coexpression_network
primary_recist	melanoma_recist_supported_primary	GSE91061	EcoNiche-Opt-WordUnsignedGraph	word_unsigned_graph	antigen_presentation_mhc|caf_ecm_exclusion|PSMB8|COL1A2|coexpression_network	antigen_presentation_mhc	caf_ecm_exclusion	PSMB8	COL1A2	coexpression_network
primary_recist	melanoma_recist_supported_primary	GSE91061	EcoNiche-Opt-WordUnsignedGraph	word_unsigned_graph	antigen_presentation_mhc|caf_ecm_exclusion|PSMB8|COL1A1|coexpression_network	antigen_presentation_mhc	caf_ecm_exclusion	PSMB8	COL1A1	coexpression_network
primary_recist	melanoma_recist_supported_primary	GSE91061	EcoNiche-Opt-WordUnsignedGraph	word_unsigned_graph	antigen_presentation_mhc|myeloid_suppression|PSMB8|MRC1|coexpression_network	antigen_presentation_mhc	myeloid_suppression	PSMB8	MRC1	coexpression_network
primary_recist	melanoma_recist_supported_primary	GSE91061	EcoNiche-Opt-WordUnsignedGraph	word_unsigned_graph	antigen_presentation_mhc|myeloid_suppression|HLA-A|MRC1|coexpression_network	antigen_presentation_mhc	myeloid_suppression	HLA-A	MRC1	coexpression_network
primary_recist	melanoma_recist_supported_primary	GSE91061	EcoNiche-Opt-WordUnsignedGraph	word_unsigned_graph	antigen_presentation_mhc|tcell_dysfunction|PSMB8|TOX|coexpression_network	antigen_presentation_mhc	tcell_dysfunction	PSMB8	TOX	coexpression_network
primary_recist	melanoma_recist_supported_primary	GSE91061	EcoNiche-Opt-WordUnsignedGraph	word_unsigned_graph	antigen_presentation_mhc|tcell_dysfunction|HLA-A|TOX|coexpression_network	antigen_presentation_mhc	tcell_dysfunction	HLA-A	TOX	coexpression_network
primary_recist	melanoma_recist_supported_primary	GSE91061	EcoNiche-Opt-WordUnsignedGraph	word_unsigned_graph	antigen_presentation_mhc|tnk_effector|TRAJ10|IFNG|coexpression_network	antigen_presentation_mhc	tnk_effector	TRAJ10	IFNG	coexpression_network
primary_recist	melanoma_recist_supported_primary	GSE91061	EcoNiche-Opt-WordUnsignedGraph	word_unsigned_graph	antigen_presentation_mhc|tnk_effector|PSMB8|IFNG|coexpression_network	antigen_presentation_mhc	tnk_effector	PSMB8	IFNG	coexpression_network
primary_recist	melanoma_recist_supported_primary	GSE91061	EcoNiche-Opt-WordUnsignedGraph	word_unsigned_graph	antigen_presentation_mhc|tumor_dedifferentiation|PSMB8|ZEB1|coexpression_network	antigen_presentation_mhc	tumor_dedifferentiation	PSMB8	ZEB1	coexpression_network
primary_recist	melanoma_recist_supported_primary	GSE91061	EcoNiche-Opt-WordUnsignedGraph	word_unsigned_graph	antigen_presentation_mhc|tumor_dedifferentiation|HLA-A|ZEB1|coexpression_network	antigen_presentation_mhc	tumor_dedifferentiation	HLA-A	ZEB1	coexpression_network
primary_recist	melanoma_recist_supported_primary	GSE91061	EcoNiche-Opt-WordUnsignedGraph	word_unsigned_graph	caf_ecm_exclusion|caf_ecm_exclusion|COL1A1|COL1A2|coexpression_network	caf_ecm_exclusion	caf_ecm_exclusion	COL1A1	COL1A2	coexpression_network
primary_recist	melanoma_recist_supported_primary	GSE91061	EcoNiche-Opt-WordUnsignedGraph	word_unsigned_graph	caf_ecm_exclusion|caf_ecm_exclusion|COL1A2|CXCL12|coexpression_network	caf_ecm_exclusion	caf_ecm_exclusion	COL1A2	CXCL12	coexpression_network
primary_recist	melanoma_recist_supported_primary	GSE91061	EcoNiche-Opt-WordUnsignedGraph	word_unsigned_graph	caf_ecm_exclusion|myeloid_suppression|COL1A2|MRC1|coexpression_network	caf_ecm_exclusion	myeloid_suppression	COL1A2	MRC1	coexpression_network
primary_recist	melanoma_recist_supported_primary	GSE91061	EcoNiche-Opt-WordUnsignedGraph	word_unsigned_graph	caf_ecm_exclusion|myeloid_suppression|COL1A2|CD163|coexpression_network	caf_ecm_exclusion	myeloid_suppression	COL1A2	CD163	coexpression_network
primary_recist	melanoma_recist_supported_primary	GSE91061	EcoNiche-Opt-WordUnsignedGraph	word_unsigned_graph	caf_ecm_exclusion|tcell_dysfunction|COL1A2|TOX|coexpression_network	caf_ecm_exclusion	tcell_dysfunction	COL1A2	TOX	coexpression_network
primary_recist	melanoma_recist_supported_primary	GSE91061	EcoNiche-Opt-WordUnsignedGraph	word_unsigned_graph	caf_ecm_exclusion|tcell_dysfunction|COL1A1|TOX|coexpression_network	caf_ecm_exclusion	tcell_dysfunction	COL1A1	TOX	coexpression_network
primary_recist	melanoma_recist_supported_primary	GSE91061	EcoNiche-Opt-WordUnsignedGraph	word_unsigned_graph	caf_ecm_exclusion|tnk_effector|APOC1,APOC1P1|IFNG|coexpression_network	caf_ecm_exclusion	tnk_effector	APOC1,APOC1P1	IFNG	coexpression_network
primary_recist	melanoma_recist_supported_primary	GSE91061	EcoNiche-Opt-WordUnsignedGraph	word_unsigned_graph	caf_ecm_exclusion|tnk_effector|CXCL12|IFNG|coexpression_network	caf_ecm_exclusion	tnk_effector	CXCL12	IFNG	coexpression_network
primary_recist	melanoma_recist_supported_primary	GSE91061	EcoNiche-Opt-WordUnsignedGraph	word_unsigned_graph	caf_ecm_exclusion|tumor_dedifferentiation|COL1A2|ZEB1|coexpression_network	caf_ecm_exclusion	tumor_dedifferentiation	COL1A2	ZEB1	coexpression_network
primary_recist	melanoma_recist_supported_primary	GSE91061	EcoNiche-Opt-WordUnsignedGraph	word_unsigned_graph	caf_ecm_exclusion|tumor_dedifferentiation|COL1A1|ZEB1|coexpression_network	caf_ecm_exclusion	tumor_dedifferentiation	COL1A1	ZEB1	coexpression_network
primary_recist	melanoma_recist_supported_primary	GSE91061	EcoNiche-Opt-WordUnsignedGraph	word_unsigned_graph	myeloid_suppression|myeloid_suppression|CD163|CSF1R|coexpression_network	myeloid_suppression	myeloid_suppression	CD163	CSF1R	coexpression_network
primary_recist	melanoma_recist_supported_primary	GSE91061	EcoNiche-Opt-WordUnsignedGraph	word_unsigned_graph	myeloid_suppression|myeloid_suppression|CD163|MRC1|coexpression_network	myeloid_suppression	myeloid_suppression	CD163	MRC1	coexpression_network
primary_recist	melanoma_recist_supported_primary	GSE91061	EcoNiche-Opt-WordUnsignedGraph	word_unsigned_graph	myeloid_suppression|tcell_dysfunction|MRC1|TOX|coexpression_network	myeloid_suppression	tcell_dysfunction	MRC1	TOX	coexpression_network
primary_recist	melanoma_recist_supported_primary	GSE91061	EcoNiche-Opt-WordUnsignedGraph	word_unsigned_graph	myeloid_suppression|tcell_dysfunction|CSF1R|TOX|coexpression_network	myeloid_suppression	tcell_dysfunction	CSF1R	TOX	coexpression_network
primary_recist	melanoma_recist_supported_primary	GSE91061	EcoNiche-Opt-WordUnsignedGraph	word_unsigned_graph	myeloid_suppression|tnk_effector|CSF1R|IFNG|coexpression_network	myeloid_suppression	tnk_effector	CSF1R	IFNG	coexpression_network
primary_recist	melanoma_recist_supported_primary	GSE91061	EcoNiche-Opt-WordUnsignedGraph	word_unsigned_graph	myeloid_suppression|tnk_effector|CD163|IFNG|coexpression_network	myeloid_suppression	tnk_effector	CD163	IFNG	coexpression_network
primary_recist	melanoma_recist_supported_primary	GSE91061	EcoNiche-Opt-WordUnsignedGraph	word_unsigned_graph	myeloid_suppression|tumor_dedifferentiation|MRC1|ZEB1|coexpression_network	myeloid_suppression	tumor_dedifferentiation	MRC1	ZEB1	coexpression_network
primary_recist	melanoma_recist_supported_primary	GSE91061	EcoNiche-Opt-WordUnsignedGraph	word_unsigned_graph	myeloid_suppression|tumor_dedifferentiation|CD163|ZEB1|coexpression_network	myeloid_suppression	tumor_dedifferentiation	CD163	ZEB1	coexpression_network
primary_recist	melanoma_recist_supported_primary	GSE91061	EcoNiche-Opt-WordUnsignedGraph	word_unsigned_graph	tcell_dysfunction|tcell_dysfunction|LAG3|PDCD1|coexpression_network	tcell_dysfunction	tcell_dysfunction	LAG3	PDCD1	coexpression_network
primary_recist	melanoma_recist_supported_primary	GSE91061	EcoNiche-Opt-WordUnsignedGraph	word_unsigned_graph	tcell_dysfunction|tcell_dysfunction|PDCD1|TOX|coexpression_network	tcell_dysfunction	tcell_dysfunction	PDCD1	TOX	coexpression_network
primary_recist	melanoma_recist_supported_primary	GSE91061	EcoNiche-Opt-WordUnsignedGraph	word_unsigned_graph	tcell_dysfunction|tnk_effector|LAG3|CD8B|coexpression_network	tcell_dysfunction	tnk_effector	LAG3	CD8B	coexpression_network
primary_recist	melanoma_recist_supported_primary	GSE91061	EcoNiche-Opt-WordUnsignedGraph	word_unsigned_graph	tcell_dysfunction|tnk_effector|PDCD1|CD8B|coexpression_network	tcell_dysfunction	tnk_effector	PDCD1	CD8B	coexpression_network
primary_recist	melanoma_recist_supported_primary	GSE91061	EcoNiche-Opt-WordUnsignedGraph	word_unsigned_graph	tcell_dysfunction|tumor_dedifferentiation|MIR143,MIR143HG|MIR143,MIR143HG|coexpression_network	tcell_dysfunction	tumor_dedifferentiation	MIR143,MIR143HG	MIR143,MIR143HG	coexpression_network
primary_recist	melanoma_recist_supported_primary	GSE91061	EcoNiche-Opt-WordUnsignedGraph	word_unsigned_graph	tcell_dysfunction|tumor_dedifferentiation|TOX|ZEB1|coexpression_network	tcell_dysfunction	tumor_dedifferentiation	TOX	ZEB1	coexpression_network
primary_recist	melanoma_recist_supported_primary	GSE91061	EcoNiche-Opt-WordUnsignedGraph	word_unsigned_graph	tnk_effector|tnk_effector|CD8B|IFNG|coexpression_network	tnk_effector	tnk_effector	CD8B	IFNG	coexpression_network
primary_recist	melanoma_recist_supported_primary	GSE91061	EcoNiche-Opt-WordUnsignedGraph	word_unsigned_graph	tnk_effector|tnk_effector|CD8B|GNLY|coexpression_network	tnk_effector	tnk_effector	CD8B	GNLY	coexpression_network
primary_recist	melanoma_recist_supported_primary	GSE91061	EcoNiche-Opt-WordUnsignedGraph	word_unsigned_graph	tnk_effector|tumor_dedifferentiation|IFNG|ZEB1|coexpression_network	tnk_effector	tumor_dedifferentiation	IFNG	ZEB1	coexpression_network
primary_recist	melanoma_recist_supported_primary	GSE91061	EcoNiche-Opt-WordUnsignedGraph	word_unsigned_graph	tnk_effector|tumor_dedifferentiation|GNLY|ZEB1|coexpression_network	tnk_effector	tumor_dedifferentiation	GNLY	ZEB1	coexpression_network
primary_recist	melanoma_recist_supported_primary	GSE91061	EcoNiche-Opt-WordUnsignedGraph	word_unsigned_graph	tumor_dedifferentiation|tumor_dedifferentiation|NGFR|ZEB1|coexpression_network	tumor_dedifferentiation	tumor_dedifferentiation	NGFR	ZEB1	coexpression_network
primary_recist	melanoma_recist_supported_primary	GSE91061	EcoNiche-Opt-WordNoBioObjective	word_no_bio_objective	tcell_dysfunction|tcell_dysfunction|PDCD1|LAG3|checkpoint	tcell_dysfunction	tcell_dysfunction	PDCD1	LAG3	checkpoint
primary_recist	melanoma_recist_supported_primary	GSE91061	EcoNiche-Opt-WordNoBioObjective	word_no_bio_objective	antigen_presentation_mhc|antigen_presentation_mhc|PSMB8|TAP2|coexpression_network	antigen_presentation_mhc	antigen_presentation_mhc	PSMB8	TAP2	coexpression_network
primary_recist	melanoma_recist_supported_primary	GSE91061	EcoNiche-Opt-WordNoBioObjective	word_no_bio_objective	antigen_presentation_mhc|caf_ecm_exclusion|PSMB8|COL3A1|coexpression_network	antigen_presentation_mhc	caf_ecm_exclusion	PSMB8	COL3A1	coexpression_network
primary_recist	melanoma_recist_supported_primary	GSE91061	EcoNiche-Opt-WordNoBioObjective	word_no_bio_objective	antigen_presentation_mhc|caf_ecm_exclusion|PSMB8|COL1A1|coexpression_network	antigen_presentation_mhc	caf_ecm_exclusion	PSMB8	COL1A1	coexpression_network
primary_recist	melanoma_recist_supported_primary	GSE91061	EcoNiche-Opt-WordNoBioObjective	word_no_bio_objective	antigen_presentation_mhc|myeloid_suppression|PSMB8|MRC1|coexpression_network	antigen_presentation_mhc	myeloid_suppression	PSMB8	MRC1	coexpression_network
primary_recist	melanoma_recist_supported_primary	GSE91061	EcoNiche-Opt-WordNoBioObjective	word_no_bio_objective	antigen_presentation_mhc|myeloid_suppression|PSMB8|IL10|coexpression_network	antigen_presentation_mhc	myeloid_suppression	PSMB8	IL10	coexpression_network
primary_recist	melanoma_recist_supported_primary	GSE91061	EcoNiche-Opt-WordNoBioObjective	word_no_bio_objective	antigen_presentation_mhc|tcell_dysfunction|PSMB8|HAVCR2|coexpression_network	antigen_presentation_mhc	tcell_dysfunction	PSMB8	HAVCR2	coexpression_network
primary_recist	melanoma_recist_supported_primary	GSE91061	EcoNiche-Opt-WordNoBioObjective	word_no_bio_objective	antigen_presentation_mhc|tcell_dysfunction|PSMB8|PDCD1|coexpression_network	antigen_presentation_mhc	tcell_dysfunction	PSMB8	PDCD1	coexpression_network
primary_recist	melanoma_recist_supported_primary	GSE91061	EcoNiche-Opt-WordNoBioObjective	word_no_bio_objective	antigen_presentation_mhc|tnk_effector|PSMB8|PRF1|coexpression_network	antigen_presentation_mhc	tnk_effector	PSMB8	PRF1	coexpression_network
primary_recist	melanoma_recist_supported_primary	GSE91061	EcoNiche-Opt-WordNoBioObjective	word_no_bio_objective	antigen_presentation_mhc|tnk_effector|B2M|CXCL9|coexpression_network	antigen_presentation_mhc	tnk_effector	B2M	CXCL9	coexpression_network
primary_recist	melanoma_recist_supported_primary	GSE91061	EcoNiche-Opt-WordNoBioObjective	word_no_bio_objective	antigen_presentation_mhc|tumor_dedifferentiation|PSMB8|VIM|coexpression_network	antigen_presentation_mhc	tumor_dedifferentiation	PSMB8	VIM	coexpression_network
primary_recist	melanoma_recist_supported_primary	GSE91061	EcoNiche-Opt-WordNoBioObjective	word_no_bio_objective	antigen_presentation_mhc|tumor_dedifferentiation|PSMB8|TRAJ1|coexpression_network	antigen_presentation_mhc	tumor_dedifferentiation	PSMB8	TRAJ1	coexpression_network
primary_recist	melanoma_recist_supported_primary	GSE91061	EcoNiche-Opt-WordNoBioObjective	word_no_bio_objective	caf_ecm_exclusion|caf_ecm_exclusion|COL1A1|COL3A1|coexpression_network	caf_ecm_exclusion	caf_ecm_exclusion	COL1A1	COL3A1	coexpression_network
primary_recist	melanoma_recist_supported_primary	GSE91061	EcoNiche-Opt-WordNoBioObjective	word_no_bio_objective	caf_ecm_exclusion|caf_ecm_exclusion|HPN,SCN1B|MIR4763,MIRLET7A3,MIRLET7B,MIRLET7BHG|coexpression_network	caf_ecm_exclusion	caf_ecm_exclusion	HPN,SCN1B	MIR4763,MIRLET7A3,MIRLET7B,MIRLET7BHG	coexpression_network
primary_recist	melanoma_recist_supported_primary	GSE91061	EcoNiche-Opt-WordNoBioObjective	word_no_bio_objective	caf_ecm_exclusion|myeloid_suppression|COL3A1|MRC1|coexpression_network	caf_ecm_exclusion	myeloid_suppression	COL3A1	MRC1	coexpression_network
primary_recist	melanoma_recist_supported_primary	GSE91061	EcoNiche-Opt-WordNoBioObjective	word_no_bio_objective	caf_ecm_exclusion|myeloid_suppression|COL3A1|IL10|coexpression_network	caf_ecm_exclusion	myeloid_suppression	COL3A1	IL10	coexpression_network
primary_recist	melanoma_recist_supported_primary	GSE91061	EcoNiche-Opt-WordNoBioObjective	word_no_bio_objective	caf_ecm_exclusion|tcell_dysfunction|COL1A1|HAVCR2|coexpression_network	caf_ecm_exclusion	tcell_dysfunction	COL1A1	HAVCR2	coexpression_network
primary_recist	melanoma_recist_supported_primary	GSE91061	EcoNiche-Opt-WordNoBioObjective	word_no_bio_objective	caf_ecm_exclusion|tcell_dysfunction|COL3A1|HAVCR2|coexpression_network	caf_ecm_exclusion	tcell_dysfunction	COL3A1	HAVCR2	coexpression_network
primary_recist	melanoma_recist_supported_primary	GSE91061	EcoNiche-Opt-WordNoBioObjective	word_no_bio_objective	caf_ecm_exclusion|tnk_effector|MIR4763,MIRLET7A3,MIRLET7B,MIRLET7BHG|CTD-2201I18.1,SERINC5|coexpression_network	caf_ecm_exclusion	tnk_effector	MIR4763,MIRLET7A3,MIRLET7B,MIRLET7BHG	CTD-2201I18.1,SERINC5	coexpression_network
primary_recist	melanoma_recist_supported_primary	GSE91061	EcoNiche-Opt-WordNoBioObjective	word_no_bio_objective	caf_ecm_exclusion|tnk_effector|HPN,SCN1B|CTD-2201I18.1,SERINC5|coexpression_network	caf_ecm_exclusion	tnk_effector	HPN,SCN1B	CTD-2201I18.1,SERINC5	coexpression_network
primary_recist	melanoma_recist_supported_primary	GSE91061	EcoNiche-Opt-WordNoBioObjective	word_no_bio_objective	caf_ecm_exclusion|tumor_dedifferentiation|VIM|VIM|coexpression_network	caf_ecm_exclusion	tumor_dedifferentiation	VIM	VIM	coexpression_network
primary_recist	melanoma_recist_supported_primary	GSE91061	EcoNiche-Opt-WordNoBioObjective	word_no_bio_objective	caf_ecm_exclusion|tumor_dedifferentiation|MIR4763,MIRLET7A3,MIRLET7B,MIRLET7BHG|MIR143,MIR143HG|coexpression_network	caf_ecm_exclusion	tumor_dedifferentiation	MIR4763,MIRLET7A3,MIRLET7B,MIRLET7BHG	MIR143,MIR143HG	coexpression_network
primary_recist	melanoma_recist_supported_primary	GSE91061	EcoNiche-Opt-WordNoBioObjective	word_no_bio_objective	myeloid_suppression|myeloid_suppression|IL10|MRC1|coexpression_network	myeloid_suppression	myeloid_suppression	IL10	MRC1	coexpression_network
primary_recist	melanoma_recist_supported_primary	GSE91061	EcoNiche-Opt-WordNoBioObjective	word_no_bio_objective	myeloid_suppression|myeloid_suppression|CD163|IL10|coexpression_network	myeloid_suppression	myeloid_suppression	CD163	IL10	coexpression_network
primary_recist	melanoma_recist_supported_primary	GSE91061	EcoNiche-Opt-WordNoBioObjective	word_no_bio_objective	myeloid_suppression|tcell_dysfunction|TRAJ6|TRAJ6|coexpression_network	myeloid_suppression	tcell_dysfunction	TRAJ6	TRAJ6	coexpression_network
primary_recist	melanoma_recist_supported_primary	GSE91061	EcoNiche-Opt-WordNoBioObjective	word_no_bio_objective	myeloid_suppression|tcell_dysfunction|CD163|HAVCR2|coexpression_network	myeloid_suppression	tcell_dysfunction	CD163	HAVCR2	coexpression_network
primary_recist	melanoma_recist_supported_primary	GSE91061	EcoNiche-Opt-WordNoBioObjective	word_no_bio_objective	myeloid_suppression|tnk_effector|CTD-2201I18.1,SERINC5|CTD-2201I18.1,SERINC5|coexpression_network	myeloid_suppression	tnk_effector	CTD-2201I18.1,SERINC5	CTD-2201I18.1,SERINC5	coexpression_network
primary_recist	melanoma_recist_supported_primary	GSE91061	EcoNiche-Opt-WordNoBioObjective	word_no_bio_objective	myeloid_suppression|tnk_effector|MIR143,MIR143HG|CTD-2201I18.1,SERINC5|coexpression_network	myeloid_suppression	tnk_effector	MIR143,MIR143HG	CTD-2201I18.1,SERINC5	coexpression_network
primary_recist	melanoma_recist_supported_primary	GSE91061	EcoNiche-Opt-WordNoBioObjective	word_no_bio_objective	myeloid_suppression|tumor_dedifferentiation|MIR143,MIR143HG|MIR143,MIR143HG|coexpression_network	myeloid_suppression	tumor_dedifferentiation	MIR143,MIR143HG	MIR143,MIR143HG	coexpression_network
primary_recist	melanoma_recist_supported_primary	GSE91061	EcoNiche-Opt-WordNoBioObjective	word_no_bio_objective	myeloid_suppression|tumor_dedifferentiation|CTD-2201I18.1,SERINC5|ITGA3|coexpression_network	myeloid_suppression	tumor_dedifferentiation	CTD-2201I18.1,SERINC5	ITGA3	coexpression_network
primary_recist	melanoma_recist_supported_primary	GSE91061	EcoNiche-Opt-WordNoBioObjective	word_no_bio_objective	tcell_dysfunction|tcell_dysfunction|LAG3|PDCD1|coexpression_network	tcell_dysfunction	tcell_dysfunction	LAG3	PDCD1	coexpression_network
primary_recist	melanoma_recist_supported_primary	GSE91061	EcoNiche-Opt-WordNoBioObjective	word_no_bio_objective	tcell_dysfunction|tcell_dysfunction|CXCL13|PDCD1|coexpression_network	tcell_dysfunction	tcell_dysfunction	CXCL13	PDCD1	coexpression_network
primary_recist	melanoma_recist_supported_primary	GSE91061	EcoNiche-Opt-WordNoBioObjective	word_no_bio_objective	tcell_dysfunction|tnk_effector|PDCD1|PRF1|coexpression_network	tcell_dysfunction	tnk_effector	PDCD1	PRF1	coexpression_network
primary_recist	melanoma_recist_supported_primary	GSE91061	EcoNiche-Opt-WordNoBioObjective	word_no_bio_objective	tcell_dysfunction|tnk_effector|LAG3|PRF1|coexpression_network	tcell_dysfunction	tnk_effector	LAG3	PRF1	coexpression_network
primary_recist	melanoma_recist_supported_primary	GSE91061	EcoNiche-Opt-WordNoBioObjective	word_no_bio_objective	tcell_dysfunction|tumor_dedifferentiation|AL049794|AL049794|coexpression_network	tcell_dysfunction	tumor_dedifferentiation	AL049794	AL049794	coexpression_network
primary_recist	melanoma_recist_supported_primary	GSE91061	EcoNiche-Opt-WordNoBioObjective	word_no_bio_objective	tcell_dysfunction|tumor_dedifferentiation|PDCD1|TRAJ1|coexpression_network	tcell_dysfunction	tumor_dedifferentiation	PDCD1	TRAJ1	coexpression_network
primary_recist	melanoma_recist_supported_primary	GSE91061	EcoNiche-Opt-WordNoBioObjective	word_no_bio_objective	tnk_effector|tnk_effector|CXCL10|CXCL9|coexpression_network	tnk_effector	tnk_effector	CXCL10	CXCL9	coexpression_network
primary_recist	melanoma_recist_supported_primary	GSE91061	EcoNiche-Opt-WordNoBioObjective	word_no_bio_objective	tnk_effector|tnk_effector|CXCL10|PRF1|coexpression_network	tnk_effector	tnk_effector	CXCL10	PRF1	coexpression_network
primary_recist	melanoma_recist_supported_primary	GSE91061	EcoNiche-Opt-WordNoBioObjective	word_no_bio_objective	tnk_effector|tumor_dedifferentiation|PRF1|TRAJ1|coexpression_network	tnk_effector	tumor_dedifferentiation	PRF1	TRAJ1	coexpression_network
primary_recist	melanoma_recist_supported_primary	GSE91061	EcoNiche-Opt-WordNoBioObjective	word_no_bio_objective	tnk_effector|tumor_dedifferentiation|CTD-2201I18.1,SERINC5|ITGA3|coexpression_network	tnk_effector	tumor_dedifferentiation	CTD-2201I18.1,SERINC5	ITGA3	coexpression_network
primary_recist	melanoma_recist_supported_primary	GSE91061	EcoNiche-Opt-WordNoBioObjective	word_no_bio_objective	tumor_dedifferentiation|tumor_dedifferentiation|CASC14,CASC15|RPS8,SNORD55|coexpression_network	tumor_dedifferentiation	tumor_dedifferentiation	CASC14,CASC15	RPS8,SNORD55	coexpression_network
primary_recist	melanoma_recist_supported_primary	GSE91061	EcoNiche-Opt-WordNoBioObjective	word_no_bio_objective	tumor_dedifferentiation|tumor_dedifferentiation|RP11-444B24|TRAJ1|coexpression_network	tumor_dedifferentiation	tumor_dedifferentiation	RP11-444B24	TRAJ1	coexpression_network
primary_recist	melanoma_recist_supported_primary	GSE78220	EcoNiche-Opt-WordFullGraph	word_full_graph	tcell_dysfunction|tcell_dysfunction|PDCD1|LAG3|checkpoint	tcell_dysfunction	tcell_dysfunction	PDCD1	LAG3	checkpoint
primary_recist	melanoma_recist_supported_primary	GSE78220	EcoNiche-Opt-WordFullGraph	word_full_graph	tnk_effector|antigen_presentation_mhc|IFNG|HLA-A|regulatory	tnk_effector	antigen_presentation_mhc	IFNG	HLA-A	regulatory
primary_recist	melanoma_recist_supported_primary	GSE78220	EcoNiche-Opt-WordFullGraph	word_full_graph	antigen_presentation_mhc|antigen_presentation_mhc|HLA-A|HLA-B|coexpression_network	antigen_presentation_mhc	antigen_presentation_mhc	HLA-A	HLA-B	coexpression_network
primary_recist	melanoma_recist_supported_primary	GSE78220	EcoNiche-Opt-WordFullGraph	word_full_graph	antigen_presentation_mhc|antigen_presentation_mhc|HLA-B|HLA-DRA|coexpression_network	antigen_presentation_mhc	antigen_presentation_mhc	HLA-B	HLA-DRA	coexpression_network
primary_recist	melanoma_recist_supported_primary	GSE78220	EcoNiche-Opt-WordFullGraph	word_full_graph	antigen_presentation_mhc|caf_ecm_exclusion|LOC101928460|GPR111|coexpression_network	antigen_presentation_mhc	caf_ecm_exclusion	LOC101928460	GPR111	coexpression_network
primary_recist	melanoma_recist_supported_primary	GSE78220	EcoNiche-Opt-WordFullGraph	word_full_graph	antigen_presentation_mhc|caf_ecm_exclusion|HLA-A|FN1|coexpression_network	antigen_presentation_mhc	caf_ecm_exclusion	HLA-A	FN1	coexpression_network
primary_recist	melanoma_recist_supported_primary	GSE78220	EcoNiche-Opt-WordFullGraph	word_full_graph	antigen_presentation_mhc|myeloid_suppression|HLA-DRA|CSF1R|coexpression_network	antigen_presentation_mhc	myeloid_suppression	HLA-DRA	CSF1R	coexpression_network
primary_recist	melanoma_recist_supported_primary	GSE78220	EcoNiche-Opt-WordFullGraph	word_full_graph	antigen_presentation_mhc|myeloid_suppression|HLA-DRA|IL10|coexpression_network	antigen_presentation_mhc	myeloid_suppression	HLA-DRA	IL10	coexpression_network
primary_recist	melanoma_recist_supported_primary	GSE78220	EcoNiche-Opt-WordFullGraph	word_full_graph	antigen_presentation_mhc|tcell_dysfunction|HLA-A|PDCD1|coexpression_network	antigen_presentation_mhc	tcell_dysfunction	HLA-A	PDCD1	coexpression_network
primary_recist	melanoma_recist_supported_primary	GSE78220	EcoNiche-Opt-WordFullGraph	word_full_graph	antigen_presentation_mhc|tcell_dysfunction|HLA-B|PDCD1|coexpression_network	antigen_presentation_mhc	tcell_dysfunction	HLA-B	PDCD1	coexpression_network
primary_recist	melanoma_recist_supported_primary	GSE78220	EcoNiche-Opt-WordFullGraph	word_full_graph	antigen_presentation_mhc|tnk_effector|LOC101928460|LOC101928460|coexpression_network	antigen_presentation_mhc	tnk_effector	LOC101928460	LOC101928460	coexpression_network
primary_recist	melanoma_recist_supported_primary	GSE78220	EcoNiche-Opt-WordFullGraph	word_full_graph	antigen_presentation_mhc|tnk_effector|HLA-B|LAG3|coexpression_network	antigen_presentation_mhc	tnk_effector	HLA-B	LAG3	coexpression_network
primary_recist	melanoma_recist_supported_primary	GSE78220	EcoNiche-Opt-WordFullGraph	word_full_graph	antigen_presentation_mhc|tumor_dedifferentiation|HLA-DRA|IFNG|coexpression_network	antigen_presentation_mhc	tumor_dedifferentiation	HLA-DRA	IFNG	coexpression_network
primary_recist	melanoma_recist_supported_primary	GSE78220	EcoNiche-Opt-WordFullGraph	word_full_graph	antigen_presentation_mhc|tumor_dedifferentiation|HLA-B|IFNG|coexpression_network	antigen_presentation_mhc	tumor_dedifferentiation	HLA-B	IFNG	coexpression_network
primary_recist	melanoma_recist_supported_primary	GSE78220	EcoNiche-Opt-WordFullGraph	word_full_graph	caf_ecm_exclusion|caf_ecm_exclusion|FN1|LOXL2|coexpression_network	caf_ecm_exclusion	caf_ecm_exclusion	FN1	LOXL2	coexpression_network
primary_recist	melanoma_recist_supported_primary	GSE78220	EcoNiche-Opt-WordFullGraph	word_full_graph	caf_ecm_exclusion|caf_ecm_exclusion|LOXL2|TGFBI|coexpression_network	caf_ecm_exclusion	caf_ecm_exclusion	LOXL2	TGFBI	coexpression_network
primary_recist	melanoma_recist_supported_primary	GSE78220	EcoNiche-Opt-WordFullGraph	word_full_graph	caf_ecm_exclusion|myeloid_suppression|GPR111|LOC101926975|coexpression_network	caf_ecm_exclusion	myeloid_suppression	GPR111	LOC101926975	coexpression_network
primary_recist	melanoma_recist_supported_primary	GSE78220	EcoNiche-Opt-WordFullGraph	word_full_graph	caf_ecm_exclusion|myeloid_suppression|FN1|IL10|coexpression_network	caf_ecm_exclusion	myeloid_suppression	FN1	IL10	coexpression_network
primary_recist	melanoma_recist_supported_primary	GSE78220	EcoNiche-Opt-WordFullGraph	word_full_graph	caf_ecm_exclusion|tcell_dysfunction|LOC101927217|LOC101927217|coexpression_network	caf_ecm_exclusion	tcell_dysfunction	LOC101927217	LOC101927217	coexpression_network
primary_recist	melanoma_recist_supported_primary	GSE78220	EcoNiche-Opt-WordFullGraph	word_full_graph	caf_ecm_exclusion|tcell_dysfunction|LOC101927217|LOC101928303|coexpression_network	caf_ecm_exclusion	tcell_dysfunction	LOC101927217	LOC101928303	coexpression_network
primary_recist	melanoma_recist_supported_primary	GSE78220	EcoNiche-Opt-WordFullGraph	word_full_graph	caf_ecm_exclusion|tnk_effector|GPR111|LOC101928460|coexpression_network	caf_ecm_exclusion	tnk_effector	GPR111	LOC101928460	coexpression_network
primary_recist	melanoma_recist_supported_primary	GSE78220	EcoNiche-Opt-WordFullGraph	word_full_graph	caf_ecm_exclusion|tnk_effector|LOC101927217|LOC101928460|coexpression_network	caf_ecm_exclusion	tnk_effector	LOC101927217	LOC101928460	coexpression_network
primary_recist	melanoma_recist_supported_primary	GSE78220	EcoNiche-Opt-WordFullGraph	word_full_graph	caf_ecm_exclusion|tumor_dedifferentiation|LOC101927217|LOC101927217|coexpression_network	caf_ecm_exclusion	tumor_dedifferentiation	LOC101927217	LOC101927217	coexpression_network
primary_recist	melanoma_recist_supported_primary	GSE78220	EcoNiche-Opt-WordFullGraph	word_full_graph	caf_ecm_exclusion|tumor_dedifferentiation|GPR111|LOC101927217|coexpression_network	caf_ecm_exclusion	tumor_dedifferentiation	GPR111	LOC101927217	coexpression_network
primary_recist	melanoma_recist_supported_primary	GSE78220	EcoNiche-Opt-WordFullGraph	word_full_graph	myeloid_suppression|myeloid_suppression|CSF1R|IL10|coexpression_network	myeloid_suppression	myeloid_suppression	CSF1R	IL10	coexpression_network
primary_recist	melanoma_recist_supported_primary	GSE78220	EcoNiche-Opt-WordFullGraph	word_full_graph	myeloid_suppression|myeloid_suppression|CSF1R|TGFB1|coexpression_network	myeloid_suppression	myeloid_suppression	CSF1R	TGFB1	coexpression_network
primary_recist	melanoma_recist_supported_primary	GSE78220	EcoNiche-Opt-WordFullGraph	word_full_graph	myeloid_suppression|tcell_dysfunction|IL10|IFNG|coexpression_network	myeloid_suppression	tcell_dysfunction	IL10	IFNG	coexpression_network
primary_recist	melanoma_recist_supported_primary	GSE78220	EcoNiche-Opt-WordFullGraph	word_full_graph	myeloid_suppression|tcell_dysfunction|CSF1R|TIGIT|coexpression_network	myeloid_suppression	tcell_dysfunction	CSF1R	TIGIT	coexpression_network
primary_recist	melanoma_recist_supported_primary	GSE78220	EcoNiche-Opt-WordFullGraph	word_full_graph	myeloid_suppression|tnk_effector|LOC101926975|LOC101928460|coexpression_network	myeloid_suppression	tnk_effector	LOC101926975	LOC101928460	coexpression_network
primary_recist	melanoma_recist_supported_primary	GSE78220	EcoNiche-Opt-WordFullGraph	word_full_graph	myeloid_suppression|tnk_effector|IL10|CD8A|coexpression_network	myeloid_suppression	tnk_effector	IL10	CD8A	coexpression_network
primary_recist	melanoma_recist_supported_primary	GSE78220	EcoNiche-Opt-WordFullGraph	word_full_graph	myeloid_suppression|tumor_dedifferentiation|IL10|IFNG|coexpression_network	myeloid_suppression	tumor_dedifferentiation	IL10	IFNG	coexpression_network
primary_recist	melanoma_recist_supported_primary	GSE78220	EcoNiche-Opt-WordFullGraph	word_full_graph	myeloid_suppression|tumor_dedifferentiation|CSF1R|IFNG|coexpression_network	myeloid_suppression	tumor_dedifferentiation	CSF1R	IFNG	coexpression_network
primary_recist	melanoma_recist_supported_primary	GSE78220	EcoNiche-Opt-WordFullGraph	word_full_graph	tcell_dysfunction|tcell_dysfunction|IFNG|TIGIT|coexpression_network	tcell_dysfunction	tcell_dysfunction	IFNG	TIGIT	coexpression_network
primary_recist	melanoma_recist_supported_primary	GSE78220	EcoNiche-Opt-WordFullGraph	word_full_graph	tcell_dysfunction|tcell_dysfunction|IFNG|PDCD1|coexpression_network	tcell_dysfunction	tcell_dysfunction	IFNG	PDCD1	coexpression_network
primary_recist	melanoma_recist_supported_primary	GSE78220	EcoNiche-Opt-WordFullGraph	word_full_graph	tcell_dysfunction|tnk_effector|PDCD1|CD8A|coexpression_network	tcell_dysfunction	tnk_effector	PDCD1	CD8A	coexpression_network
primary_recist	melanoma_recist_supported_primary	GSE78220	EcoNiche-Opt-WordFullGraph	word_full_graph	tcell_dysfunction|tnk_effector|PDCD1|LAG3|coexpression_network	tcell_dysfunction	tnk_effector	PDCD1	LAG3	coexpression_network
primary_recist	melanoma_recist_supported_primary	GSE78220	EcoNiche-Opt-WordFullGraph	word_full_graph	tcell_dysfunction|tumor_dedifferentiation|LOC101927217|LOC101927217|coexpression_network	tcell_dysfunction	tumor_dedifferentiation	LOC101927217	LOC101927217	coexpression_network
primary_recist	melanoma_recist_supported_primary	GSE78220	EcoNiche-Opt-WordFullGraph	word_full_graph	tcell_dysfunction|tumor_dedifferentiation|IFNG|IFNG|coexpression_network	tcell_dysfunction	tumor_dedifferentiation	IFNG	IFNG	coexpression_network
primary_recist	melanoma_recist_supported_primary	GSE78220	EcoNiche-Opt-WordFullGraph	word_full_graph	tnk_effector|tnk_effector|CD8A|LAG3|coexpression_network	tnk_effector	tnk_effector	CD8A	LAG3	coexpression_network
primary_recist	melanoma_recist_supported_primary	GSE78220	EcoNiche-Opt-WordFullGraph	word_full_graph	tnk_effector|tumor_dedifferentiation|CD8A|IFNG|coexpression_network	tnk_effector	tumor_dedifferentiation	CD8A	IFNG	coexpression_network
primary_recist	melanoma_recist_supported_primary	GSE78220	EcoNiche-Opt-WordFullGraph	word_full_graph	tnk_effector|tumor_dedifferentiation|LAG3|IFNG|coexpression_network	tnk_effector	tumor_dedifferentiation	LAG3	IFNG	coexpression_network
primary_recist	melanoma_recist_supported_primary	GSE78220	EcoNiche-Opt-WordUnsignedGraph	word_unsigned_graph	tcell_dysfunction|tcell_dysfunction|PDCD1|LAG3|checkpoint	tcell_dysfunction	tcell_dysfunction	PDCD1	LAG3	checkpoint
primary_recist	melanoma_recist_supported_primary	GSE78220	EcoNiche-Opt-WordUnsignedGraph	word_unsigned_graph	tnk_effector|antigen_presentation_mhc|IFNG|HLA-A|regulatory	tnk_effector	antigen_presentation_mhc	IFNG	HLA-A	regulatory
primary_recist	melanoma_recist_supported_primary	GSE78220	EcoNiche-Opt-WordUnsignedGraph	word_unsigned_graph	antigen_presentation_mhc|antigen_presentation_mhc|PSMB8|PSMB9|coexpression_network	antigen_presentation_mhc	antigen_presentation_mhc	PSMB8	PSMB9	coexpression_network
primary_recist	melanoma_recist_supported_primary	GSE78220	EcoNiche-Opt-WordUnsignedGraph	word_unsigned_graph	antigen_presentation_mhc|antigen_presentation_mhc|HLA-A|PSMB8|coexpression_network	antigen_presentation_mhc	antigen_presentation_mhc	HLA-A	PSMB8	coexpression_network
primary_recist	melanoma_recist_supported_primary	GSE78220	EcoNiche-Opt-WordUnsignedGraph	word_unsigned_graph	antigen_presentation_mhc|caf_ecm_exclusion|HLA-A|PDCD1|coexpression_network	antigen_presentation_mhc	caf_ecm_exclusion	HLA-A	PDCD1	coexpression_network
primary_recist	melanoma_recist_supported_primary	GSE78220	EcoNiche-Opt-WordUnsignedGraph	word_unsigned_graph	antigen_presentation_mhc|caf_ecm_exclusion|PSMB8|PDCD1|coexpression_network	antigen_presentation_mhc	caf_ecm_exclusion	PSMB8	PDCD1	coexpression_network
primary_recist	melanoma_recist_supported_primary	GSE78220	EcoNiche-Opt-WordUnsignedGraph	word_unsigned_graph	antigen_presentation_mhc|myeloid_suppression|HLA-A|TGFB1|coexpression_network	antigen_presentation_mhc	myeloid_suppression	HLA-A	TGFB1	coexpression_network
primary_recist	melanoma_recist_supported_primary	GSE78220	EcoNiche-Opt-WordUnsignedGraph	word_unsigned_graph	antigen_presentation_mhc|myeloid_suppression|PSMB8|TGFB1|coexpression_network	antigen_presentation_mhc	myeloid_suppression	PSMB8	TGFB1	coexpression_network
primary_recist	melanoma_recist_supported_primary	GSE78220	EcoNiche-Opt-WordUnsignedGraph	word_unsigned_graph	antigen_presentation_mhc|tcell_dysfunction|HLA-A|PDCD1|coexpression_network	antigen_presentation_mhc	tcell_dysfunction	HLA-A	PDCD1	coexpression_network
primary_recist	melanoma_recist_supported_primary	GSE78220	EcoNiche-Opt-WordUnsignedGraph	word_unsigned_graph	antigen_presentation_mhc|tcell_dysfunction|PSMB8|PDCD1|coexpression_network	antigen_presentation_mhc	tcell_dysfunction	PSMB8	PDCD1	coexpression_network
primary_recist	melanoma_recist_supported_primary	GSE78220	EcoNiche-Opt-WordUnsignedGraph	word_unsigned_graph	antigen_presentation_mhc|tnk_effector|HLA-A|IFNG|coexpression_network	antigen_presentation_mhc	tnk_effector	HLA-A	IFNG	coexpression_network
primary_recist	melanoma_recist_supported_primary	GSE78220	EcoNiche-Opt-WordUnsignedGraph	word_unsigned_graph	antigen_presentation_mhc|tnk_effector|LOC101926975|LOC101928460|coexpression_network	antigen_presentation_mhc	tnk_effector	LOC101926975	LOC101928460	coexpression_network
primary_recist	melanoma_recist_supported_primary	GSE78220	EcoNiche-Opt-WordUnsignedGraph	word_unsigned_graph	antigen_presentation_mhc|tumor_dedifferentiation|PSMB8|ZEB1|coexpression_network	antigen_presentation_mhc	tumor_dedifferentiation	PSMB8	ZEB1	coexpression_network
primary_recist	melanoma_recist_supported_primary	GSE78220	EcoNiche-Opt-WordUnsignedGraph	word_unsigned_graph	antigen_presentation_mhc|tumor_dedifferentiation|HLA-A|PRF1|coexpression_network	antigen_presentation_mhc	tumor_dedifferentiation	HLA-A	PRF1	coexpression_network
primary_recist	melanoma_recist_supported_primary	GSE78220	EcoNiche-Opt-WordUnsignedGraph	word_unsigned_graph	caf_ecm_exclusion|caf_ecm_exclusion|LOC101927322|LOC101928372|coexpression_network	caf_ecm_exclusion	caf_ecm_exclusion	LOC101927322	LOC101928372	coexpression_network
primary_recist	melanoma_recist_supported_primary	GSE78220	EcoNiche-Opt-WordUnsignedGraph	word_unsigned_graph	caf_ecm_exclusion|caf_ecm_exclusion|LOC101928372|MIR4763,MIRLET7A3,MIRLET7B,MIRLET7BHG|coexpression_network	caf_ecm_exclusion	caf_ecm_exclusion	LOC101928372	MIR4763,MIRLET7A3,MIRLET7B,MIRLET7BHG	coexpression_network
primary_recist	melanoma_recist_supported_primary	GSE78220	EcoNiche-Opt-WordUnsignedGraph	word_unsigned_graph	caf_ecm_exclusion|myeloid_suppression|MIR4763,MIRLET7A3,MIRLET7B,MIRLET7BHG|MIR4763,MIRLET7A3,MIRLET7B,MIRLET7BHG|coexpression_network	caf_ecm_exclusion	myeloid_suppression	MIR4763,MIRLET7A3,MIRLET7B,MIRLET7BHG	MIR4763,MIRLET7A3,MIRLET7B,MIRLET7BHG	coexpression_network
primary_recist	melanoma_recist_supported_primary	GSE78220	EcoNiche-Opt-WordUnsignedGraph	word_unsigned_graph	caf_ecm_exclusion|myeloid_suppression|LOC101927322|LOC101928303|coexpression_network	caf_ecm_exclusion	myeloid_suppression	LOC101927322	LOC101928303	coexpression_network
primary_recist	melanoma_recist_supported_primary	GSE78220	EcoNiche-Opt-WordUnsignedGraph	word_unsigned_graph	caf_ecm_exclusion|tcell_dysfunction|PDCD1|PDCD1|coexpression_network	caf_ecm_exclusion	tcell_dysfunction	PDCD1	PDCD1	coexpression_network
primary_recist	melanoma_recist_supported_primary	GSE78220	EcoNiche-Opt-WordUnsignedGraph	word_unsigned_graph	caf_ecm_exclusion|tcell_dysfunction|PDCD1|LAG3|coexpression_network	caf_ecm_exclusion	tcell_dysfunction	PDCD1	LAG3	coexpression_network
primary_recist	melanoma_recist_supported_primary	GSE78220	EcoNiche-Opt-WordUnsignedGraph	word_unsigned_graph	caf_ecm_exclusion|tnk_effector|PDCD1|IFNG|coexpression_network	caf_ecm_exclusion	tnk_effector	PDCD1	IFNG	coexpression_network
primary_recist	melanoma_recist_supported_primary	GSE78220	EcoNiche-Opt-WordUnsignedGraph	word_unsigned_graph	caf_ecm_exclusion|tnk_effector|LOC101928372|LOC101928460|coexpression_network	caf_ecm_exclusion	tnk_effector	LOC101928372	LOC101928460	coexpression_network
primary_recist	melanoma_recist_supported_primary	GSE78220	EcoNiche-Opt-WordUnsignedGraph	word_unsigned_graph	caf_ecm_exclusion|tumor_dedifferentiation|PDCD1|PRF1|coexpression_network	caf_ecm_exclusion	tumor_dedifferentiation	PDCD1	PRF1	coexpression_network
primary_recist	melanoma_recist_supported_primary	GSE78220	EcoNiche-Opt-WordUnsignedGraph	word_unsigned_graph	caf_ecm_exclusion|tumor_dedifferentiation|MIR4763,MIRLET7A3,MIRLET7B,MIRLET7BHG|LOC101928738|coexpression_network	caf_ecm_exclusion	tumor_dedifferentiation	MIR4763,MIRLET7A3,MIRLET7B,MIRLET7BHG	LOC101928738	coexpression_network
primary_recist	melanoma_recist_supported_primary	GSE78220	EcoNiche-Opt-WordUnsignedGraph	word_unsigned_graph	myeloid_suppression|myeloid_suppression|MIR4763,MIRLET7A3,MIRLET7B,MIRLET7BHG|TGFB1|coexpression_network	myeloid_suppression	myeloid_suppression	MIR4763,MIRLET7A3,MIRLET7B,MIRLET7BHG	TGFB1	coexpression_network
primary_recist	melanoma_recist_supported_primary	GSE78220	EcoNiche-Opt-WordUnsignedGraph	word_unsigned_graph	myeloid_suppression|myeloid_suppression|LOC101928303|MIR4763,MIRLET7A3,MIRLET7B,MIRLET7BHG|coexpression_network	myeloid_suppression	myeloid_suppression	LOC101928303	MIR4763,MIRLET7A3,MIRLET7B,MIRLET7BHG	coexpression_network
primary_recist	melanoma_recist_supported_primary	GSE78220	EcoNiche-Opt-WordUnsignedGraph	word_unsigned_graph	myeloid_suppression|tcell_dysfunction|MIR4763,MIRLET7A3,MIRLET7B,MIRLET7BHG|TIGIT|coexpression_network	myeloid_suppression	tcell_dysfunction	MIR4763,MIRLET7A3,MIRLET7B,MIRLET7BHG	TIGIT	coexpression_network
primary_recist	melanoma_recist_supported_primary	GSE78220	EcoNiche-Opt-WordUnsignedGraph	word_unsigned_graph	myeloid_suppression|tcell_dysfunction|TGFB1|PDCD1|coexpression_network	myeloid_suppression	tcell_dysfunction	TGFB1	PDCD1	coexpression_network
primary_recist	melanoma_recist_supported_primary	GSE78220	EcoNiche-Opt-WordUnsignedGraph	word_unsigned_graph	myeloid_suppression|tnk_effector|TGFB1|IFNG|coexpression_network	myeloid_suppression	tnk_effector	TGFB1	IFNG	coexpression_network
primary_recist	melanoma_recist_supported_primary	GSE78220	EcoNiche-Opt-WordUnsignedGraph	word_unsigned_graph	myeloid_suppression|tnk_effector|LOC101928303|LOC101928460|coexpression_network	myeloid_suppression	tnk_effector	LOC101928303	LOC101928460	coexpression_network
primary_recist	melanoma_recist_supported_primary	GSE78220	EcoNiche-Opt-WordUnsignedGraph	word_unsigned_graph	myeloid_suppression|tumor_dedifferentiation|MIR4763,MIRLET7A3,MIRLET7B,MIRLET7BHG|LOC101928738|coexpression_network	myeloid_suppression	tumor_dedifferentiation	MIR4763,MIRLET7A3,MIRLET7B,MIRLET7BHG	LOC101928738	coexpression_network
primary_recist	melanoma_recist_supported_primary	GSE78220	EcoNiche-Opt-WordUnsignedGraph	word_unsigned_graph	myeloid_suppression|tumor_dedifferentiation|TGFB1|PRF1|coexpression_network	myeloid_suppression	tumor_dedifferentiation	TGFB1	PRF1	coexpression_network
primary_recist	melanoma_recist_supported_primary	GSE78220	EcoNiche-Opt-WordUnsignedGraph	word_unsigned_graph	tcell_dysfunction|tcell_dysfunction|LAG3|PDCD1|coexpression_network	tcell_dysfunction	tcell_dysfunction	LAG3	PDCD1	coexpression_network
primary_recist	melanoma_recist_supported_primary	GSE78220	EcoNiche-Opt-WordUnsignedGraph	word_unsigned_graph	tcell_dysfunction|tcell_dysfunction|LAG3|TIGIT|coexpression_network	tcell_dysfunction	tcell_dysfunction	LAG3	TIGIT	coexpression_network
primary_recist	melanoma_recist_supported_primary	GSE78220	EcoNiche-Opt-WordUnsignedGraph	word_unsigned_graph	tcell_dysfunction|tnk_effector|TIGIT|IFNG|coexpression_network	tcell_dysfunction	tnk_effector	TIGIT	IFNG	coexpression_network
primary_recist	melanoma_recist_supported_primary	GSE78220	EcoNiche-Opt-WordUnsignedGraph	word_unsigned_graph	tcell_dysfunction|tnk_effector|PDCD1|IFNG|coexpression_network	tcell_dysfunction	tnk_effector	PDCD1	IFNG	coexpression_network
primary_recist	melanoma_recist_supported_primary	GSE78220	EcoNiche-Opt-WordUnsignedGraph	word_unsigned_graph	tcell_dysfunction|tumor_dedifferentiation|PDCD1|PRF1|coexpression_network	tcell_dysfunction	tumor_dedifferentiation	PDCD1	PRF1	coexpression_network
primary_recist	melanoma_recist_supported_primary	GSE78220	EcoNiche-Opt-WordUnsignedGraph	word_unsigned_graph	tcell_dysfunction|tumor_dedifferentiation|LAG3|PRF1|coexpression_network	tcell_dysfunction	tumor_dedifferentiation	LAG3	PRF1	coexpression_network
primary_recist	melanoma_recist_supported_primary	GSE78220	EcoNiche-Opt-WordUnsignedGraph	word_unsigned_graph	tnk_effector|tnk_effector|CCL5|IFNG|coexpression_network	tnk_effector	tnk_effector	CCL5	IFNG	coexpression_network
primary_recist	melanoma_recist_supported_primary	GSE78220	EcoNiche-Opt-WordUnsignedGraph	word_unsigned_graph	tnk_effector|tumor_dedifferentiation|IFNG|PRF1|coexpression_network	tnk_effector	tumor_dedifferentiation	IFNG	PRF1	coexpression_network
primary_recist	melanoma_recist_supported_primary	GSE78220	EcoNiche-Opt-WordUnsignedGraph	word_unsigned_graph	tnk_effector|tumor_dedifferentiation|CCL5|PRF1|coexpression_network	tnk_effector	tumor_dedifferentiation	CCL5	PRF1	coexpression_network
primary_recist	melanoma_recist_supported_primary	GSE78220	EcoNiche-Opt-WordUnsignedGraph	word_unsigned_graph	tumor_dedifferentiation|tumor_dedifferentiation|PRF1|ZEB1|coexpression_network	tumor_dedifferentiation	tumor_dedifferentiation	PRF1	ZEB1	coexpression_network
primary_recist	melanoma_recist_supported_primary	GSE78220	EcoNiche-Opt-WordUnsignedGraph	word_unsigned_graph	tumor_dedifferentiation|tumor_dedifferentiation|LOC101928738|ZEB1|coexpression_network	tumor_dedifferentiation	tumor_dedifferentiation	LOC101928738	ZEB1	coexpression_network
primary_recist	melanoma_recist_supported_primary	GSE78220	EcoNiche-Opt-WordNoBioObjective	word_no_bio_objective	tcell_dysfunction|tcell_dysfunction|PDCD1|LAG3|checkpoint	tcell_dysfunction	tcell_dysfunction	PDCD1	LAG3	checkpoint
primary_recist	melanoma_recist_supported_primary	GSE78220	EcoNiche-Opt-WordNoBioObjective	word_no_bio_objective	tnk_effector|antigen_presentation_mhc|IFNG|HLA-A|regulatory	tnk_effector	antigen_presentation_mhc	IFNG	HLA-A	regulatory
primary_recist	melanoma_recist_supported_primary	GSE78220	EcoNiche-Opt-WordNoBioObjective	word_no_bio_objective	antigen_presentation_mhc|antigen_presentation_mhc|HLA-A|HLA-DRB1|coexpression_network	antigen_presentation_mhc	antigen_presentation_mhc	HLA-A	HLA-DRB1	coexpression_network
primary_recist	melanoma_recist_supported_primary	GSE78220	EcoNiche-Opt-WordNoBioObjective	word_no_bio_objective	antigen_presentation_mhc|antigen_presentation_mhc|HLA-A|HLA-DRA|coexpression_network	antigen_presentation_mhc	antigen_presentation_mhc	HLA-A	HLA-DRA	coexpression_network
primary_recist	melanoma_recist_supported_primary	GSE78220	EcoNiche-Opt-WordNoBioObjective	word_no_bio_objective	antigen_presentation_mhc|caf_ecm_exclusion|LOC101927322|LOC101928372|coexpression_network	antigen_presentation_mhc	caf_ecm_exclusion	LOC101927322	LOC101928372	coexpression_network
primary_recist	melanoma_recist_supported_primary	GSE78220	EcoNiche-Opt-WordNoBioObjective	word_no_bio_objective	antigen_presentation_mhc|caf_ecm_exclusion|HLA-DRA|TGFB1|coexpression_network	antigen_presentation_mhc	caf_ecm_exclusion	HLA-DRA	TGFB1	coexpression_network
primary_recist	melanoma_recist_supported_primary	GSE78220	EcoNiche-Opt-WordNoBioObjective	word_no_bio_objective	antigen_presentation_mhc|myeloid_suppression|LOC101927322|LOC101927322|coexpression_network	antigen_presentation_mhc	myeloid_suppression	LOC101927322	LOC101927322	coexpression_network
primary_recist	melanoma_recist_supported_primary	GSE78220	EcoNiche-Opt-WordNoBioObjective	word_no_bio_objective	antigen_presentation_mhc|myeloid_suppression|HLA-A|PDCD1|coexpression_network	antigen_presentation_mhc	myeloid_suppression	HLA-A	PDCD1	coexpression_network
primary_recist	melanoma_recist_supported_primary	GSE78220	EcoNiche-Opt-WordNoBioObjective	word_no_bio_objective	antigen_presentation_mhc|tcell_dysfunction|HLA-A|PDCD1|coexpression_network	antigen_presentation_mhc	tcell_dysfunction	HLA-A	PDCD1	coexpression_network
primary_recist	melanoma_recist_supported_primary	GSE78220	EcoNiche-Opt-WordNoBioObjective	word_no_bio_objective	antigen_presentation_mhc|tcell_dysfunction|HLA-A|LAG3|coexpression_network	antigen_presentation_mhc	tcell_dysfunction	HLA-A	LAG3	coexpression_network
primary_recist	melanoma_recist_supported_primary	GSE78220	EcoNiche-Opt-WordNoBioObjective	word_no_bio_objective	antigen_presentation_mhc|tnk_effector|HLA-DRA|PRF1|coexpression_network	antigen_presentation_mhc	tnk_effector	HLA-DRA	PRF1	coexpression_network
primary_recist	melanoma_recist_supported_primary	GSE78220	EcoNiche-Opt-WordNoBioObjective	word_no_bio_objective	antigen_presentation_mhc|tnk_effector|HLA-A|PRF1|coexpression_network	antigen_presentation_mhc	tnk_effector	HLA-A	PRF1	coexpression_network
primary_recist	melanoma_recist_supported_primary	GSE78220	EcoNiche-Opt-WordNoBioObjective	word_no_bio_objective	antigen_presentation_mhc|tumor_dedifferentiation|HLA-DRA|AXL|coexpression_network	antigen_presentation_mhc	tumor_dedifferentiation	HLA-DRA	AXL	coexpression_network
primary_recist	melanoma_recist_supported_primary	GSE78220	EcoNiche-Opt-WordNoBioObjective	word_no_bio_objective	antigen_presentation_mhc|tumor_dedifferentiation|HLA-A|AXL|coexpression_network	antigen_presentation_mhc	tumor_dedifferentiation	HLA-A	AXL	coexpression_network
primary_recist	melanoma_recist_supported_primary	GSE78220	EcoNiche-Opt-WordNoBioObjective	word_no_bio_objective	caf_ecm_exclusion|caf_ecm_exclusion|COL1A2|FN1|coexpression_network	caf_ecm_exclusion	caf_ecm_exclusion	COL1A2	FN1	coexpression_network
primary_recist	melanoma_recist_supported_primary	GSE78220	EcoNiche-Opt-WordNoBioObjective	word_no_bio_objective	caf_ecm_exclusion|caf_ecm_exclusion|GPR111|LOC101928372|coexpression_network	caf_ecm_exclusion	caf_ecm_exclusion	GPR111	LOC101928372	coexpression_network
primary_recist	melanoma_recist_supported_primary	GSE78220	EcoNiche-Opt-WordNoBioObjective	word_no_bio_objective	caf_ecm_exclusion|myeloid_suppression|TGFB1|TGFB1|coexpression_network	caf_ecm_exclusion	myeloid_suppression	TGFB1	TGFB1	coexpression_network
primary_recist	melanoma_recist_supported_primary	GSE78220	EcoNiche-Opt-WordNoBioObjective	word_no_bio_objective	caf_ecm_exclusion|myeloid_suppression|LOC101928738|MIR4763,MIRLET7A3,MIRLET7B,MIRLET7BHG|coexpression_network	caf_ecm_exclusion	myeloid_suppression	LOC101928738	MIR4763,MIRLET7A3,MIRLET7B,MIRLET7BHG	coexpression_network
primary_recist	melanoma_recist_supported_primary	GSE78220	EcoNiche-Opt-WordNoBioObjective	word_no_bio_objective	caf_ecm_exclusion|tcell_dysfunction|GPR111|LOC101928460|coexpression_network	caf_ecm_exclusion	tcell_dysfunction	GPR111	LOC101928460	coexpression_network
primary_recist	melanoma_recist_supported_primary	GSE78220	EcoNiche-Opt-WordNoBioObjective	word_no_bio_objective	caf_ecm_exclusion|tcell_dysfunction|LOC101928738|MIR4763,MIRLET7A3,MIRLET7B,MIRLET7BHG|coexpression_network	caf_ecm_exclusion	tcell_dysfunction	LOC101928738	MIR4763,MIRLET7A3,MIRLET7B,MIRLET7BHG	coexpression_network
primary_recist	melanoma_recist_supported_primary	GSE78220	EcoNiche-Opt-WordNoBioObjective	word_no_bio_objective	caf_ecm_exclusion|tnk_effector|LOC101928372|LOC101928372|coexpression_network	caf_ecm_exclusion	tnk_effector	LOC101928372	LOC101928372	coexpression_network
primary_recist	melanoma_recist_supported_primary	GSE78220	EcoNiche-Opt-WordNoBioObjective	word_no_bio_objective	caf_ecm_exclusion|tnk_effector|GPR111|BCMO1|coexpression_network	caf_ecm_exclusion	tnk_effector	GPR111	BCMO1	coexpression_network
primary_recist	melanoma_recist_supported_primary	GSE78220	EcoNiche-Opt-WordNoBioObjective	word_no_bio_objective	caf_ecm_exclusion|tumor_dedifferentiation|GPR111|GPR111|coexpression_network	caf_ecm_exclusion	tumor_dedifferentiation	GPR111	GPR111	coexpression_network
primary_recist	melanoma_recist_supported_primary	GSE78220	EcoNiche-Opt-WordNoBioObjective	word_no_bio_objective	caf_ecm_exclusion|tumor_dedifferentiation|VIM|VIM|coexpression_network	caf_ecm_exclusion	tumor_dedifferentiation	VIM	VIM	coexpression_network
primary_recist	melanoma_recist_supported_primary	GSE78220	EcoNiche-Opt-WordNoBioObjective	word_no_bio_objective	myeloid_suppression|myeloid_suppression|CD163|CSF1R|coexpression_network	myeloid_suppression	myeloid_suppression	CD163	CSF1R	coexpression_network
primary_recist	melanoma_recist_supported_primary	GSE78220	EcoNiche-Opt-WordNoBioObjective	word_no_bio_objective	myeloid_suppression|myeloid_suppression|LOC101927217|LOC101927322|coexpression_network	myeloid_suppression	myeloid_suppression	LOC101927217	LOC101927322	coexpression_network
primary_recist	melanoma_recist_supported_primary	GSE78220	EcoNiche-Opt-WordNoBioObjective	word_no_bio_objective	myeloid_suppression|tcell_dysfunction|PDCD1|PDCD1|coexpression_network	myeloid_suppression	tcell_dysfunction	PDCD1	PDCD1	coexpression_network
primary_recist	melanoma_recist_supported_primary	GSE78220	EcoNiche-Opt-WordNoBioObjective	word_no_bio_objective	myeloid_suppression|tcell_dysfunction|MIR4763,MIRLET7A3,MIRLET7B,MIRLET7BHG|MIR4763,MIRLET7A3,MIRLET7B,MIRLET7BHG|coexpression_network	myeloid_suppression	tcell_dysfunction	MIR4763,MIRLET7A3,MIRLET7B,MIRLET7BHG	MIR4763,MIRLET7A3,MIRLET7B,MIRLET7BHG	coexpression_network
primary_recist	melanoma_recist_supported_primary	GSE78220	EcoNiche-Opt-WordNoBioObjective	word_no_bio_objective	myeloid_suppression|tnk_effector|MIR4763,MIRLET7A3,MIRLET7B,MIRLET7BHG|MIR4763,MIRLET7A3,MIRLET7B,MIRLET7BHG|coexpression_network	myeloid_suppression	tnk_effector	MIR4763,MIRLET7A3,MIRLET7B,MIRLET7BHG	MIR4763,MIRLET7A3,MIRLET7B,MIRLET7BHG	coexpression_network
primary_recist	melanoma_recist_supported_primary	GSE78220	EcoNiche-Opt-WordNoBioObjective	word_no_bio_objective	myeloid_suppression|tnk_effector|PDCD1|PRF1|coexpression_network	myeloid_suppression	tnk_effector	PDCD1	PRF1	coexpression_network
primary_recist	melanoma_recist_supported_primary	GSE78220	EcoNiche-Opt-WordNoBioObjective	word_no_bio_objective	myeloid_suppression|tumor_dedifferentiation|MIR4763,MIRLET7A3,MIRLET7B,MIRLET7BHG|MIR4763,MIRLET7A3,MIRLET7B,MIRLET7BHG|coexpression_network	myeloid_suppression	tumor_dedifferentiation	MIR4763,MIRLET7A3,MIRLET7B,MIRLET7BHG	MIR4763,MIRLET7A3,MIRLET7B,MIRLET7BHG	coexpression_network
primary_recist	melanoma_recist_supported_primary	GSE78220	EcoNiche-Opt-WordNoBioObjective	word_no_bio_objective	myeloid_suppression|tumor_dedifferentiation|LOC101928043|LOC101928043|coexpression_network	myeloid_suppression	tumor_dedifferentiation	LOC101928043	LOC101928043	coexpression_network
primary_recist	melanoma_recist_supported_primary	GSE78220	EcoNiche-Opt-WordNoBioObjective	word_no_bio_objective	tcell_dysfunction|tcell_dysfunction|LAG3|PDCD1|coexpression_network	tcell_dysfunction	tcell_dysfunction	LAG3	PDCD1	coexpression_network
primary_recist	melanoma_recist_supported_primary	GSE78220	EcoNiche-Opt-WordNoBioObjective	word_no_bio_objective	tcell_dysfunction|tcell_dysfunction|PDCD1|TOX|coexpression_network	tcell_dysfunction	tcell_dysfunction	PDCD1	TOX	coexpression_network
primary_recist	melanoma_recist_supported_primary	GSE78220	EcoNiche-Opt-WordNoBioObjective	word_no_bio_objective	tcell_dysfunction|tnk_effector|MIR4763,MIRLET7A3,MIRLET7B,MIRLET7BHG|MIR4763,MIRLET7A3,MIRLET7B,MIRLET7BHG|coexpression_network	tcell_dysfunction	tnk_effector	MIR4763,MIRLET7A3,MIRLET7B,MIRLET7BHG	MIR4763,MIRLET7A3,MIRLET7B,MIRLET7BHG	coexpression_network
primary_recist	melanoma_recist_supported_primary	GSE78220	EcoNiche-Opt-WordNoBioObjective	word_no_bio_objective	tcell_dysfunction|tnk_effector|LOC101928460|BCMO1|coexpression_network	tcell_dysfunction	tnk_effector	LOC101928460	BCMO1	coexpression_network
primary_recist	melanoma_recist_supported_primary	GSE78220	EcoNiche-Opt-WordNoBioObjective	word_no_bio_objective	tcell_dysfunction|tumor_dedifferentiation|MIR4763,MIRLET7A3,MIRLET7B,MIRLET7BHG|MIR4763,MIRLET7A3,MIRLET7B,MIRLET7BHG|coexpression_network	tcell_dysfunction	tumor_dedifferentiation	MIR4763,MIRLET7A3,MIRLET7B,MIRLET7BHG	MIR4763,MIRLET7A3,MIRLET7B,MIRLET7BHG	coexpression_network
primary_recist	melanoma_recist_supported_primary	GSE78220	EcoNiche-Opt-WordNoBioObjective	word_no_bio_objective	tcell_dysfunction|tumor_dedifferentiation|LOC101928460|GPR111|coexpression_network	tcell_dysfunction	tumor_dedifferentiation	LOC101928460	GPR111	coexpression_network
primary_recist	melanoma_recist_supported_primary	GSE78220	EcoNiche-Opt-WordNoBioObjective	word_no_bio_objective	tnk_effector|tnk_effector|IFNG|PRF1|coexpression_network	tnk_effector	tnk_effector	IFNG	PRF1	coexpression_network
primary_recist	melanoma_recist_supported_primary	GSE78220	EcoNiche-Opt-WordNoBioObjective	word_no_bio_objective	tnk_effector|tnk_effector|GNLY|PRF1|coexpression_network	tnk_effector	tnk_effector	GNLY	PRF1	coexpression_network
primary_recist	melanoma_recist_supported_primary	GSE78220	EcoNiche-Opt-WordNoBioObjective	word_no_bio_objective	tnk_effector|tumor_dedifferentiation|MIR4763,MIRLET7A3,MIRLET7B,MIRLET7BHG|MIR4763,MIRLET7A3,MIRLET7B,MIRLET7BHG|coexpression_network	tnk_effector	tumor_dedifferentiation	MIR4763,MIRLET7A3,MIRLET7B,MIRLET7BHG	MIR4763,MIRLET7A3,MIRLET7B,MIRLET7BHG	coexpression_network
primary_recist	melanoma_recist_supported_primary	GSE78220	EcoNiche-Opt-WordNoBioObjective	word_no_bio_objective	tnk_effector|tumor_dedifferentiation|BCMO1|GPR111|coexpression_network	tnk_effector	tumor_dedifferentiation	BCMO1	GPR111	coexpression_network
primary_recist	melanoma_recist_supported_primary	GSE78220	EcoNiche-Opt-WordNoBioObjective	word_no_bio_objective	tumor_dedifferentiation|tumor_dedifferentiation|AXL|NGFR|coexpression_network	tumor_dedifferentiation	tumor_dedifferentiation	AXL	NGFR	coexpression_network
primary_recist	melanoma_recist_supported_primary	GSE78220	EcoNiche-Opt-WordNoBioObjective	word_no_bio_objective	tumor_dedifferentiation|tumor_dedifferentiation|GPR111|LOC101928043|coexpression_network	tumor_dedifferentiation	tumor_dedifferentiation	GPR111	LOC101928043	coexpression_network
primary_recist	melanoma_recist_supported_primary	GSE145996	EcoNiche-Opt-WordFullGraph	word_full_graph	tcell_dysfunction|tcell_dysfunction|PDCD1|LAG3|checkpoint	tcell_dysfunction	tcell_dysfunction	PDCD1	LAG3	checkpoint
primary_recist	melanoma_recist_supported_primary	GSE145996	EcoNiche-Opt-WordFullGraph	word_full_graph	antigen_presentation_mhc|antigen_presentation_mhc|RP11-33B1|TRAJ1|coexpression_network	antigen_presentation_mhc	antigen_presentation_mhc	RP11-33B1	TRAJ1	coexpression_network
primary_recist	melanoma_recist_supported_primary	GSE145996	EcoNiche-Opt-WordFullGraph	word_full_graph	antigen_presentation_mhc|caf_ecm_exclusion|TRAJ1|IFNG|coexpression_network	antigen_presentation_mhc	caf_ecm_exclusion	TRAJ1	IFNG	coexpression_network
primary_recist	melanoma_recist_supported_primary	GSE145996	EcoNiche-Opt-WordFullGraph	word_full_graph	antigen_presentation_mhc|caf_ecm_exclusion|TAP2|IFNG|coexpression_network	antigen_presentation_mhc	caf_ecm_exclusion	TAP2	IFNG	coexpression_network
primary_recist	melanoma_recist_supported_primary	GSE145996	EcoNiche-Opt-WordFullGraph	word_full_graph	antigen_presentation_mhc|myeloid_suppression|TAP2|ITGAM|coexpression_network	antigen_presentation_mhc	myeloid_suppression	TAP2	ITGAM	coexpression_network
primary_recist	melanoma_recist_supported_primary	GSE145996	EcoNiche-Opt-WordFullGraph	word_full_graph	antigen_presentation_mhc|myeloid_suppression|TAP2|TGFB1|coexpression_network	antigen_presentation_mhc	myeloid_suppression	TAP2	TGFB1	coexpression_network
primary_recist	melanoma_recist_supported_primary	GSE145996	EcoNiche-Opt-WordFullGraph	word_full_graph	antigen_presentation_mhc|tcell_dysfunction|RP11-33B1|RP11-33B1|coexpression_network	antigen_presentation_mhc	tcell_dysfunction	RP11-33B1	RP11-33B1	coexpression_network
primary_recist	melanoma_recist_supported_primary	GSE145996	EcoNiche-Opt-WordFullGraph	word_full_graph	antigen_presentation_mhc|tcell_dysfunction|TRAJ1|TIGIT|coexpression_network	antigen_presentation_mhc	tcell_dysfunction	TRAJ1	TIGIT	coexpression_network
primary_recist	melanoma_recist_supported_primary	GSE145996	EcoNiche-Opt-WordFullGraph	word_full_graph	antigen_presentation_mhc|tnk_effector|TAP2|PDCD1|coexpression_network	antigen_presentation_mhc	tnk_effector	TAP2	PDCD1	coexpression_network
primary_recist	melanoma_recist_supported_primary	GSE145996	EcoNiche-Opt-WordFullGraph	word_full_graph	antigen_presentation_mhc|tnk_effector|TRAJ1|PDCD1|coexpression_network	antigen_presentation_mhc	tnk_effector	TRAJ1	PDCD1	coexpression_network
primary_recist	melanoma_recist_supported_primary	GSE145996	EcoNiche-Opt-WordFullGraph	word_full_graph	antigen_presentation_mhc|tumor_dedifferentiation|TRAJ1|IGHD2-15|coexpression_network	antigen_presentation_mhc	tumor_dedifferentiation	TRAJ1	IGHD2-15	coexpression_network
primary_recist	melanoma_recist_supported_primary	GSE145996	EcoNiche-Opt-WordFullGraph	word_full_graph	antigen_presentation_mhc|tumor_dedifferentiation|TAP2|IGHD2-15|coexpression_network	antigen_presentation_mhc	tumor_dedifferentiation	TAP2	IGHD2-15	coexpression_network
primary_recist	melanoma_recist_supported_primary	GSE145996	EcoNiche-Opt-WordFullGraph	word_full_graph	caf_ecm_exclusion|caf_ecm_exclusion|FAP|FN1|coexpression_network	caf_ecm_exclusion	caf_ecm_exclusion	FAP	FN1	coexpression_network
primary_recist	melanoma_recist_supported_primary	GSE145996	EcoNiche-Opt-WordFullGraph	word_full_graph	caf_ecm_exclusion|caf_ecm_exclusion|FAP|LOC102724050|coexpression_network	caf_ecm_exclusion	caf_ecm_exclusion	FAP	LOC102724050	coexpression_network
primary_recist	melanoma_recist_supported_primary	GSE145996	EcoNiche-Opt-WordFullGraph	word_full_graph	caf_ecm_exclusion|myeloid_suppression|FAP|ITGAM|coexpression_network	caf_ecm_exclusion	myeloid_suppression	FAP	ITGAM	coexpression_network
primary_recist	melanoma_recist_supported_primary	GSE145996	EcoNiche-Opt-WordFullGraph	word_full_graph	caf_ecm_exclusion|myeloid_suppression|FN1|ITGAM|coexpression_network	caf_ecm_exclusion	myeloid_suppression	FN1	ITGAM	coexpression_network
primary_recist	melanoma_recist_supported_primary	GSE145996	EcoNiche-Opt-WordFullGraph	word_full_graph	caf_ecm_exclusion|tcell_dysfunction|IFNG|PDCD1|coexpression_network	caf_ecm_exclusion	tcell_dysfunction	IFNG	PDCD1	coexpression_network
primary_recist	melanoma_recist_supported_primary	GSE145996	EcoNiche-Opt-WordFullGraph	word_full_graph	caf_ecm_exclusion|tcell_dysfunction|IFNG|TIGIT|coexpression_network	caf_ecm_exclusion	tcell_dysfunction	IFNG	TIGIT	coexpression_network
primary_recist	melanoma_recist_supported_primary	GSE145996	EcoNiche-Opt-WordFullGraph	word_full_graph	caf_ecm_exclusion|tnk_effector|LOC102724050|LOC102724050|coexpression_network	caf_ecm_exclusion	tnk_effector	LOC102724050	LOC102724050	coexpression_network
primary_recist	melanoma_recist_supported_primary	GSE145996	EcoNiche-Opt-WordFullGraph	word_full_graph	caf_ecm_exclusion|tnk_effector|IFNG|IFNG|coexpression_network	caf_ecm_exclusion	tnk_effector	IFNG	IFNG	coexpression_network
primary_recist	melanoma_recist_supported_primary	GSE145996	EcoNiche-Opt-WordFullGraph	word_full_graph	caf_ecm_exclusion|tumor_dedifferentiation|VIM|VIM|coexpression_network	caf_ecm_exclusion	tumor_dedifferentiation	VIM	VIM	coexpression_network
primary_recist	melanoma_recist_supported_primary	GSE145996	EcoNiche-Opt-WordFullGraph	word_full_graph	caf_ecm_exclusion|tumor_dedifferentiation|LOC102724050|LOC101927356|coexpression_network	caf_ecm_exclusion	tumor_dedifferentiation	LOC102724050	LOC101927356	coexpression_network
primary_recist	melanoma_recist_supported_primary	GSE145996	EcoNiche-Opt-WordFullGraph	word_full_graph	myeloid_suppression|myeloid_suppression|ITGAM|TGFB1|coexpression_network	myeloid_suppression	myeloid_suppression	ITGAM	TGFB1	coexpression_network
primary_recist	melanoma_recist_supported_primary	GSE145996	EcoNiche-Opt-WordFullGraph	word_full_graph	myeloid_suppression|tcell_dysfunction|ITGAM|PDCD1|coexpression_network	myeloid_suppression	tcell_dysfunction	ITGAM	PDCD1	coexpression_network
primary_recist	melanoma_recist_supported_primary	GSE145996	EcoNiche-Opt-WordFullGraph	word_full_graph	myeloid_suppression|tcell_dysfunction|TGFB1|LAG3|coexpression_network	myeloid_suppression	tcell_dysfunction	TGFB1	LAG3	coexpression_network
primary_recist	melanoma_recist_supported_primary	GSE145996	EcoNiche-Opt-WordFullGraph	word_full_graph	myeloid_suppression|tnk_effector|ITGAM|PDCD1|coexpression_network	myeloid_suppression	tnk_effector	ITGAM	PDCD1	coexpression_network
primary_recist	melanoma_recist_supported_primary	GSE145996	EcoNiche-Opt-WordFullGraph	word_full_graph	myeloid_suppression|tnk_effector|ITGAM|IFNG|coexpression_network	myeloid_suppression	tnk_effector	ITGAM	IFNG	coexpression_network
primary_recist	melanoma_recist_supported_primary	GSE145996	EcoNiche-Opt-WordFullGraph	word_full_graph	tcell_dysfunction|tcell_dysfunction|LAG3|PDCD1|coexpression_network	tcell_dysfunction	tcell_dysfunction	LAG3	PDCD1	coexpression_network
primary_recist	melanoma_recist_supported_primary	GSE145996	EcoNiche-Opt-WordFullGraph	word_full_graph	tcell_dysfunction|tcell_dysfunction|LAG3|TIGIT|coexpression_network	tcell_dysfunction	tcell_dysfunction	LAG3	TIGIT	coexpression_network
primary_recist	melanoma_recist_supported_primary	GSE145996	EcoNiche-Opt-WordFullGraph	word_full_graph	tcell_dysfunction|tnk_effector|PDCD1|PDCD1|coexpression_network	tcell_dysfunction	tnk_effector	PDCD1	PDCD1	coexpression_network
primary_recist	melanoma_recist_supported_primary	GSE145996	EcoNiche-Opt-WordFullGraph	word_full_graph	tcell_dysfunction|tnk_effector|LAG3|PDCD1|coexpression_network	tcell_dysfunction	tnk_effector	LAG3	PDCD1	coexpression_network
primary_recist	melanoma_recist_supported_primary	GSE145996	EcoNiche-Opt-WordFullGraph	word_full_graph	tcell_dysfunction|tumor_dedifferentiation|PDCD1|IGHD2-15|coexpression_network	tcell_dysfunction	tumor_dedifferentiation	PDCD1	IGHD2-15	coexpression_network
primary_recist	melanoma_recist_supported_primary	GSE145996	EcoNiche-Opt-WordFullGraph	word_full_graph	tcell_dysfunction|tumor_dedifferentiation|LAG3|IGHD2-15|coexpression_network	tcell_dysfunction	tumor_dedifferentiation	LAG3	IGHD2-15	coexpression_network
primary_recist	melanoma_recist_supported_primary	GSE145996	EcoNiche-Opt-WordFullGraph	word_full_graph	tnk_effector|tnk_effector|CD8B|PDCD1|coexpression_network	tnk_effector	tnk_effector	CD8B	PDCD1	coexpression_network
primary_recist	melanoma_recist_supported_primary	GSE145996	EcoNiche-Opt-WordFullGraph	word_full_graph	tnk_effector|tnk_effector|CD8B|IFNG|coexpression_network	tnk_effector	tnk_effector	CD8B	IFNG	coexpression_network
primary_recist	melanoma_recist_supported_primary	GSE145996	EcoNiche-Opt-WordFullGraph	word_full_graph	tnk_effector|tumor_dedifferentiation|LOC102724050|LOC101927356|coexpression_network	tnk_effector	tumor_dedifferentiation	LOC102724050	LOC101927356	coexpression_network
primary_recist	melanoma_recist_supported_primary	GSE145996	EcoNiche-Opt-WordFullGraph	word_full_graph	tnk_effector|tumor_dedifferentiation|PDCD1|IGHD2-15|coexpression_network	tnk_effector	tumor_dedifferentiation	PDCD1	IGHD2-15	coexpression_network
primary_recist	melanoma_recist_supported_primary	GSE145996	EcoNiche-Opt-WordFullGraph	word_full_graph	tumor_dedifferentiation|tumor_dedifferentiation|IGHD2-15|VIM|coexpression_network	tumor_dedifferentiation	tumor_dedifferentiation	IGHD2-15	VIM	coexpression_network
primary_recist	melanoma_recist_supported_primary	GSE145996	EcoNiche-Opt-WordUnsignedGraph	word_unsigned_graph	tnk_effector|antigen_presentation_mhc|IFNG|HLA-A|regulatory	tnk_effector	antigen_presentation_mhc	IFNG	HLA-A	regulatory
primary_recist	melanoma_recist_supported_primary	GSE145996	EcoNiche-Opt-WordUnsignedGraph	word_unsigned_graph	antigen_presentation_mhc|antigen_presentation_mhc|HLA-A|HLA-B|coexpression_network	antigen_presentation_mhc	antigen_presentation_mhc	HLA-A	HLA-B	coexpression_network
primary_recist	melanoma_recist_supported_primary	GSE145996	EcoNiche-Opt-WordUnsignedGraph	word_unsigned_graph	antigen_presentation_mhc|antigen_presentation_mhc|HLA-B|HLA-DRA|coexpression_network	antigen_presentation_mhc	antigen_presentation_mhc	HLA-B	HLA-DRA	coexpression_network
primary_recist	melanoma_recist_supported_primary	GSE145996	EcoNiche-Opt-WordUnsignedGraph	word_unsigned_graph	antigen_presentation_mhc|caf_ecm_exclusion|PSMB9|PDCD1|coexpression_network	antigen_presentation_mhc	caf_ecm_exclusion	PSMB9	PDCD1	coexpression_network
primary_recist	melanoma_recist_supported_primary	GSE145996	EcoNiche-Opt-WordUnsignedGraph	word_unsigned_graph	antigen_presentation_mhc|caf_ecm_exclusion|TRAJ1|PDCD1|coexpression_network	antigen_presentation_mhc	caf_ecm_exclusion	TRAJ1	PDCD1	coexpression_network
primary_recist	melanoma_recist_supported_primary	GSE145996	EcoNiche-Opt-WordUnsignedGraph	word_unsigned_graph	antigen_presentation_mhc|myeloid_suppression|PSMB9|PDCD1|coexpression_network	antigen_presentation_mhc	myeloid_suppression	PSMB9	PDCD1	coexpression_network
primary_recist	melanoma_recist_supported_primary	GSE145996	EcoNiche-Opt-WordUnsignedGraph	word_unsigned_graph	antigen_presentation_mhc|myeloid_suppression|TRAJ1|PDCD1|coexpression_network	antigen_presentation_mhc	myeloid_suppression	TRAJ1	PDCD1	coexpression_network
primary_recist	melanoma_recist_supported_primary	GSE145996	EcoNiche-Opt-WordUnsignedGraph	word_unsigned_graph	antigen_presentation_mhc|tcell_dysfunction|PSMB9|PDCD1|coexpression_network	antigen_presentation_mhc	tcell_dysfunction	PSMB9	PDCD1	coexpression_network
primary_recist	melanoma_recist_supported_primary	GSE145996	EcoNiche-Opt-WordUnsignedGraph	word_unsigned_graph	antigen_presentation_mhc|tcell_dysfunction|TRAJ1|PDCD1|coexpression_network	antigen_presentation_mhc	tcell_dysfunction	TRAJ1	PDCD1	coexpression_network
primary_recist	melanoma_recist_supported_primary	GSE145996	EcoNiche-Opt-WordUnsignedGraph	word_unsigned_graph	antigen_presentation_mhc|tnk_effector|IGKV4-1|IGKV4-1|coexpression_network	antigen_presentation_mhc	tnk_effector	IGKV4-1	IGKV4-1	coexpression_network
primary_recist	melanoma_recist_supported_primary	GSE145996	EcoNiche-Opt-WordUnsignedGraph	word_unsigned_graph	antigen_presentation_mhc|tnk_effector|PSMB9|IFNG|coexpression_network	antigen_presentation_mhc	tnk_effector	PSMB9	IFNG	coexpression_network
primary_recist	melanoma_recist_supported_primary	GSE145996	EcoNiche-Opt-WordUnsignedGraph	word_unsigned_graph	antigen_presentation_mhc|tumor_dedifferentiation|HLA-B|ZEB1|coexpression_network	antigen_presentation_mhc	tumor_dedifferentiation	HLA-B	ZEB1	coexpression_network
primary_recist	melanoma_recist_supported_primary	GSE145996	EcoNiche-Opt-WordUnsignedGraph	word_unsigned_graph	antigen_presentation_mhc|tumor_dedifferentiation|HLA-A|ZEB1|coexpression_network	antigen_presentation_mhc	tumor_dedifferentiation	HLA-A	ZEB1	coexpression_network
primary_recist	melanoma_recist_supported_primary	GSE145996	EcoNiche-Opt-WordUnsignedGraph	word_unsigned_graph	caf_ecm_exclusion|caf_ecm_exclusion|FAP|TGFBI|coexpression_network	caf_ecm_exclusion	caf_ecm_exclusion	FAP	TGFBI	coexpression_network
primary_recist	melanoma_recist_supported_primary	GSE145996	EcoNiche-Opt-WordUnsignedGraph	word_unsigned_graph	caf_ecm_exclusion|caf_ecm_exclusion|PDCD1|TRAJ6|coexpression_network	caf_ecm_exclusion	caf_ecm_exclusion	PDCD1	TRAJ6	coexpression_network
primary_recist	melanoma_recist_supported_primary	GSE145996	EcoNiche-Opt-WordUnsignedGraph	word_unsigned_graph	caf_ecm_exclusion|myeloid_suppression|PDCD1|PDCD1|coexpression_network	caf_ecm_exclusion	myeloid_suppression	PDCD1	PDCD1	coexpression_network
primary_recist	melanoma_recist_supported_primary	GSE145996	EcoNiche-Opt-WordUnsignedGraph	word_unsigned_graph	caf_ecm_exclusion|myeloid_suppression|FAP|TGFB1|coexpression_network	caf_ecm_exclusion	myeloid_suppression	FAP	TGFB1	coexpression_network
primary_recist	melanoma_recist_supported_primary	GSE145996	EcoNiche-Opt-WordUnsignedGraph	word_unsigned_graph	caf_ecm_exclusion|tcell_dysfunction|PDCD1|PDCD1|coexpression_network	caf_ecm_exclusion	tcell_dysfunction	PDCD1	PDCD1	coexpression_network
primary_recist	melanoma_recist_supported_primary	GSE145996	EcoNiche-Opt-WordUnsignedGraph	word_unsigned_graph	caf_ecm_exclusion|tcell_dysfunction|TRAJ6|TRAJ6|coexpression_network	caf_ecm_exclusion	tcell_dysfunction	TRAJ6	TRAJ6	coexpression_network
primary_recist	melanoma_recist_supported_primary	GSE145996	EcoNiche-Opt-WordUnsignedGraph	word_unsigned_graph	caf_ecm_exclusion|tnk_effector|TRAJ6|TRAJ6|coexpression_network	caf_ecm_exclusion	tnk_effector	TRAJ6	TRAJ6	coexpression_network
primary_recist	melanoma_recist_supported_primary	GSE145996	EcoNiche-Opt-WordUnsignedGraph	word_unsigned_graph	caf_ecm_exclusion|tnk_effector|PDCD1|IFNG|coexpression_network	caf_ecm_exclusion	tnk_effector	PDCD1	IFNG	coexpression_network
primary_recist	melanoma_recist_supported_primary	GSE145996	EcoNiche-Opt-WordUnsignedGraph	word_unsigned_graph	caf_ecm_exclusion|tumor_dedifferentiation|VIM|VIM|coexpression_network	caf_ecm_exclusion	tumor_dedifferentiation	VIM	VIM	coexpression_network
primary_recist	melanoma_recist_supported_primary	GSE145996	EcoNiche-Opt-WordUnsignedGraph	word_unsigned_graph	caf_ecm_exclusion|tumor_dedifferentiation|FAP|ZEB1|coexpression_network	caf_ecm_exclusion	tumor_dedifferentiation	FAP	ZEB1	coexpression_network
primary_recist	melanoma_recist_supported_primary	GSE145996	EcoNiche-Opt-WordUnsignedGraph	word_unsigned_graph	myeloid_suppression|myeloid_suppression|PDCD1|TGFB1|coexpression_network	myeloid_suppression	myeloid_suppression	PDCD1	TGFB1	coexpression_network
primary_recist	melanoma_recist_supported_primary	GSE145996	EcoNiche-Opt-WordUnsignedGraph	word_unsigned_graph	myeloid_suppression|myeloid_suppression|LOC102724050|TGFB1|coexpression_network	myeloid_suppression	myeloid_suppression	LOC102724050	TGFB1	coexpression_network
primary_recist	melanoma_recist_supported_primary	GSE145996	EcoNiche-Opt-WordUnsignedGraph	word_unsigned_graph	myeloid_suppression|tcell_dysfunction|PDCD1|PDCD1|coexpression_network	myeloid_suppression	tcell_dysfunction	PDCD1	PDCD1	coexpression_network
primary_recist	melanoma_recist_supported_primary	GSE145996	EcoNiche-Opt-WordUnsignedGraph	word_unsigned_graph	myeloid_suppression|tcell_dysfunction|PDCD1|CXCL13|coexpression_network	myeloid_suppression	tcell_dysfunction	PDCD1	CXCL13	coexpression_network
primary_recist	melanoma_recist_supported_primary	GSE145996	EcoNiche-Opt-WordUnsignedGraph	word_unsigned_graph	myeloid_suppression|tnk_effector|PDCD1|IFNG|coexpression_network	myeloid_suppression	tnk_effector	PDCD1	IFNG	coexpression_network
primary_recist	melanoma_recist_supported_primary	GSE145996	EcoNiche-Opt-WordUnsignedGraph	word_unsigned_graph	myeloid_suppression|tnk_effector|PDCD1|GZMB|coexpression_network	myeloid_suppression	tnk_effector	PDCD1	GZMB	coexpression_network
primary_recist	melanoma_recist_supported_primary	GSE145996	EcoNiche-Opt-WordUnsignedGraph	word_unsigned_graph	myeloid_suppression|tumor_dedifferentiation|PDCD1|IGHD2-15|coexpression_network	myeloid_suppression	tumor_dedifferentiation	PDCD1	IGHD2-15	coexpression_network
primary_recist	melanoma_recist_supported_primary	GSE145996	EcoNiche-Opt-WordUnsignedGraph	word_unsigned_graph	myeloid_suppression|tumor_dedifferentiation|PDCD1|ZEB1|coexpression_network	myeloid_suppression	tumor_dedifferentiation	PDCD1	ZEB1	coexpression_network
primary_recist	melanoma_recist_supported_primary	GSE145996	EcoNiche-Opt-WordUnsignedGraph	word_unsigned_graph	tcell_dysfunction|tcell_dysfunction|CXCL13|PDCD1|coexpression_network	tcell_dysfunction	tcell_dysfunction	CXCL13	PDCD1	coexpression_network
primary_recist	melanoma_recist_supported_primary	GSE145996	EcoNiche-Opt-WordUnsignedGraph	word_unsigned_graph	tcell_dysfunction|tcell_dysfunction|AL049794|TRAJ6|coexpression_network	tcell_dysfunction	tcell_dysfunction	AL049794	TRAJ6	coexpression_network
primary_recist	melanoma_recist_supported_primary	GSE145996	EcoNiche-Opt-WordUnsignedGraph	word_unsigned_graph	tcell_dysfunction|tnk_effector|TRAJ6|TRAJ6|coexpression_network	tcell_dysfunction	tnk_effector	TRAJ6	TRAJ6	coexpression_network
primary_recist	melanoma_recist_supported_primary	GSE145996	EcoNiche-Opt-WordUnsignedGraph	word_unsigned_graph	tcell_dysfunction|tnk_effector|AL049794|AL049794|coexpression_network	tcell_dysfunction	tnk_effector	AL049794	AL049794	coexpression_network
primary_recist	melanoma_recist_supported_primary	GSE145996	EcoNiche-Opt-WordUnsignedGraph	word_unsigned_graph	tcell_dysfunction|tumor_dedifferentiation|PDCD1|IGHD2-15|coexpression_network	tcell_dysfunction	tumor_dedifferentiation	PDCD1	IGHD2-15	coexpression_network
primary_recist	melanoma_recist_supported_primary	GSE145996	EcoNiche-Opt-WordUnsignedGraph	word_unsigned_graph	tcell_dysfunction|tumor_dedifferentiation|PDCD1|ZEB1|coexpression_network	tcell_dysfunction	tumor_dedifferentiation	PDCD1	ZEB1	coexpression_network
primary_recist	melanoma_recist_supported_primary	GSE145996	EcoNiche-Opt-WordUnsignedGraph	word_unsigned_graph	tnk_effector|tnk_effector|GZMA|IFNG|coexpression_network	tnk_effector	tnk_effector	GZMA	IFNG	coexpression_network
primary_recist	melanoma_recist_supported_primary	GSE145996	EcoNiche-Opt-WordUnsignedGraph	word_unsigned_graph	tnk_effector|tnk_effector|CXCL10|GZMA|coexpression_network	tnk_effector	tnk_effector	CXCL10	GZMA	coexpression_network
primary_recist	melanoma_recist_supported_primary	GSE145996	EcoNiche-Opt-WordUnsignedGraph	word_unsigned_graph	tnk_effector|tumor_dedifferentiation|IGKV4-1|IGHD2-15|coexpression_network	tnk_effector	tumor_dedifferentiation	IGKV4-1	IGHD2-15	coexpression_network
primary_recist	melanoma_recist_supported_primary	GSE145996	EcoNiche-Opt-WordUnsignedGraph	word_unsigned_graph	tnk_effector|tumor_dedifferentiation|GZMB|SOX10|coexpression_network	tnk_effector	tumor_dedifferentiation	GZMB	SOX10	coexpression_network
primary_recist	melanoma_recist_supported_primary	GSE145996	EcoNiche-Opt-WordUnsignedGraph	word_unsigned_graph	tumor_dedifferentiation|tumor_dedifferentiation|SOX10|ZEB1|coexpression_network	tumor_dedifferentiation	tumor_dedifferentiation	SOX10	ZEB1	coexpression_network
primary_recist	melanoma_recist_supported_primary	GSE145996	EcoNiche-Opt-WordUnsignedGraph	word_unsigned_graph	tumor_dedifferentiation|tumor_dedifferentiation|NGFR|ZEB1|coexpression_network	tumor_dedifferentiation	tumor_dedifferentiation	NGFR	ZEB1	coexpression_network
primary_recist	melanoma_recist_supported_primary	GSE145996	EcoNiche-Opt-WordNoBioObjective	word_no_bio_objective	tcell_dysfunction|tcell_dysfunction|PDCD1|LAG3|checkpoint	tcell_dysfunction	tcell_dysfunction	PDCD1	LAG3	checkpoint
primary_recist	melanoma_recist_supported_primary	GSE145996	EcoNiche-Opt-WordNoBioObjective	word_no_bio_objective	antigen_presentation_mhc|antigen_presentation_mhc|PDCD1|PSMB9|coexpression_network	antigen_presentation_mhc	antigen_presentation_mhc	PDCD1	PSMB9	coexpression_network
primary_recist	melanoma_recist_supported_primary	GSE145996	EcoNiche-Opt-WordNoBioObjective	word_no_bio_objective	antigen_presentation_mhc|antigen_presentation_mhc|PDCD1|TRAJ1|coexpression_network	antigen_presentation_mhc	antigen_presentation_mhc	PDCD1	TRAJ1	coexpression_network
primary_recist	melanoma_recist_supported_primary	GSE145996	EcoNiche-Opt-WordNoBioObjective	word_no_bio_objective	antigen_presentation_mhc|caf_ecm_exclusion|RP11-33B1|RP11-33B1|coexpression_network	antigen_presentation_mhc	caf_ecm_exclusion	RP11-33B1	RP11-33B1	coexpression_network
primary_recist	melanoma_recist_supported_primary	GSE145996	EcoNiche-Opt-WordNoBioObjective	word_no_bio_objective	antigen_presentation_mhc|caf_ecm_exclusion|PDCD1|IGHV6-1|coexpression_network	antigen_presentation_mhc	caf_ecm_exclusion	PDCD1	IGHV6-1	coexpression_network
primary_recist	melanoma_recist_supported_primary	GSE145996	EcoNiche-Opt-WordNoBioObjective	word_no_bio_objective	antigen_presentation_mhc|myeloid_suppression|PDCD1|IFNG|coexpression_network	antigen_presentation_mhc	myeloid_suppression	PDCD1	IFNG	coexpression_network
primary_recist	melanoma_recist_supported_primary	GSE145996	EcoNiche-Opt-WordNoBioObjective	word_no_bio_objective	antigen_presentation_mhc|myeloid_suppression|PSMB9|IFNG|coexpression_network	antigen_presentation_mhc	myeloid_suppression	PSMB9	IFNG	coexpression_network
primary_recist	melanoma_recist_supported_primary	GSE145996	EcoNiche-Opt-WordNoBioObjective	word_no_bio_objective	antigen_presentation_mhc|tcell_dysfunction|PDCD1|PDCD1|coexpression_network	antigen_presentation_mhc	tcell_dysfunction	PDCD1	PDCD1	coexpression_network
primary_recist	melanoma_recist_supported_primary	GSE145996	EcoNiche-Opt-WordNoBioObjective	word_no_bio_objective	antigen_presentation_mhc|tcell_dysfunction|PSMB9|PDCD1|coexpression_network	antigen_presentation_mhc	tcell_dysfunction	PSMB9	PDCD1	coexpression_network
primary_recist	melanoma_recist_supported_primary	GSE145996	EcoNiche-Opt-WordNoBioObjective	word_no_bio_objective	antigen_presentation_mhc|tnk_effector|PDCD1|PDCD1|coexpression_network	antigen_presentation_mhc	tnk_effector	PDCD1	PDCD1	coexpression_network
primary_recist	melanoma_recist_supported_primary	GSE145996	EcoNiche-Opt-WordNoBioObjective	word_no_bio_objective	antigen_presentation_mhc|tnk_effector|PSMB9|PDCD1|coexpression_network	antigen_presentation_mhc	tnk_effector	PSMB9	PDCD1	coexpression_network
primary_recist	melanoma_recist_supported_primary	GSE145996	EcoNiche-Opt-WordNoBioObjective	word_no_bio_objective	antigen_presentation_mhc|tumor_dedifferentiation|TRAJ1|IGHD2-2|coexpression_network	antigen_presentation_mhc	tumor_dedifferentiation	TRAJ1	IGHD2-2	coexpression_network
primary_recist	melanoma_recist_supported_primary	GSE145996	EcoNiche-Opt-WordNoBioObjective	word_no_bio_objective	antigen_presentation_mhc|tumor_dedifferentiation|PDCD1|IGHV6-1|coexpression_network	antigen_presentation_mhc	tumor_dedifferentiation	PDCD1	IGHV6-1	coexpression_network
primary_recist	melanoma_recist_supported_primary	GSE145996	EcoNiche-Opt-WordNoBioObjective	word_no_bio_objective	caf_ecm_exclusion|myeloid_suppression|IGHV6-1|IGHV6-1|coexpression_network	caf_ecm_exclusion	myeloid_suppression	IGHV6-1	IGHV6-1	coexpression_network
primary_recist	melanoma_recist_supported_primary	GSE145996	EcoNiche-Opt-WordNoBioObjective	word_no_bio_objective	caf_ecm_exclusion|myeloid_suppression|IGHV6-1|IFNG|coexpression_network	caf_ecm_exclusion	myeloid_suppression	IGHV6-1	IFNG	coexpression_network
primary_recist	melanoma_recist_supported_primary	GSE145996	EcoNiche-Opt-WordNoBioObjective	word_no_bio_objective	caf_ecm_exclusion|tcell_dysfunction|IGHV6-1|PDCD1|coexpression_network	caf_ecm_exclusion	tcell_dysfunction	IGHV6-1	PDCD1	coexpression_network
primary_recist	melanoma_recist_supported_primary	GSE145996	EcoNiche-Opt-WordNoBioObjective	word_no_bio_objective	caf_ecm_exclusion|tcell_dysfunction|IGHV6-1|LAG3|coexpression_network	caf_ecm_exclusion	tcell_dysfunction	IGHV6-1	LAG3	coexpression_network
primary_recist	melanoma_recist_supported_primary	GSE145996	EcoNiche-Opt-WordNoBioObjective	word_no_bio_objective	caf_ecm_exclusion|tnk_effector|IGHV6-1|NKG7|coexpression_network	caf_ecm_exclusion	tnk_effector	IGHV6-1	NKG7	coexpression_network
primary_recist	melanoma_recist_supported_primary	GSE145996	EcoNiche-Opt-WordNoBioObjective	word_no_bio_objective	caf_ecm_exclusion|tnk_effector|IGHV6-1|PDCD1|coexpression_network	caf_ecm_exclusion	tnk_effector	IGHV6-1	PDCD1	coexpression_network
primary_recist	melanoma_recist_supported_primary	GSE145996	EcoNiche-Opt-WordNoBioObjective	word_no_bio_objective	caf_ecm_exclusion|tumor_dedifferentiation|VIM|VIM|coexpression_network	caf_ecm_exclusion	tumor_dedifferentiation	VIM	VIM	coexpression_network
primary_recist	melanoma_recist_supported_primary	GSE145996	EcoNiche-Opt-WordNoBioObjective	word_no_bio_objective	caf_ecm_exclusion|tumor_dedifferentiation|IGHV6-1|IGHV6-1|coexpression_network	caf_ecm_exclusion	tumor_dedifferentiation	IGHV6-1	IGHV6-1	coexpression_network
primary_recist	melanoma_recist_supported_primary	GSE145996	EcoNiche-Opt-WordNoBioObjective	word_no_bio_objective	myeloid_suppression|myeloid_suppression|IFNG|IGHD3-10|coexpression_network	myeloid_suppression	myeloid_suppression	IFNG	IGHD3-10	coexpression_network
primary_recist	melanoma_recist_supported_primary	GSE145996	EcoNiche-Opt-WordNoBioObjective	word_no_bio_objective	myeloid_suppression|myeloid_suppression|IGHD3-10|RP11-444B24|coexpression_network	myeloid_suppression	myeloid_suppression	IGHD3-10	RP11-444B24	coexpression_network
primary_recist	melanoma_recist_supported_primary	GSE145996	EcoNiche-Opt-WordNoBioObjective	word_no_bio_objective	myeloid_suppression|tcell_dysfunction|IFNG|PDCD1|coexpression_network	myeloid_suppression	tcell_dysfunction	IFNG	PDCD1	coexpression_network
primary_recist	melanoma_recist_supported_primary	GSE145996	EcoNiche-Opt-WordNoBioObjective	word_no_bio_objective	myeloid_suppression|tcell_dysfunction|IFNG|LAG3|coexpression_network	myeloid_suppression	tcell_dysfunction	IFNG	LAG3	coexpression_network
primary_recist	melanoma_recist_supported_primary	GSE145996	EcoNiche-Opt-WordNoBioObjective	word_no_bio_objective	myeloid_suppression|tnk_effector|IFNG|PDCD1|coexpression_network	myeloid_suppression	tnk_effector	IFNG	PDCD1	coexpression_network
primary_recist	melanoma_recist_supported_primary	GSE145996	EcoNiche-Opt-WordNoBioObjective	word_no_bio_objective	myeloid_suppression|tnk_effector|IGHV6-1|NKG7|coexpression_network	myeloid_suppression	tnk_effector	IGHV6-1	NKG7	coexpression_network
primary_recist	melanoma_recist_supported_primary	GSE145996	EcoNiche-Opt-WordNoBioObjective	word_no_bio_objective	myeloid_suppression|tumor_dedifferentiation|IGHV6-1|IGHV6-1|coexpression_network	myeloid_suppression	tumor_dedifferentiation	IGHV6-1	IGHV6-1	coexpression_network
primary_recist	melanoma_recist_supported_primary	GSE145996	EcoNiche-Opt-WordNoBioObjective	word_no_bio_objective	myeloid_suppression|tumor_dedifferentiation|IGHD3-10|IGHD2-2|coexpression_network	myeloid_suppression	tumor_dedifferentiation	IGHD3-10	IGHD2-2	coexpression_network
primary_recist	melanoma_recist_supported_primary	GSE145996	EcoNiche-Opt-WordNoBioObjective	word_no_bio_objective	tcell_dysfunction|tcell_dysfunction|LAG3|PDCD1|coexpression_network	tcell_dysfunction	tcell_dysfunction	LAG3	PDCD1	coexpression_network
primary_recist	melanoma_recist_supported_primary	GSE145996	EcoNiche-Opt-WordNoBioObjective	word_no_bio_objective	tcell_dysfunction|tcell_dysfunction|IDO1|PDCD1|coexpression_network	tcell_dysfunction	tcell_dysfunction	IDO1	PDCD1	coexpression_network
primary_recist	melanoma_recist_supported_primary	GSE145996	EcoNiche-Opt-WordNoBioObjective	word_no_bio_objective	tcell_dysfunction|tnk_effector|PDCD1|PDCD1|coexpression_network	tcell_dysfunction	tnk_effector	PDCD1	PDCD1	coexpression_network
primary_recist	melanoma_recist_supported_primary	GSE145996	EcoNiche-Opt-WordNoBioObjective	word_no_bio_objective	tcell_dysfunction|tnk_effector|LAG3|PDCD1|coexpression_network	tcell_dysfunction	tnk_effector	LAG3	PDCD1	coexpression_network
primary_recist	melanoma_recist_supported_primary	GSE145996	EcoNiche-Opt-WordNoBioObjective	word_no_bio_objective	tcell_dysfunction|tumor_dedifferentiation|PDCD1|IGHV6-1|coexpression_network	tcell_dysfunction	tumor_dedifferentiation	PDCD1	IGHV6-1	coexpression_network
primary_recist	melanoma_recist_supported_primary	GSE145996	EcoNiche-Opt-WordNoBioObjective	word_no_bio_objective	tcell_dysfunction|tumor_dedifferentiation|LAG3|IGHD2-2|coexpression_network	tcell_dysfunction	tumor_dedifferentiation	LAG3	IGHD2-2	coexpression_network
primary_recist	melanoma_recist_supported_primary	GSE145996	EcoNiche-Opt-WordNoBioObjective	word_no_bio_objective	tnk_effector|tnk_effector|CXCL11|NKG7|coexpression_network	tnk_effector	tnk_effector	CXCL11	NKG7	coexpression_network
primary_recist	melanoma_recist_supported_primary	GSE145996	EcoNiche-Opt-WordNoBioObjective	word_no_bio_objective	tnk_effector|tnk_effector|CXCL11|PDCD1|coexpression_network	tnk_effector	tnk_effector	CXCL11	PDCD1	coexpression_network
primary_recist	melanoma_recist_supported_primary	GSE145996	EcoNiche-Opt-WordNoBioObjective	word_no_bio_objective	tnk_effector|tumor_dedifferentiation|NKG7|IGHV6-1|coexpression_network	tnk_effector	tumor_dedifferentiation	NKG7	IGHV6-1	coexpression_network
primary_recist	melanoma_recist_supported_primary	GSE145996	EcoNiche-Opt-WordNoBioObjective	word_no_bio_objective	tnk_effector|tumor_dedifferentiation|PDCD1|IGHV6-1|coexpression_network	tnk_effector	tumor_dedifferentiation	PDCD1	IGHV6-1	coexpression_network
primary_recist	melanoma_recist_supported_primary	GSE145996	EcoNiche-Opt-WordNoBioObjective	word_no_bio_objective	tumor_dedifferentiation|tumor_dedifferentiation|IGHD2-2|IGHV6-1|coexpression_network	tumor_dedifferentiation	tumor_dedifferentiation	IGHD2-2	IGHV6-1	coexpression_network
primary_recist	melanoma_recist_supported_primary	GSE145996	EcoNiche-Opt-WordNoBioObjective	word_no_bio_objective	tumor_dedifferentiation|tumor_dedifferentiation|IGHD2-2|VIM|coexpression_network	tumor_dedifferentiation	tumor_dedifferentiation	IGHD2-2	VIM	coexpression_network
primary_recist	melanoma_recist_supported_primary	PRJEB23709_PD1_PRE	EcoNiche-Opt-WordFullGraph	word_full_graph	tnk_effector|tnk_effector|GZMB|PRF1|pathway	tnk_effector	tnk_effector	GZMB	PRF1	pathway
primary_recist	melanoma_recist_supported_primary	PRJEB23709_PD1_PRE	EcoNiche-Opt-WordFullGraph	word_full_graph	antigen_presentation_mhc|antigen_presentation_mhc|B2M|HLA-DRB1|coexpression_network	antigen_presentation_mhc	antigen_presentation_mhc	B2M	HLA-DRB1	coexpression_network
primary_recist	melanoma_recist_supported_primary	PRJEB23709_PD1_PRE	EcoNiche-Opt-WordFullGraph	word_full_graph	antigen_presentation_mhc|antigen_presentation_mhc|CTD-2201I18.1,SERINC5|HLA-DRB1|coexpression_network	antigen_presentation_mhc	antigen_presentation_mhc	CTD-2201I18.1,SERINC5	HLA-DRB1	coexpression_network
primary_recist	melanoma_recist_supported_primary	PRJEB23709_PD1_PRE	EcoNiche-Opt-WordFullGraph	word_full_graph	antigen_presentation_mhc|caf_ecm_exclusion|CTD-2201I18.1,SERINC5|MIR4763,MIRLET7A3,MIRLET7B,MIRLET7BHG|coexpression_network	antigen_presentation_mhc	caf_ecm_exclusion	CTD-2201I18.1,SERINC5	MIR4763,MIRLET7A3,MIRLET7B,MIRLET7BHG	coexpression_network
primary_recist	melanoma_recist_supported_primary	PRJEB23709_PD1_PRE	EcoNiche-Opt-WordFullGraph	word_full_graph	antigen_presentation_mhc|caf_ecm_exclusion|MIR4469,RNF170|MIR4763,MIRLET7A3,MIRLET7B,MIRLET7BHG|coexpression_network	antigen_presentation_mhc	caf_ecm_exclusion	MIR4469,RNF170	MIR4763,MIRLET7A3,MIRLET7B,MIRLET7BHG	coexpression_network
primary_recist	melanoma_recist_supported_primary	PRJEB23709_PD1_PRE	EcoNiche-Opt-WordFullGraph	word_full_graph	antigen_presentation_mhc|myeloid_suppression|MIR4469,RNF170|MIR4469,RNF170|coexpression_network	antigen_presentation_mhc	myeloid_suppression	MIR4469,RNF170	MIR4469,RNF170	coexpression_network
primary_recist	melanoma_recist_supported_primary	PRJEB23709_PD1_PRE	EcoNiche-Opt-WordFullGraph	word_full_graph	antigen_presentation_mhc|myeloid_suppression|CTD-2201I18.1,SERINC5|MIR4763,MIRLET7A3,MIRLET7B,MIRLET7BHG|coexpression_network	antigen_presentation_mhc	myeloid_suppression	CTD-2201I18.1,SERINC5	MIR4763,MIRLET7A3,MIRLET7B,MIRLET7BHG	coexpression_network
primary_recist	melanoma_recist_supported_primary	PRJEB23709_PD1_PRE	EcoNiche-Opt-WordFullGraph	word_full_graph	antigen_presentation_mhc|tcell_dysfunction|CTD-2201I18.1,SERINC5|LAG3|coexpression_network	antigen_presentation_mhc	tcell_dysfunction	CTD-2201I18.1,SERINC5	LAG3	coexpression_network
primary_recist	melanoma_recist_supported_primary	PRJEB23709_PD1_PRE	EcoNiche-Opt-WordFullGraph	word_full_graph	antigen_presentation_mhc|tcell_dysfunction|HLA-DRB1|CXCL13|coexpression_network	antigen_presentation_mhc	tcell_dysfunction	HLA-DRB1	CXCL13	coexpression_network
primary_recist	melanoma_recist_supported_primary	PRJEB23709_PD1_PRE	EcoNiche-Opt-WordFullGraph	word_full_graph	antigen_presentation_mhc|tnk_effector|HLA-DRB1|IFNG|coexpression_network	antigen_presentation_mhc	tnk_effector	HLA-DRB1	IFNG	coexpression_network
primary_recist	melanoma_recist_supported_primary	PRJEB23709_PD1_PRE	EcoNiche-Opt-WordFullGraph	word_full_graph	antigen_presentation_mhc|tnk_effector|B2M|GZMB|coexpression_network	antigen_presentation_mhc	tnk_effector	B2M	GZMB	coexpression_network
primary_recist	melanoma_recist_supported_primary	PRJEB23709_PD1_PRE	EcoNiche-Opt-WordFullGraph	word_full_graph	antigen_presentation_mhc|tumor_dedifferentiation|CTD-2201I18.1,SERINC5|MIR143,MIR143HG|coexpression_network	antigen_presentation_mhc	tumor_dedifferentiation	CTD-2201I18.1,SERINC5	MIR143,MIR143HG	coexpression_network
primary_recist	melanoma_recist_supported_primary	PRJEB23709_PD1_PRE	EcoNiche-Opt-WordFullGraph	word_full_graph	antigen_presentation_mhc|tumor_dedifferentiation|TAP2|ATP5E,SLMO2,SLMO2-ATP5E|coexpression_network	antigen_presentation_mhc	tumor_dedifferentiation	TAP2	ATP5E,SLMO2,SLMO2-ATP5E	coexpression_network
primary_recist	melanoma_recist_supported_primary	PRJEB23709_PD1_PRE	EcoNiche-Opt-WordFullGraph	word_full_graph	caf_ecm_exclusion|caf_ecm_exclusion|MIR4763,MIRLET7A3,MIRLET7B,MIRLET7BHG|RILP,SCARF1|coexpression_network	caf_ecm_exclusion	caf_ecm_exclusion	MIR4763,MIRLET7A3,MIRLET7B,MIRLET7BHG	RILP,SCARF1	coexpression_network
primary_recist	melanoma_recist_supported_primary	PRJEB23709_PD1_PRE	EcoNiche-Opt-WordFullGraph	word_full_graph	caf_ecm_exclusion|caf_ecm_exclusion|CXCL12|FAP|coexpression_network	caf_ecm_exclusion	caf_ecm_exclusion	CXCL12	FAP	coexpression_network
primary_recist	melanoma_recist_supported_primary	PRJEB23709_PD1_PRE	EcoNiche-Opt-WordFullGraph	word_full_graph	caf_ecm_exclusion|myeloid_suppression|TGFB1|TGFB1|coexpression_network	caf_ecm_exclusion	myeloid_suppression	TGFB1	TGFB1	coexpression_network
primary_recist	melanoma_recist_supported_primary	PRJEB23709_PD1_PRE	EcoNiche-Opt-WordFullGraph	word_full_graph	caf_ecm_exclusion|myeloid_suppression|MIR4763,MIRLET7A3,MIRLET7B,MIRLET7BHG|MIR4763,MIRLET7A3,MIRLET7B,MIRLET7BHG|coexpression_network	caf_ecm_exclusion	myeloid_suppression	MIR4763,MIRLET7A3,MIRLET7B,MIRLET7BHG	MIR4763,MIRLET7A3,MIRLET7B,MIRLET7BHG	coexpression_network
primary_recist	melanoma_recist_supported_primary	PRJEB23709_PD1_PRE	EcoNiche-Opt-WordFullGraph	word_full_graph	caf_ecm_exclusion|tcell_dysfunction|RILP,SCARF1|RPS8,SNORD55|coexpression_network	caf_ecm_exclusion	tcell_dysfunction	RILP,SCARF1	RPS8,SNORD55	coexpression_network
primary_recist	melanoma_recist_supported_primary	PRJEB23709_PD1_PRE	EcoNiche-Opt-WordFullGraph	word_full_graph	caf_ecm_exclusion|tcell_dysfunction|MIR4763,MIRLET7A3,MIRLET7B,MIRLET7BHG|TOX|coexpression_network	caf_ecm_exclusion	tcell_dysfunction	MIR4763,MIRLET7A3,MIRLET7B,MIRLET7BHG	TOX	coexpression_network
primary_recist	melanoma_recist_supported_primary	PRJEB23709_PD1_PRE	EcoNiche-Opt-WordFullGraph	word_full_graph	caf_ecm_exclusion|tnk_effector|FAP|ZNF595,ZNF718|coexpression_network	caf_ecm_exclusion	tnk_effector	FAP	ZNF595,ZNF718	coexpression_network
primary_recist	melanoma_recist_supported_primary	PRJEB23709_PD1_PRE	EcoNiche-Opt-WordFullGraph	word_full_graph	caf_ecm_exclusion|tnk_effector|RILP,SCARF1|ZNF595,ZNF718|coexpression_network	caf_ecm_exclusion	tnk_effector	RILP,SCARF1	ZNF595,ZNF718	coexpression_network
primary_recist	melanoma_recist_supported_primary	PRJEB23709_PD1_PRE	EcoNiche-Opt-WordFullGraph	word_full_graph	caf_ecm_exclusion|tumor_dedifferentiation|VIM|VIM|coexpression_network	caf_ecm_exclusion	tumor_dedifferentiation	VIM	VIM	coexpression_network
primary_recist	melanoma_recist_supported_primary	PRJEB23709_PD1_PRE	EcoNiche-Opt-WordFullGraph	word_full_graph	caf_ecm_exclusion|tumor_dedifferentiation|MIR4763,MIRLET7A3,MIRLET7B,MIRLET7BHG|MIR143,MIR143HG|coexpression_network	caf_ecm_exclusion	tumor_dedifferentiation	MIR4763,MIRLET7A3,MIRLET7B,MIRLET7BHG	MIR143,MIR143HG	coexpression_network
primary_recist	melanoma_recist_supported_primary	PRJEB23709_PD1_PRE	EcoNiche-Opt-WordFullGraph	word_full_graph	myeloid_suppression|myeloid_suppression|MIR4469,RNF170|MIR4763,MIRLET7A3,MIRLET7B,MIRLET7BHG|coexpression_network	myeloid_suppression	myeloid_suppression	MIR4469,RNF170	MIR4763,MIRLET7A3,MIRLET7B,MIRLET7BHG	coexpression_network
primary_recist	melanoma_recist_supported_primary	PRJEB23709_PD1_PRE	EcoNiche-Opt-WordFullGraph	word_full_graph	myeloid_suppression|myeloid_suppression|CSF1R|IL10|coexpression_network	myeloid_suppression	myeloid_suppression	CSF1R	IL10	coexpression_network
primary_recist	melanoma_recist_supported_primary	PRJEB23709_PD1_PRE	EcoNiche-Opt-WordFullGraph	word_full_graph	myeloid_suppression|tcell_dysfunction|RPS8,SNORD55|RPS8,SNORD55|coexpression_network	myeloid_suppression	tcell_dysfunction	RPS8,SNORD55	RPS8,SNORD55	coexpression_network
primary_recist	melanoma_recist_supported_primary	PRJEB23709_PD1_PRE	EcoNiche-Opt-WordFullGraph	word_full_graph	myeloid_suppression|tcell_dysfunction|CSF1R|TOX|coexpression_network	myeloid_suppression	tcell_dysfunction	CSF1R	TOX	coexpression_network
primary_recist	melanoma_recist_supported_primary	PRJEB23709_PD1_PRE	EcoNiche-Opt-WordFullGraph	word_full_graph	myeloid_suppression|tnk_effector|RPS8,SNORD55|ZNF595,ZNF718|coexpression_network	myeloid_suppression	tnk_effector	RPS8,SNORD55	ZNF595,ZNF718	coexpression_network
primary_recist	melanoma_recist_supported_primary	PRJEB23709_PD1_PRE	EcoNiche-Opt-WordFullGraph	word_full_graph	myeloid_suppression|tnk_effector|IL10|GZMB|coexpression_network	myeloid_suppression	tnk_effector	IL10	GZMB	coexpression_network
primary_recist	melanoma_recist_supported_primary	PRJEB23709_PD1_PRE	EcoNiche-Opt-WordFullGraph	word_full_graph	myeloid_suppression|tumor_dedifferentiation|S100A8|ATP5E,SLMO2,SLMO2-ATP5E|coexpression_network	myeloid_suppression	tumor_dedifferentiation	S100A8	ATP5E,SLMO2,SLMO2-ATP5E	coexpression_network
primary_recist	melanoma_recist_supported_primary	PRJEB23709_PD1_PRE	EcoNiche-Opt-WordFullGraph	word_full_graph	myeloid_suppression|tumor_dedifferentiation|MIR4763,MIRLET7A3,MIRLET7B,MIRLET7BHG|MIR143,MIR143HG|coexpression_network	myeloid_suppression	tumor_dedifferentiation	MIR4763,MIRLET7A3,MIRLET7B,MIRLET7BHG	MIR143,MIR143HG	coexpression_network
primary_recist	melanoma_recist_supported_primary	PRJEB23709_PD1_PRE	EcoNiche-Opt-WordFullGraph	word_full_graph	tcell_dysfunction|tcell_dysfunction|CXCL13|TOX|coexpression_network	tcell_dysfunction	tcell_dysfunction	CXCL13	TOX	coexpression_network
primary_recist	melanoma_recist_supported_primary	PRJEB23709_PD1_PRE	EcoNiche-Opt-WordFullGraph	word_full_graph	tcell_dysfunction|tcell_dysfunction|CXCL13|LAG3|coexpression_network	tcell_dysfunction	tcell_dysfunction	CXCL13	LAG3	coexpression_network
primary_recist	melanoma_recist_supported_primary	PRJEB23709_PD1_PRE	EcoNiche-Opt-WordFullGraph	word_full_graph	tcell_dysfunction|tnk_effector|LAG3|PRF1|coexpression_network	tcell_dysfunction	tnk_effector	LAG3	PRF1	coexpression_network
primary_recist	melanoma_recist_supported_primary	PRJEB23709_PD1_PRE	EcoNiche-Opt-WordFullGraph	word_full_graph	tcell_dysfunction|tnk_effector|CXCL13|GZMB|coexpression_network	tcell_dysfunction	tnk_effector	CXCL13	GZMB	coexpression_network
primary_recist	melanoma_recist_supported_primary	PRJEB23709_PD1_PRE	EcoNiche-Opt-WordFullGraph	word_full_graph	tcell_dysfunction|tumor_dedifferentiation|RPS8,SNORD55|ATP5E,SLMO2,SLMO2-ATP5E|coexpression_network	tcell_dysfunction	tumor_dedifferentiation	RPS8,SNORD55	ATP5E,SLMO2,SLMO2-ATP5E	coexpression_network
primary_recist	melanoma_recist_supported_primary	PRJEB23709_PD1_PRE	EcoNiche-Opt-WordFullGraph	word_full_graph	tcell_dysfunction|tumor_dedifferentiation|RPS8,SNORD55|MIR143,MIR143HG|coexpression_network	tcell_dysfunction	tumor_dedifferentiation	RPS8,SNORD55	MIR143,MIR143HG	coexpression_network
primary_recist	melanoma_recist_supported_primary	PRJEB23709_PD1_PRE	EcoNiche-Opt-WordFullGraph	word_full_graph	tnk_effector|tnk_effector|GZMB|PRF1|coexpression_network	tnk_effector	tnk_effector	GZMB	PRF1	coexpression_network
primary_recist	melanoma_recist_supported_primary	PRJEB23709_PD1_PRE	EcoNiche-Opt-WordFullGraph	word_full_graph	tnk_effector|tnk_effector|IFNG|PRF1|coexpression_network	tnk_effector	tnk_effector	IFNG	PRF1	coexpression_network
primary_recist	melanoma_recist_supported_primary	PRJEB23709_PD1_PRE	EcoNiche-Opt-WordFullGraph	word_full_graph	tnk_effector|tumor_dedifferentiation|ZNF595,ZNF718|MIR143,MIR143HG|coexpression_network	tnk_effector	tumor_dedifferentiation	ZNF595,ZNF718	MIR143,MIR143HG	coexpression_network
primary_recist	melanoma_recist_supported_primary	PRJEB23709_PD1_PRE	EcoNiche-Opt-WordFullGraph	word_full_graph	tnk_effector|tumor_dedifferentiation|ZNF595,ZNF718|ATP5E,SLMO2,SLMO2-ATP5E|coexpression_network	tnk_effector	tumor_dedifferentiation	ZNF595,ZNF718	ATP5E,SLMO2,SLMO2-ATP5E	coexpression_network
primary_recist	melanoma_recist_supported_primary	PRJEB23709_PD1_PRE	EcoNiche-Opt-WordFullGraph	word_full_graph	tumor_dedifferentiation|tumor_dedifferentiation|ATP5E,SLMO2,SLMO2-ATP5E|AXL|coexpression_network	tumor_dedifferentiation	tumor_dedifferentiation	ATP5E,SLMO2,SLMO2-ATP5E	AXL	coexpression_network
primary_recist	melanoma_recist_supported_primary	PRJEB23709_PD1_PRE	EcoNiche-Opt-WordFullGraph	word_full_graph	tumor_dedifferentiation|tumor_dedifferentiation|CUZD1,FAM24B,FAM24B-CUZD1|MIR143,MIR143HG|coexpression_network	tumor_dedifferentiation	tumor_dedifferentiation	CUZD1,FAM24B,FAM24B-CUZD1	MIR143,MIR143HG	coexpression_network
primary_recist	melanoma_recist_supported_primary	PRJEB23709_PD1_PRE	EcoNiche-Opt-WordUnsignedGraph	word_unsigned_graph	antigen_presentation_mhc|antigen_presentation_mhc|MIR548N,OSBPL6|ZNF595,ZNF718|coexpression_network	antigen_presentation_mhc	antigen_presentation_mhc	MIR548N,OSBPL6	ZNF595,ZNF718	coexpression_network
primary_recist	melanoma_recist_supported_primary	PRJEB23709_PD1_PRE	EcoNiche-Opt-WordUnsignedGraph	word_unsigned_graph	antigen_presentation_mhc|caf_ecm_exclusion|ZNF595,ZNF718|ZNF595,ZNF718|coexpression_network	antigen_presentation_mhc	caf_ecm_exclusion	ZNF595,ZNF718	ZNF595,ZNF718	coexpression_network
primary_recist	melanoma_recist_supported_primary	PRJEB23709_PD1_PRE	EcoNiche-Opt-WordUnsignedGraph	word_unsigned_graph	antigen_presentation_mhc|caf_ecm_exclusion|ZNF595,ZNF718|CASC14,CASC15|coexpression_network	antigen_presentation_mhc	caf_ecm_exclusion	ZNF595,ZNF718	CASC14,CASC15	coexpression_network
primary_recist	melanoma_recist_supported_primary	PRJEB23709_PD1_PRE	EcoNiche-Opt-WordUnsignedGraph	word_unsigned_graph	antigen_presentation_mhc|myeloid_suppression|PSMB9|TGFB1|coexpression_network	antigen_presentation_mhc	myeloid_suppression	PSMB9	TGFB1	coexpression_network
primary_recist	melanoma_recist_supported_primary	PRJEB23709_PD1_PRE	EcoNiche-Opt-WordUnsignedGraph	word_unsigned_graph	antigen_presentation_mhc|tcell_dysfunction|ZNF595,ZNF718|RPS8,SNORD55|coexpression_network	antigen_presentation_mhc	tcell_dysfunction	ZNF595,ZNF718	RPS8,SNORD55	coexpression_network
primary_recist	melanoma_recist_supported_primary	PRJEB23709_PD1_PRE	EcoNiche-Opt-WordUnsignedGraph	word_unsigned_graph	antigen_presentation_mhc|tcell_dysfunction|MIR548N,OSBPL6|RPS8,SNORD55|coexpression_network	antigen_presentation_mhc	tcell_dysfunction	MIR548N,OSBPL6	RPS8,SNORD55	coexpression_network
primary_recist	melanoma_recist_supported_primary	PRJEB23709_PD1_PRE	EcoNiche-Opt-WordUnsignedGraph	word_unsigned_graph	antigen_presentation_mhc|tnk_effector|MIR548N,OSBPL6|MIR548N,OSBPL6|coexpression_network	antigen_presentation_mhc	tnk_effector	MIR548N,OSBPL6	MIR548N,OSBPL6	coexpression_network
primary_recist	melanoma_recist_supported_primary	PRJEB23709_PD1_PRE	EcoNiche-Opt-WordUnsignedGraph	word_unsigned_graph	antigen_presentation_mhc|tnk_effector|ZNF595,ZNF718|CASC14,CASC15|coexpression_network	antigen_presentation_mhc	tnk_effector	ZNF595,ZNF718	CASC14,CASC15	coexpression_network
primary_recist	melanoma_recist_supported_primary	PRJEB23709_PD1_PRE	EcoNiche-Opt-WordUnsignedGraph	word_unsigned_graph	antigen_presentation_mhc|tumor_dedifferentiation|MIR548N,OSBPL6|LOC100288974,MBL1P|coexpression_network	antigen_presentation_mhc	tumor_dedifferentiation	MIR548N,OSBPL6	LOC100288974,MBL1P	coexpression_network
primary_recist	melanoma_recist_supported_primary	PRJEB23709_PD1_PRE	EcoNiche-Opt-WordUnsignedGraph	word_unsigned_graph	antigen_presentation_mhc|tumor_dedifferentiation|MIR548N,OSBPL6|INTS3,SLC27A3|coexpression_network	antigen_presentation_mhc	tumor_dedifferentiation	MIR548N,OSBPL6	INTS3,SLC27A3	coexpression_network
primary_recist	melanoma_recist_supported_primary	PRJEB23709_PD1_PRE	EcoNiche-Opt-WordUnsignedGraph	word_unsigned_graph	caf_ecm_exclusion|caf_ecm_exclusion|CASC14,CASC15|ZNF595,ZNF718|coexpression_network	caf_ecm_exclusion	caf_ecm_exclusion	CASC14,CASC15	ZNF595,ZNF718	coexpression_network
primary_recist	melanoma_recist_supported_primary	PRJEB23709_PD1_PRE	EcoNiche-Opt-WordUnsignedGraph	word_unsigned_graph	caf_ecm_exclusion|caf_ecm_exclusion|CASC14,CASC15|VIM|coexpression_network	caf_ecm_exclusion	caf_ecm_exclusion	CASC14,CASC15	VIM	coexpression_network
primary_recist	melanoma_recist_supported_primary	PRJEB23709_PD1_PRE	EcoNiche-Opt-WordUnsignedGraph	word_unsigned_graph	caf_ecm_exclusion|myeloid_suppression|CASC14,CASC15|MIR4469,RNF170|coexpression_network	caf_ecm_exclusion	myeloid_suppression	CASC14,CASC15	MIR4469,RNF170	coexpression_network
primary_recist	melanoma_recist_supported_primary	PRJEB23709_PD1_PRE	EcoNiche-Opt-WordUnsignedGraph	word_unsigned_graph	caf_ecm_exclusion|myeloid_suppression|APOC1,APOC1P1|TGFB1|coexpression_network	caf_ecm_exclusion	myeloid_suppression	APOC1,APOC1P1	TGFB1	coexpression_network
primary_recist	melanoma_recist_supported_primary	PRJEB23709_PD1_PRE	EcoNiche-Opt-WordUnsignedGraph	word_unsigned_graph	caf_ecm_exclusion|tcell_dysfunction|ZNF595,ZNF718|RPS8,SNORD55|coexpression_network	caf_ecm_exclusion	tcell_dysfunction	ZNF595,ZNF718	RPS8,SNORD55	coexpression_network
primary_recist	melanoma_recist_supported_primary	PRJEB23709_PD1_PRE	EcoNiche-Opt-WordUnsignedGraph	word_unsigned_graph	caf_ecm_exclusion|tcell_dysfunction|CASC14,CASC15|RPS8,SNORD55|coexpression_network	caf_ecm_exclusion	tcell_dysfunction	CASC14,CASC15	RPS8,SNORD55	coexpression_network
primary_recist	melanoma_recist_supported_primary	PRJEB23709_PD1_PRE	EcoNiche-Opt-WordUnsignedGraph	word_unsigned_graph	caf_ecm_exclusion|tnk_effector|HPN,SCN1B|HPN,SCN1B|coexpression_network	caf_ecm_exclusion	tnk_effector	HPN,SCN1B	HPN,SCN1B	coexpression_network
primary_recist	melanoma_recist_supported_primary	PRJEB23709_PD1_PRE	EcoNiche-Opt-WordUnsignedGraph	word_unsigned_graph	caf_ecm_exclusion|tnk_effector|CASC14,CASC15|CASC14,CASC15|coexpression_network	caf_ecm_exclusion	tnk_effector	CASC14,CASC15	CASC14,CASC15	coexpression_network
primary_recist	melanoma_recist_supported_primary	PRJEB23709_PD1_PRE	EcoNiche-Opt-WordUnsignedGraph	word_unsigned_graph	caf_ecm_exclusion|tumor_dedifferentiation|HPN,SCN1B|HPN,SCN1B|coexpression_network	caf_ecm_exclusion	tumor_dedifferentiation	HPN,SCN1B	HPN,SCN1B	coexpression_network
primary_recist	melanoma_recist_supported_primary	PRJEB23709_PD1_PRE	EcoNiche-Opt-WordUnsignedGraph	word_unsigned_graph	caf_ecm_exclusion|tumor_dedifferentiation|CASC14,CASC15|CTD-2201I18.1,SERINC5|coexpression_network	caf_ecm_exclusion	tumor_dedifferentiation	CASC14,CASC15	CTD-2201I18.1,SERINC5	coexpression_network
primary_recist	melanoma_recist_supported_primary	PRJEB23709_PD1_PRE	EcoNiche-Opt-WordUnsignedGraph	word_unsigned_graph	myeloid_suppression|myeloid_suppression|MIR4469,RNF170|MRC1|coexpression_network	myeloid_suppression	myeloid_suppression	MIR4469,RNF170	MRC1	coexpression_network
primary_recist	melanoma_recist_supported_primary	PRJEB23709_PD1_PRE	EcoNiche-Opt-WordUnsignedGraph	word_unsigned_graph	myeloid_suppression|myeloid_suppression|MRC1|TGFB1|coexpression_network	myeloid_suppression	myeloid_suppression	MRC1	TGFB1	coexpression_network
primary_recist	melanoma_recist_supported_primary	PRJEB23709_PD1_PRE	EcoNiche-Opt-WordUnsignedGraph	word_unsigned_graph	myeloid_suppression|tcell_dysfunction|TGFB1|PDCD1|coexpression_network	myeloid_suppression	tcell_dysfunction	TGFB1	PDCD1	coexpression_network
primary_recist	melanoma_recist_supported_primary	PRJEB23709_PD1_PRE	EcoNiche-Opt-WordUnsignedGraph	word_unsigned_graph	myeloid_suppression|tnk_effector|TGFB1|CD8A|coexpression_network	myeloid_suppression	tnk_effector	TGFB1	CD8A	coexpression_network
primary_recist	melanoma_recist_supported_primary	PRJEB23709_PD1_PRE	EcoNiche-Opt-WordUnsignedGraph	word_unsigned_graph	myeloid_suppression|tnk_effector|MIR4469,RNF170|CASC14,CASC15|coexpression_network	myeloid_suppression	tnk_effector	MIR4469,RNF170	CASC14,CASC15	coexpression_network
primary_recist	melanoma_recist_supported_primary	PRJEB23709_PD1_PRE	EcoNiche-Opt-WordUnsignedGraph	word_unsigned_graph	myeloid_suppression|tumor_dedifferentiation|MIR4469,RNF170|LOC100288974,MBL1P|coexpression_network	myeloid_suppression	tumor_dedifferentiation	MIR4469,RNF170	LOC100288974,MBL1P	coexpression_network
primary_recist	melanoma_recist_supported_primary	PRJEB23709_PD1_PRE	EcoNiche-Opt-WordUnsignedGraph	word_unsigned_graph	myeloid_suppression|tumor_dedifferentiation|MIR4469,RNF170|INTS3,SLC27A3|coexpression_network	myeloid_suppression	tumor_dedifferentiation	MIR4469,RNF170	INTS3,SLC27A3	coexpression_network
primary_recist	melanoma_recist_supported_primary	PRJEB23709_PD1_PRE	EcoNiche-Opt-WordUnsignedGraph	word_unsigned_graph	tcell_dysfunction|tcell_dysfunction|ATP5E,SLMO2,SLMO2-ATP5E|RPS8,SNORD55|coexpression_network	tcell_dysfunction	tcell_dysfunction	ATP5E,SLMO2,SLMO2-ATP5E	RPS8,SNORD55	coexpression_network
primary_recist	melanoma_recist_supported_primary	PRJEB23709_PD1_PRE	EcoNiche-Opt-WordUnsignedGraph	word_unsigned_graph	tcell_dysfunction|tnk_effector|PDCD1|CD8A|coexpression_network	tcell_dysfunction	tnk_effector	PDCD1	CD8A	coexpression_network
primary_recist	melanoma_recist_supported_primary	PRJEB23709_PD1_PRE	EcoNiche-Opt-WordUnsignedGraph	word_unsigned_graph	tcell_dysfunction|tnk_effector|RPS8,SNORD55|MIR548N,OSBPL6|coexpression_network	tcell_dysfunction	tnk_effector	RPS8,SNORD55	MIR548N,OSBPL6	coexpression_network
primary_recist	melanoma_recist_supported_primary	PRJEB23709_PD1_PRE	EcoNiche-Opt-WordUnsignedGraph	word_unsigned_graph	tcell_dysfunction|tumor_dedifferentiation|ATP5E,SLMO2,SLMO2-ATP5E|LOC100288974,MBL1P|coexpression_network	tcell_dysfunction	tumor_dedifferentiation	ATP5E,SLMO2,SLMO2-ATP5E	LOC100288974,MBL1P	coexpression_network
primary_recist	melanoma_recist_supported_primary	PRJEB23709_PD1_PRE	EcoNiche-Opt-WordUnsignedGraph	word_unsigned_graph	tcell_dysfunction|tumor_dedifferentiation|RPS8,SNORD55|INTS3,SLC27A3|coexpression_network	tcell_dysfunction	tumor_dedifferentiation	RPS8,SNORD55	INTS3,SLC27A3	coexpression_network
primary_recist	melanoma_recist_supported_primary	PRJEB23709_PD1_PRE	EcoNiche-Opt-WordUnsignedGraph	word_unsigned_graph	tnk_effector|tnk_effector|CASC14,CASC15|CD8A|coexpression_network	tnk_effector	tnk_effector	CASC14,CASC15	CD8A	coexpression_network
primary_recist	melanoma_recist_supported_primary	PRJEB23709_PD1_PRE	EcoNiche-Opt-WordUnsignedGraph	word_unsigned_graph	tnk_effector|tnk_effector|CASC14,CASC15|MIR548N,OSBPL6|coexpression_network	tnk_effector	tnk_effector	CASC14,CASC15	MIR548N,OSBPL6	coexpression_network
primary_recist	melanoma_recist_supported_primary	PRJEB23709_PD1_PRE	EcoNiche-Opt-WordUnsignedGraph	word_unsigned_graph	tnk_effector|tumor_dedifferentiation|HPN,SCN1B|HPN,SCN1B|coexpression_network	tnk_effector	tumor_dedifferentiation	HPN,SCN1B	HPN,SCN1B	coexpression_network
primary_recist	melanoma_recist_supported_primary	PRJEB23709_PD1_PRE	EcoNiche-Opt-WordUnsignedGraph	word_unsigned_graph	tnk_effector|tumor_dedifferentiation|CASC14,CASC15|CTD-2201I18.1,SERINC5|coexpression_network	tnk_effector	tumor_dedifferentiation	CASC14,CASC15	CTD-2201I18.1,SERINC5	coexpression_network
primary_recist	melanoma_recist_supported_primary	PRJEB23709_PD1_PRE	EcoNiche-Opt-WordUnsignedGraph	word_unsigned_graph	tumor_dedifferentiation|tumor_dedifferentiation|INTS3,SLC27A3|LOC100288974,MBL1P|coexpression_network	tumor_dedifferentiation	tumor_dedifferentiation	INTS3,SLC27A3	LOC100288974,MBL1P	coexpression_network
primary_recist	melanoma_recist_supported_primary	PRJEB23709_PD1_PRE	EcoNiche-Opt-WordUnsignedGraph	word_unsigned_graph	tumor_dedifferentiation|tumor_dedifferentiation|CTD-2201I18.1,SERINC5|HPN,SCN1B|coexpression_network	tumor_dedifferentiation	tumor_dedifferentiation	CTD-2201I18.1,SERINC5	HPN,SCN1B	coexpression_network
primary_recist	melanoma_recist_supported_primary	PRJEB23709_PD1_PRE	EcoNiche-Opt-WordNoBioObjective	word_no_bio_objective	antigen_presentation_mhc|antigen_presentation_mhc|PSMB9|TAP1|coexpression_network	antigen_presentation_mhc	antigen_presentation_mhc	PSMB9	TAP1	coexpression_network
primary_recist	melanoma_recist_supported_primary	PRJEB23709_PD1_PRE	EcoNiche-Opt-WordNoBioObjective	word_no_bio_objective	antigen_presentation_mhc|antigen_presentation_mhc|RPS8,SNORD55|ZNF595,ZNF718|coexpression_network	antigen_presentation_mhc	antigen_presentation_mhc	RPS8,SNORD55	ZNF595,ZNF718	coexpression_network
primary_recist	melanoma_recist_supported_primary	PRJEB23709_PD1_PRE	EcoNiche-Opt-WordNoBioObjective	word_no_bio_objective	antigen_presentation_mhc|caf_ecm_exclusion|RPS8,SNORD55|MIR548N,OSBPL6|coexpression_network	antigen_presentation_mhc	caf_ecm_exclusion	RPS8,SNORD55	MIR548N,OSBPL6	coexpression_network
primary_recist	melanoma_recist_supported_primary	PRJEB23709_PD1_PRE	EcoNiche-Opt-WordNoBioObjective	word_no_bio_objective	antigen_presentation_mhc|caf_ecm_exclusion|ZNF595,ZNF718|MIR548N,OSBPL6|coexpression_network	antigen_presentation_mhc	caf_ecm_exclusion	ZNF595,ZNF718	MIR548N,OSBPL6	coexpression_network
primary_recist	melanoma_recist_supported_primary	PRJEB23709_PD1_PRE	EcoNiche-Opt-WordNoBioObjective	word_no_bio_objective	antigen_presentation_mhc|myeloid_suppression|HLA-DRB1|CSF1R|coexpression_network	antigen_presentation_mhc	myeloid_suppression	HLA-DRB1	CSF1R	coexpression_network
primary_recist	melanoma_recist_supported_primary	PRJEB23709_PD1_PRE	EcoNiche-Opt-WordNoBioObjective	word_no_bio_objective	antigen_presentation_mhc|myeloid_suppression|RILP,SCARF1|S100A8|coexpression_network	antigen_presentation_mhc	myeloid_suppression	RILP,SCARF1	S100A8	coexpression_network
primary_recist	melanoma_recist_supported_primary	PRJEB23709_PD1_PRE	EcoNiche-Opt-WordNoBioObjective	word_no_bio_objective	antigen_presentation_mhc|tcell_dysfunction|TAP1|PDCD1|coexpression_network	antigen_presentation_mhc	tcell_dysfunction	TAP1	PDCD1	coexpression_network
primary_recist	melanoma_recist_supported_primary	PRJEB23709_PD1_PRE	EcoNiche-Opt-WordNoBioObjective	word_no_bio_objective	antigen_presentation_mhc|tcell_dysfunction|TAP1|TIGIT|coexpression_network	antigen_presentation_mhc	tcell_dysfunction	TAP1	TIGIT	coexpression_network
primary_recist	melanoma_recist_supported_primary	PRJEB23709_PD1_PRE	EcoNiche-Opt-WordNoBioObjective	word_no_bio_objective	antigen_presentation_mhc|tnk_effector|TAP1|CD8A|coexpression_network	antigen_presentation_mhc	tnk_effector	TAP1	CD8A	coexpression_network
primary_recist	melanoma_recist_supported_primary	PRJEB23709_PD1_PRE	EcoNiche-Opt-WordNoBioObjective	word_no_bio_objective	antigen_presentation_mhc|tnk_effector|TAP1|PRF1|coexpression_network	antigen_presentation_mhc	tnk_effector	TAP1	PRF1	coexpression_network
primary_recist	melanoma_recist_supported_primary	PRJEB23709_PD1_PRE	EcoNiche-Opt-WordNoBioObjective	word_no_bio_objective	antigen_presentation_mhc|tumor_dedifferentiation|RILP,SCARF1|MIR4763,MIRLET7A3,MIRLET7B,MIRLET7BHG|coexpression_network	antigen_presentation_mhc	tumor_dedifferentiation	RILP,SCARF1	MIR4763,MIRLET7A3,MIRLET7B,MIRLET7BHG	coexpression_network
primary_recist	melanoma_recist_supported_primary	PRJEB23709_PD1_PRE	EcoNiche-Opt-WordNoBioObjective	word_no_bio_objective	antigen_presentation_mhc|tumor_dedifferentiation|RILP,SCARF1|HPN,SCN1B|coexpression_network	antigen_presentation_mhc	tumor_dedifferentiation	RILP,SCARF1	HPN,SCN1B	coexpression_network
primary_recist	melanoma_recist_supported_primary	PRJEB23709_PD1_PRE	EcoNiche-Opt-WordNoBioObjective	word_no_bio_objective	caf_ecm_exclusion|caf_ecm_exclusion|MIR548N,OSBPL6|TGFBI|coexpression_network	caf_ecm_exclusion	caf_ecm_exclusion	MIR548N,OSBPL6	TGFBI	coexpression_network
primary_recist	melanoma_recist_supported_primary	PRJEB23709_PD1_PRE	EcoNiche-Opt-WordNoBioObjective	word_no_bio_objective	caf_ecm_exclusion|myeloid_suppression|TGFBI|CSF1R|coexpression_network	caf_ecm_exclusion	myeloid_suppression	TGFBI	CSF1R	coexpression_network
primary_recist	melanoma_recist_supported_primary	PRJEB23709_PD1_PRE	EcoNiche-Opt-WordNoBioObjective	word_no_bio_objective	caf_ecm_exclusion|myeloid_suppression|MIR548N,OSBPL6|S100A8|coexpression_network	caf_ecm_exclusion	myeloid_suppression	MIR548N,OSBPL6	S100A8	coexpression_network
primary_recist	melanoma_recist_supported_primary	PRJEB23709_PD1_PRE	EcoNiche-Opt-WordNoBioObjective	word_no_bio_objective	caf_ecm_exclusion|tcell_dysfunction|TGFBI|HAVCR2|coexpression_network	caf_ecm_exclusion	tcell_dysfunction	TGFBI	HAVCR2	coexpression_network
primary_recist	melanoma_recist_supported_primary	PRJEB23709_PD1_PRE	EcoNiche-Opt-WordNoBioObjective	word_no_bio_objective	caf_ecm_exclusion|tnk_effector|MIR548N,OSBPL6|SLC13A3,TP53RK|coexpression_network	caf_ecm_exclusion	tnk_effector	MIR548N,OSBPL6	SLC13A3,TP53RK	coexpression_network
primary_recist	melanoma_recist_supported_primary	PRJEB23709_PD1_PRE	EcoNiche-Opt-WordNoBioObjective	word_no_bio_objective	caf_ecm_exclusion|tnk_effector|MIR548N,OSBPL6|ATP5E,SLMO2,SLMO2-ATP5E|coexpression_network	caf_ecm_exclusion	tnk_effector	MIR548N,OSBPL6	ATP5E,SLMO2,SLMO2-ATP5E	coexpression_network
primary_recist	melanoma_recist_supported_primary	PRJEB23709_PD1_PRE	EcoNiche-Opt-WordNoBioObjective	word_no_bio_objective	caf_ecm_exclusion|tumor_dedifferentiation|MIR548N,OSBPL6|INTS3,SLC27A3|coexpression_network	caf_ecm_exclusion	tumor_dedifferentiation	MIR548N,OSBPL6	INTS3,SLC27A3	coexpression_network
primary_recist	melanoma_recist_supported_primary	PRJEB23709_PD1_PRE	EcoNiche-Opt-WordNoBioObjective	word_no_bio_objective	caf_ecm_exclusion|tumor_dedifferentiation|TGFBI|AXL|coexpression_network	caf_ecm_exclusion	tumor_dedifferentiation	TGFBI	AXL	coexpression_network
primary_recist	melanoma_recist_supported_primary	PRJEB23709_PD1_PRE	EcoNiche-Opt-WordNoBioObjective	word_no_bio_objective	myeloid_suppression|myeloid_suppression|CSF1R|S100A8|coexpression_network	myeloid_suppression	myeloid_suppression	CSF1R	S100A8	coexpression_network
primary_recist	melanoma_recist_supported_primary	PRJEB23709_PD1_PRE	EcoNiche-Opt-WordNoBioObjective	word_no_bio_objective	myeloid_suppression|myeloid_suppression|CSF1R|TGFB1|coexpression_network	myeloid_suppression	myeloid_suppression	CSF1R	TGFB1	coexpression_network
primary_recist	melanoma_recist_supported_primary	PRJEB23709_PD1_PRE	EcoNiche-Opt-WordNoBioObjective	word_no_bio_objective	myeloid_suppression|tcell_dysfunction|CSF1R|HAVCR2|coexpression_network	myeloid_suppression	tcell_dysfunction	CSF1R	HAVCR2	coexpression_network
primary_recist	melanoma_recist_supported_primary	PRJEB23709_PD1_PRE	EcoNiche-Opt-WordNoBioObjective	word_no_bio_objective	myeloid_suppression|tcell_dysfunction|CSF1R|TIGIT|coexpression_network	myeloid_suppression	tcell_dysfunction	CSF1R	TIGIT	coexpression_network
primary_recist	melanoma_recist_supported_primary	PRJEB23709_PD1_PRE	EcoNiche-Opt-WordNoBioObjective	word_no_bio_objective	myeloid_suppression|tnk_effector|S100A8|ATP5E,SLMO2,SLMO2-ATP5E|coexpression_network	myeloid_suppression	tnk_effector	S100A8	ATP5E,SLMO2,SLMO2-ATP5E	coexpression_network
primary_recist	melanoma_recist_supported_primary	PRJEB23709_PD1_PRE	EcoNiche-Opt-WordNoBioObjective	word_no_bio_objective	myeloid_suppression|tnk_effector|CSF1R|CD8A|coexpression_network	myeloid_suppression	tnk_effector	CSF1R	CD8A	coexpression_network
primary_recist	melanoma_recist_supported_primary	PRJEB23709_PD1_PRE	EcoNiche-Opt-WordNoBioObjective	word_no_bio_objective	myeloid_suppression|tumor_dedifferentiation|CSF1R|AXL|coexpression_network	myeloid_suppression	tumor_dedifferentiation	CSF1R	AXL	coexpression_network
primary_recist	melanoma_recist_supported_primary	PRJEB23709_PD1_PRE	EcoNiche-Opt-WordNoBioObjective	word_no_bio_objective	myeloid_suppression|tumor_dedifferentiation|TGFB1|AXL|coexpression_network	myeloid_suppression	tumor_dedifferentiation	TGFB1	AXL	coexpression_network
primary_recist	melanoma_recist_supported_primary	PRJEB23709_PD1_PRE	EcoNiche-Opt-WordNoBioObjective	word_no_bio_objective	tcell_dysfunction|tcell_dysfunction|PDCD1|TIGIT|coexpression_network	tcell_dysfunction	tcell_dysfunction	PDCD1	TIGIT	coexpression_network
primary_recist	melanoma_recist_supported_primary	PRJEB23709_PD1_PRE	EcoNiche-Opt-WordNoBioObjective	word_no_bio_objective	tcell_dysfunction|tcell_dysfunction|HAVCR2|TIGIT|coexpression_network	tcell_dysfunction	tcell_dysfunction	HAVCR2	TIGIT	coexpression_network
primary_recist	melanoma_recist_supported_primary	PRJEB23709_PD1_PRE	EcoNiche-Opt-WordNoBioObjective	word_no_bio_objective	tcell_dysfunction|tnk_effector|TIGIT|CD8A|coexpression_network	tcell_dysfunction	tnk_effector	TIGIT	CD8A	coexpression_network
primary_recist	melanoma_recist_supported_primary	PRJEB23709_PD1_PRE	EcoNiche-Opt-WordNoBioObjective	word_no_bio_objective	tcell_dysfunction|tnk_effector|PDCD1|PRF1|coexpression_network	tcell_dysfunction	tnk_effector	PDCD1	PRF1	coexpression_network
primary_recist	melanoma_recist_supported_primary	PRJEB23709_PD1_PRE	EcoNiche-Opt-WordNoBioObjective	word_no_bio_objective	tcell_dysfunction|tumor_dedifferentiation|TIGIT|CTD-2201I18.1,SERINC5|coexpression_network	tcell_dysfunction	tumor_dedifferentiation	TIGIT	CTD-2201I18.1,SERINC5	coexpression_network
primary_recist	melanoma_recist_supported_primary	PRJEB23709_PD1_PRE	EcoNiche-Opt-WordNoBioObjective	word_no_bio_objective	tcell_dysfunction|tumor_dedifferentiation|TIGIT|MIR4763,MIRLET7A3,MIRLET7B,MIRLET7BHG|coexpression_network	tcell_dysfunction	tumor_dedifferentiation	TIGIT	MIR4763,MIRLET7A3,MIRLET7B,MIRLET7BHG	coexpression_network
primary_recist	melanoma_recist_supported_primary	PRJEB23709_PD1_PRE	EcoNiche-Opt-WordNoBioObjective	word_no_bio_objective	tnk_effector|tnk_effector|CD8A|PRF1|coexpression_network	tnk_effector	tnk_effector	CD8A	PRF1	coexpression_network
primary_recist	melanoma_recist_supported_primary	PRJEB23709_PD1_PRE	EcoNiche-Opt-WordNoBioObjective	word_no_bio_objective	tnk_effector|tnk_effector|CD8A|IFNG|coexpression_network	tnk_effector	tnk_effector	CD8A	IFNG	coexpression_network
primary_recist	melanoma_recist_supported_primary	PRJEB23709_PD1_PRE	EcoNiche-Opt-WordNoBioObjective	word_no_bio_objective	tnk_effector|tumor_dedifferentiation|CTD-2201I18.1,SERINC5|CTD-2201I18.1,SERINC5|coexpression_network	tnk_effector	tumor_dedifferentiation	CTD-2201I18.1,SERINC5	CTD-2201I18.1,SERINC5	coexpression_network
primary_recist	melanoma_recist_supported_primary	PRJEB23709_PD1_PRE	EcoNiche-Opt-WordNoBioObjective	word_no_bio_objective	tnk_effector|tumor_dedifferentiation|CTD-2201I18.1,SERINC5|MIR4763,MIRLET7A3,MIRLET7B,MIRLET7BHG|coexpression_network	tnk_effector	tumor_dedifferentiation	CTD-2201I18.1,SERINC5	MIR4763,MIRLET7A3,MIRLET7B,MIRLET7BHG	coexpression_network
primary_recist	melanoma_recist_supported_primary	PRJEB23709_PD1_PRE	EcoNiche-Opt-WordNoBioObjective	word_no_bio_objective	tumor_dedifferentiation|tumor_dedifferentiation|CTD-2201I18.1,SERINC5|MIR4763,MIRLET7A3,MIRLET7B,MIRLET7BHG|coexpression_network	tumor_dedifferentiation	tumor_dedifferentiation	CTD-2201I18.1,SERINC5	MIR4763,MIRLET7A3,MIRLET7B,MIRLET7BHG	coexpression_network
primary_recist	melanoma_recist_supported_primary	PRJEB23709_PD1_PRE	EcoNiche-Opt-WordNoBioObjective	word_no_bio_objective	tumor_dedifferentiation|tumor_dedifferentiation|HPN,SCN1B|MIR4763,MIRLET7A3,MIRLET7B,MIRLET7BHG|coexpression_network	tumor_dedifferentiation	tumor_dedifferentiation	HPN,SCN1B	MIR4763,MIRLET7A3,MIRLET7B,MIRLET7BHG	coexpression_network
primary_recist	melanoma_core_high_evidence	GSE91061	EcoNiche-Opt-WordFullGraph	word_full_graph	antigen_presentation_mhc|tnk_effector|HLA-A|B2M|pathway	antigen_presentation_mhc	tnk_effector	HLA-A	B2M	pathway
primary_recist	melanoma_core_high_evidence	GSE91061	EcoNiche-Opt-WordFullGraph	word_full_graph	myeloid_suppression|myeloid_suppression|S100A8|S100A9|network	myeloid_suppression	myeloid_suppression	S100A8	S100A9	network
primary_recist	melanoma_core_high_evidence	GSE91061	EcoNiche-Opt-WordFullGraph	word_full_graph	tnk_effector|antigen_presentation_mhc|IFNG|HLA-A|regulatory	tnk_effector	antigen_presentation_mhc	IFNG	HLA-A	regulatory
primary_recist	melanoma_core_high_evidence	GSE91061	EcoNiche-Opt-WordFullGraph	word_full_graph	antigen_presentation_mhc|antigen_presentation_mhc|HLA-B|HLA-C|coexpression_network	antigen_presentation_mhc	antigen_presentation_mhc	HLA-B	HLA-C	coexpression_network
primary_recist	melanoma_core_high_evidence	GSE91061	EcoNiche-Opt-WordFullGraph	word_full_graph	antigen_presentation_mhc|antigen_presentation_mhc|HLA-A|HLA-C|coexpression_network	antigen_presentation_mhc	antigen_presentation_mhc	HLA-A	HLA-C	coexpression_network
primary_recist	melanoma_core_high_evidence	GSE91061	EcoNiche-Opt-WordFullGraph	word_full_graph	antigen_presentation_mhc|caf_ecm_exclusion|LOC101927356|LOC101927356|coexpression_network	antigen_presentation_mhc	caf_ecm_exclusion	LOC101927356	LOC101927356	coexpression_network
primary_recist	melanoma_core_high_evidence	GSE91061	EcoNiche-Opt-WordFullGraph	word_full_graph	antigen_presentation_mhc|caf_ecm_exclusion|IGKV4-1|IGHV6-1|coexpression_network	antigen_presentation_mhc	caf_ecm_exclusion	IGKV4-1	IGHV6-1	coexpression_network
primary_recist	melanoma_core_high_evidence	GSE91061	EcoNiche-Opt-WordFullGraph	word_full_graph	antigen_presentation_mhc|myeloid_suppression|HLA-C|MRC1|coexpression_network	antigen_presentation_mhc	myeloid_suppression	HLA-C	MRC1	coexpression_network
primary_recist	melanoma_core_high_evidence	GSE91061	EcoNiche-Opt-WordFullGraph	word_full_graph	antigen_presentation_mhc|myeloid_suppression|HLA-B|MRC1|coexpression_network	antigen_presentation_mhc	myeloid_suppression	HLA-B	MRC1	coexpression_network
primary_recist	melanoma_core_high_evidence	GSE91061	EcoNiche-Opt-WordFullGraph	word_full_graph	antigen_presentation_mhc|tcell_dysfunction|B2M|B2M|coexpression_network	antigen_presentation_mhc	tcell_dysfunction	B2M	B2M	coexpression_network
primary_recist	melanoma_core_high_evidence	GSE91061	EcoNiche-Opt-WordFullGraph	word_full_graph	antigen_presentation_mhc|tcell_dysfunction|IGKV4-1|CARMIL2|coexpression_network	antigen_presentation_mhc	tcell_dysfunction	IGKV4-1	CARMIL2	coexpression_network
primary_recist	melanoma_core_high_evidence	GSE91061	EcoNiche-Opt-WordFullGraph	word_full_graph	antigen_presentation_mhc|tnk_effector|IGKV4-1|CD8A|coexpression_network	antigen_presentation_mhc	tnk_effector	IGKV4-1	CD8A	coexpression_network
primary_recist	melanoma_core_high_evidence	GSE91061	EcoNiche-Opt-WordFullGraph	word_full_graph	antigen_presentation_mhc|tnk_effector|HLA-B|CD8A|coexpression_network	antigen_presentation_mhc	tnk_effector	HLA-B	CD8A	coexpression_network
primary_recist	melanoma_core_high_evidence	GSE91061	EcoNiche-Opt-WordFullGraph	word_full_graph	antigen_presentation_mhc|tumor_dedifferentiation|B2M|B2M|coexpression_network	antigen_presentation_mhc	tumor_dedifferentiation	B2M	B2M	coexpression_network
primary_recist	melanoma_core_high_evidence	GSE91061	EcoNiche-Opt-WordFullGraph	word_full_graph	antigen_presentation_mhc|tumor_dedifferentiation|IGKV4-1|IGLV1-40|coexpression_network	antigen_presentation_mhc	tumor_dedifferentiation	IGKV4-1	IGLV1-40	coexpression_network
primary_recist	melanoma_core_high_evidence	GSE91061	EcoNiche-Opt-WordFullGraph	word_full_graph	caf_ecm_exclusion|caf_ecm_exclusion|COL1A1|LOXL2|coexpression_network	caf_ecm_exclusion	caf_ecm_exclusion	COL1A1	LOXL2	coexpression_network
primary_recist	melanoma_core_high_evidence	GSE91061	EcoNiche-Opt-WordFullGraph	word_full_graph	caf_ecm_exclusion|caf_ecm_exclusion|IGHD2-15|TRAJ1|coexpression_network	caf_ecm_exclusion	caf_ecm_exclusion	IGHD2-15	TRAJ1	coexpression_network
primary_recist	melanoma_core_high_evidence	GSE91061	EcoNiche-Opt-WordFullGraph	word_full_graph	caf_ecm_exclusion|myeloid_suppression|IGHD2-15|IGHD2-15|coexpression_network	caf_ecm_exclusion	myeloid_suppression	IGHD2-15	IGHD2-15	coexpression_network
primary_recist	melanoma_core_high_evidence	GSE91061	EcoNiche-Opt-WordFullGraph	word_full_graph	caf_ecm_exclusion|myeloid_suppression|COL1A1|MRC1|coexpression_network	caf_ecm_exclusion	myeloid_suppression	COL1A1	MRC1	coexpression_network
primary_recist	melanoma_core_high_evidence	GSE91061	EcoNiche-Opt-WordFullGraph	word_full_graph	caf_ecm_exclusion|tcell_dysfunction|TRAJ1|CARMIL2|coexpression_network	caf_ecm_exclusion	tcell_dysfunction	TRAJ1	CARMIL2	coexpression_network
primary_recist	melanoma_core_high_evidence	GSE91061	EcoNiche-Opt-WordFullGraph	word_full_graph	caf_ecm_exclusion|tcell_dysfunction|TRAJ1|TRAJ52|coexpression_network	caf_ecm_exclusion	tcell_dysfunction	TRAJ1	TRAJ52	coexpression_network
primary_recist	melanoma_core_high_evidence	GSE91061	EcoNiche-Opt-WordFullGraph	word_full_graph	caf_ecm_exclusion|tnk_effector|TRAJ1|CD8A|coexpression_network	caf_ecm_exclusion	tnk_effector	TRAJ1	CD8A	coexpression_network
primary_recist	melanoma_core_high_evidence	GSE91061	EcoNiche-Opt-WordFullGraph	word_full_graph	caf_ecm_exclusion|tnk_effector|TRAJ1|IFNG|coexpression_network	caf_ecm_exclusion	tnk_effector	TRAJ1	IFNG	coexpression_network
primary_recist	melanoma_core_high_evidence	GSE91061	EcoNiche-Opt-WordFullGraph	word_full_graph	caf_ecm_exclusion|tumor_dedifferentiation|VIM|VIM|coexpression_network	caf_ecm_exclusion	tumor_dedifferentiation	VIM	VIM	coexpression_network
primary_recist	melanoma_core_high_evidence	GSE91061	EcoNiche-Opt-WordFullGraph	word_full_graph	caf_ecm_exclusion|tumor_dedifferentiation|COL1A1|ZEB1|coexpression_network	caf_ecm_exclusion	tumor_dedifferentiation	COL1A1	ZEB1	coexpression_network
primary_recist	melanoma_core_high_evidence	GSE91061	EcoNiche-Opt-WordFullGraph	word_full_graph	myeloid_suppression|myeloid_suppression|S100A8|S100A9|coexpression_network	myeloid_suppression	myeloid_suppression	S100A8	S100A9	coexpression_network
primary_recist	melanoma_core_high_evidence	GSE91061	EcoNiche-Opt-WordFullGraph	word_full_graph	myeloid_suppression|myeloid_suppression|CSF1R|MRC1|coexpression_network	myeloid_suppression	myeloid_suppression	CSF1R	MRC1	coexpression_network
primary_recist	melanoma_core_high_evidence	GSE91061	EcoNiche-Opt-WordFullGraph	word_full_graph	myeloid_suppression|tcell_dysfunction|TRAJ52|TRAJ52|coexpression_network	myeloid_suppression	tcell_dysfunction	TRAJ52	TRAJ52	coexpression_network
primary_recist	melanoma_core_high_evidence	GSE91061	EcoNiche-Opt-WordFullGraph	word_full_graph	myeloid_suppression|tcell_dysfunction|IGHD3-10|CARMIL2|coexpression_network	myeloid_suppression	tcell_dysfunction	IGHD3-10	CARMIL2	coexpression_network
primary_recist	melanoma_core_high_evidence	GSE91061	EcoNiche-Opt-WordFullGraph	word_full_graph	myeloid_suppression|tnk_effector|TRAJ52|CD8A|coexpression_network	myeloid_suppression	tnk_effector	TRAJ52	CD8A	coexpression_network
primary_recist	melanoma_core_high_evidence	GSE91061	EcoNiche-Opt-WordFullGraph	word_full_graph	myeloid_suppression|tnk_effector|CSF1R|IFNG|coexpression_network	myeloid_suppression	tnk_effector	CSF1R	IFNG	coexpression_network
primary_recist	melanoma_core_high_evidence	GSE91061	EcoNiche-Opt-WordFullGraph	word_full_graph	myeloid_suppression|tumor_dedifferentiation|MRC1|ZEB1|coexpression_network	myeloid_suppression	tumor_dedifferentiation	MRC1	ZEB1	coexpression_network
primary_recist	melanoma_core_high_evidence	GSE91061	EcoNiche-Opt-WordFullGraph	word_full_graph	myeloid_suppression|tumor_dedifferentiation|CSF1R|AXL|coexpression_network	myeloid_suppression	tumor_dedifferentiation	CSF1R	AXL	coexpression_network
primary_recist	melanoma_core_high_evidence	GSE91061	EcoNiche-Opt-WordFullGraph	word_full_graph	tcell_dysfunction|tcell_dysfunction|CARMIL2|TRAJ52|coexpression_network	tcell_dysfunction	tcell_dysfunction	CARMIL2	TRAJ52	coexpression_network
primary_recist	melanoma_core_high_evidence	GSE91061	EcoNiche-Opt-WordFullGraph	word_full_graph	tcell_dysfunction|tcell_dysfunction|CARMIL2|IDO1|coexpression_network	tcell_dysfunction	tcell_dysfunction	CARMIL2	IDO1	coexpression_network
primary_recist	melanoma_core_high_evidence	GSE91061	EcoNiche-Opt-WordFullGraph	word_full_graph	tcell_dysfunction|tnk_effector|CARMIL2|CD8A|coexpression_network	tcell_dysfunction	tnk_effector	CARMIL2	CD8A	coexpression_network
primary_recist	melanoma_core_high_evidence	GSE91061	EcoNiche-Opt-WordFullGraph	word_full_graph	tcell_dysfunction|tnk_effector|IDO1|CD8A|coexpression_network	tcell_dysfunction	tnk_effector	IDO1	CD8A	coexpression_network
primary_recist	melanoma_core_high_evidence	GSE91061	EcoNiche-Opt-WordFullGraph	word_full_graph	tcell_dysfunction|tumor_dedifferentiation|B2M|B2M|coexpression_network	tcell_dysfunction	tumor_dedifferentiation	B2M	B2M	coexpression_network
primary_recist	melanoma_core_high_evidence	GSE91061	EcoNiche-Opt-WordFullGraph	word_full_graph	tcell_dysfunction|tumor_dedifferentiation|CARMIL2|IGLV1-40|coexpression_network	tcell_dysfunction	tumor_dedifferentiation	CARMIL2	IGLV1-40	coexpression_network
primary_recist	melanoma_core_high_evidence	GSE91061	EcoNiche-Opt-WordFullGraph	word_full_graph	tnk_effector|tnk_effector|CD8A|IFNG|coexpression_network	tnk_effector	tnk_effector	CD8A	IFNG	coexpression_network
primary_recist	melanoma_core_high_evidence	GSE91061	EcoNiche-Opt-WordFullGraph	word_full_graph	tnk_effector|tnk_effector|CD8A|GZMB|coexpression_network	tnk_effector	tnk_effector	CD8A	GZMB	coexpression_network
primary_recist	melanoma_core_high_evidence	GSE91061	EcoNiche-Opt-WordFullGraph	word_full_graph	tnk_effector|tumor_dedifferentiation|IFNG|IGLV1-40|coexpression_network	tnk_effector	tumor_dedifferentiation	IFNG	IGLV1-40	coexpression_network
primary_recist	melanoma_core_high_evidence	GSE91061	EcoNiche-Opt-WordFullGraph	word_full_graph	tnk_effector|tumor_dedifferentiation|CD8A|IGLV1-40|coexpression_network	tnk_effector	tumor_dedifferentiation	CD8A	IGLV1-40	coexpression_network
primary_recist	melanoma_core_high_evidence	GSE91061	EcoNiche-Opt-WordFullGraph	word_full_graph	tumor_dedifferentiation|tumor_dedifferentiation|AXL|ZEB1|coexpression_network	tumor_dedifferentiation	tumor_dedifferentiation	AXL	ZEB1	coexpression_network
primary_recist	melanoma_core_high_evidence	GSE91061	EcoNiche-Opt-WordFullGraph	word_full_graph	tumor_dedifferentiation|tumor_dedifferentiation|VIM|ZEB1|coexpression_network	tumor_dedifferentiation	tumor_dedifferentiation	VIM	ZEB1	coexpression_network
primary_recist	melanoma_core_high_evidence	GSE91061	EcoNiche-Opt-WordUnsignedGraph	word_unsigned_graph	tcell_dysfunction|tcell_dysfunction|PDCD1|LAG3|checkpoint	tcell_dysfunction	tcell_dysfunction	PDCD1	LAG3	checkpoint
primary_recist	melanoma_core_high_evidence	GSE91061	EcoNiche-Opt-WordUnsignedGraph	word_unsigned_graph	myeloid_suppression|myeloid_suppression|S100A8|S100A9|network	myeloid_suppression	myeloid_suppression	S100A8	S100A9	network
primary_recist	melanoma_core_high_evidence	GSE91061	EcoNiche-Opt-WordUnsignedGraph	word_unsigned_graph	tnk_effector|antigen_presentation_mhc|IFNG|HLA-A|regulatory	tnk_effector	antigen_presentation_mhc	IFNG	HLA-A	regulatory
primary_recist	melanoma_core_high_evidence	GSE91061	EcoNiche-Opt-WordUnsignedGraph	word_unsigned_graph	antigen_presentation_mhc|antigen_presentation_mhc|HLA-A|PSMB8|coexpression_network	antigen_presentation_mhc	antigen_presentation_mhc	HLA-A	PSMB8	coexpression_network
primary_recist	melanoma_core_high_evidence	GSE91061	EcoNiche-Opt-WordUnsignedGraph	word_unsigned_graph	antigen_presentation_mhc|antigen_presentation_mhc|PSMB8|PSMB9|coexpression_network	antigen_presentation_mhc	antigen_presentation_mhc	PSMB8	PSMB9	coexpression_network
primary_recist	melanoma_core_high_evidence	GSE91061	EcoNiche-Opt-WordUnsignedGraph	word_unsigned_graph	antigen_presentation_mhc|caf_ecm_exclusion|PSMB9|IGLV1-40|coexpression_network	antigen_presentation_mhc	caf_ecm_exclusion	PSMB9	IGLV1-40	coexpression_network
primary_recist	melanoma_core_high_evidence	GSE91061	EcoNiche-Opt-WordUnsignedGraph	word_unsigned_graph	antigen_presentation_mhc|caf_ecm_exclusion|PSMB8|COL3A1|coexpression_network	antigen_presentation_mhc	caf_ecm_exclusion	PSMB8	COL3A1	coexpression_network
primary_recist	melanoma_core_high_evidence	GSE91061	EcoNiche-Opt-WordUnsignedGraph	word_unsigned_graph	antigen_presentation_mhc|myeloid_suppression|IGHD2-15|RP11-444B24|coexpression_network	antigen_presentation_mhc	myeloid_suppression	IGHD2-15	RP11-444B24	coexpression_network
primary_recist	melanoma_core_high_evidence	GSE91061	EcoNiche-Opt-WordUnsignedGraph	word_unsigned_graph	antigen_presentation_mhc|myeloid_suppression|PSMB9|RP11-444B24|coexpression_network	antigen_presentation_mhc	myeloid_suppression	PSMB9	RP11-444B24	coexpression_network
primary_recist	melanoma_core_high_evidence	GSE91061	EcoNiche-Opt-WordUnsignedGraph	word_unsigned_graph	antigen_presentation_mhc|tcell_dysfunction|PSMB9|PDCD1|coexpression_network	antigen_presentation_mhc	tcell_dysfunction	PSMB9	PDCD1	coexpression_network
primary_recist	melanoma_core_high_evidence	GSE91061	EcoNiche-Opt-WordUnsignedGraph	word_unsigned_graph	antigen_presentation_mhc|tcell_dysfunction|PSMB9|LAG3|coexpression_network	antigen_presentation_mhc	tcell_dysfunction	PSMB9	LAG3	coexpression_network
primary_recist	melanoma_core_high_evidence	GSE91061	EcoNiche-Opt-WordUnsignedGraph	word_unsigned_graph	antigen_presentation_mhc|tnk_effector|PSMB9|GZMA|coexpression_network	antigen_presentation_mhc	tnk_effector	PSMB9	GZMA	coexpression_network
primary_recist	melanoma_core_high_evidence	GSE91061	EcoNiche-Opt-WordUnsignedGraph	word_unsigned_graph	antigen_presentation_mhc|tnk_effector|PSMB9|IFNG|coexpression_network	antigen_presentation_mhc	tnk_effector	PSMB9	IFNG	coexpression_network
primary_recist	melanoma_core_high_evidence	GSE91061	EcoNiche-Opt-WordUnsignedGraph	word_unsigned_graph	antigen_presentation_mhc|tumor_dedifferentiation|IGHD2-15|IGHGP|coexpression_network	antigen_presentation_mhc	tumor_dedifferentiation	IGHD2-15	IGHGP	coexpression_network
primary_recist	melanoma_core_high_evidence	GSE91061	EcoNiche-Opt-WordUnsignedGraph	word_unsigned_graph	antigen_presentation_mhc|tumor_dedifferentiation|PSMB8|VIM|coexpression_network	antigen_presentation_mhc	tumor_dedifferentiation	PSMB8	VIM	coexpression_network
primary_recist	melanoma_core_high_evidence	GSE91061	EcoNiche-Opt-WordUnsignedGraph	word_unsigned_graph	caf_ecm_exclusion|caf_ecm_exclusion|COL1A1|COL3A1|coexpression_network	caf_ecm_exclusion	caf_ecm_exclusion	COL1A1	COL3A1	coexpression_network
primary_recist	melanoma_core_high_evidence	GSE91061	EcoNiche-Opt-WordUnsignedGraph	word_unsigned_graph	caf_ecm_exclusion|caf_ecm_exclusion|COL3A1|POSTN|coexpression_network	caf_ecm_exclusion	caf_ecm_exclusion	COL3A1	POSTN	coexpression_network
primary_recist	melanoma_core_high_evidence	GSE91061	EcoNiche-Opt-WordUnsignedGraph	word_unsigned_graph	caf_ecm_exclusion|myeloid_suppression|LOC102724050|LOC101927356|coexpression_network	caf_ecm_exclusion	myeloid_suppression	LOC102724050	LOC101927356	coexpression_network
primary_recist	melanoma_core_high_evidence	GSE91061	EcoNiche-Opt-WordUnsignedGraph	word_unsigned_graph	caf_ecm_exclusion|myeloid_suppression|IGLV1-40|RP11-444B24|coexpression_network	caf_ecm_exclusion	myeloid_suppression	IGLV1-40	RP11-444B24	coexpression_network
primary_recist	melanoma_core_high_evidence	GSE91061	EcoNiche-Opt-WordUnsignedGraph	word_unsigned_graph	caf_ecm_exclusion|tcell_dysfunction|IGLV1-40|LAG3|coexpression_network	caf_ecm_exclusion	tcell_dysfunction	IGLV1-40	LAG3	coexpression_network
primary_recist	melanoma_core_high_evidence	GSE91061	EcoNiche-Opt-WordUnsignedGraph	word_unsigned_graph	caf_ecm_exclusion|tcell_dysfunction|IGLV1-40|PDCD1|coexpression_network	caf_ecm_exclusion	tcell_dysfunction	IGLV1-40	PDCD1	coexpression_network
primary_recist	melanoma_core_high_evidence	GSE91061	EcoNiche-Opt-WordUnsignedGraph	word_unsigned_graph	caf_ecm_exclusion|tnk_effector|LOC102724050|LOC102724050|coexpression_network	caf_ecm_exclusion	tnk_effector	LOC102724050	LOC102724050	coexpression_network
primary_recist	melanoma_core_high_evidence	GSE91061	EcoNiche-Opt-WordUnsignedGraph	word_unsigned_graph	caf_ecm_exclusion|tnk_effector|IGLV1-40|IGLV2-11|coexpression_network	caf_ecm_exclusion	tnk_effector	IGLV1-40	IGLV2-11	coexpression_network
primary_recist	melanoma_core_high_evidence	GSE91061	EcoNiche-Opt-WordUnsignedGraph	word_unsigned_graph	caf_ecm_exclusion|tumor_dedifferentiation|IGLV1-40|IGHGP|coexpression_network	caf_ecm_exclusion	tumor_dedifferentiation	IGLV1-40	IGHGP	coexpression_network
primary_recist	melanoma_core_high_evidence	GSE91061	EcoNiche-Opt-WordUnsignedGraph	word_unsigned_graph	caf_ecm_exclusion|tumor_dedifferentiation|IGLV1-40|IGLV2-11|coexpression_network	caf_ecm_exclusion	tumor_dedifferentiation	IGLV1-40	IGLV2-11	coexpression_network
primary_recist	melanoma_core_high_evidence	GSE91061	EcoNiche-Opt-WordUnsignedGraph	word_unsigned_graph	myeloid_suppression|myeloid_suppression|S100A8|S100A9|coexpression_network	myeloid_suppression	myeloid_suppression	S100A8	S100A9	coexpression_network
primary_recist	melanoma_core_high_evidence	GSE91061	EcoNiche-Opt-WordUnsignedGraph	word_unsigned_graph	myeloid_suppression|tcell_dysfunction|RP11-444B24|CARMIL2|coexpression_network	myeloid_suppression	tcell_dysfunction	RP11-444B24	CARMIL2	coexpression_network
primary_recist	melanoma_core_high_evidence	GSE91061	EcoNiche-Opt-WordUnsignedGraph	word_unsigned_graph	myeloid_suppression|tcell_dysfunction|RP11-444B24|PDCD1|coexpression_network	myeloid_suppression	tcell_dysfunction	RP11-444B24	PDCD1	coexpression_network
primary_recist	melanoma_core_high_evidence	GSE91061	EcoNiche-Opt-WordUnsignedGraph	word_unsigned_graph	myeloid_suppression|tnk_effector|LOC101927356|LOC102724050|coexpression_network	myeloid_suppression	tnk_effector	LOC101927356	LOC102724050	coexpression_network
primary_recist	melanoma_core_high_evidence	GSE91061	EcoNiche-Opt-WordUnsignedGraph	word_unsigned_graph	myeloid_suppression|tnk_effector|RP11-444B24|IGLV2-11|coexpression_network	myeloid_suppression	tnk_effector	RP11-444B24	IGLV2-11	coexpression_network
primary_recist	melanoma_core_high_evidence	GSE91061	EcoNiche-Opt-WordUnsignedGraph	word_unsigned_graph	myeloid_suppression|tumor_dedifferentiation|RP11-444B24|RP11-444B24|coexpression_network	myeloid_suppression	tumor_dedifferentiation	RP11-444B24	RP11-444B24	coexpression_network
primary_recist	melanoma_core_high_evidence	GSE91061	EcoNiche-Opt-WordUnsignedGraph	word_unsigned_graph	myeloid_suppression|tumor_dedifferentiation|RP11-444B24|IGHGP|coexpression_network	myeloid_suppression	tumor_dedifferentiation	RP11-444B24	IGHGP	coexpression_network
primary_recist	melanoma_core_high_evidence	GSE91061	EcoNiche-Opt-WordUnsignedGraph	word_unsigned_graph	tcell_dysfunction|tcell_dysfunction|LAG3|PDCD1|coexpression_network	tcell_dysfunction	tcell_dysfunction	LAG3	PDCD1	coexpression_network
primary_recist	melanoma_core_high_evidence	GSE91061	EcoNiche-Opt-WordUnsignedGraph	word_unsigned_graph	tcell_dysfunction|tcell_dysfunction|CARMIL2|PDCD1|coexpression_network	tcell_dysfunction	tcell_dysfunction	CARMIL2	PDCD1	coexpression_network
primary_recist	melanoma_core_high_evidence	GSE91061	EcoNiche-Opt-WordUnsignedGraph	word_unsigned_graph	tcell_dysfunction|tnk_effector|PDCD1|GZMA|coexpression_network	tcell_dysfunction	tnk_effector	PDCD1	GZMA	coexpression_network
primary_recist	melanoma_core_high_evidence	GSE91061	EcoNiche-Opt-WordUnsignedGraph	word_unsigned_graph	tcell_dysfunction|tnk_effector|LAG3|GZMA|coexpression_network	tcell_dysfunction	tnk_effector	LAG3	GZMA	coexpression_network
primary_recist	melanoma_core_high_evidence	GSE91061	EcoNiche-Opt-WordUnsignedGraph	word_unsigned_graph	tcell_dysfunction|tumor_dedifferentiation|LAG3|IGLV2-11|coexpression_network	tcell_dysfunction	tumor_dedifferentiation	LAG3	IGLV2-11	coexpression_network
primary_recist	melanoma_core_high_evidence	GSE91061	EcoNiche-Opt-WordUnsignedGraph	word_unsigned_graph	tcell_dysfunction|tumor_dedifferentiation|LAG3|IGHGP|coexpression_network	tcell_dysfunction	tumor_dedifferentiation	LAG3	IGHGP	coexpression_network
primary_recist	melanoma_core_high_evidence	GSE91061	EcoNiche-Opt-WordUnsignedGraph	word_unsigned_graph	tnk_effector|tnk_effector|GZMA|IFNG|coexpression_network	tnk_effector	tnk_effector	GZMA	IFNG	coexpression_network
primary_recist	melanoma_core_high_evidence	GSE91061	EcoNiche-Opt-WordUnsignedGraph	word_unsigned_graph	tnk_effector|tnk_effector|CXCL9|GZMA|coexpression_network	tnk_effector	tnk_effector	CXCL9	GZMA	coexpression_network
primary_recist	melanoma_core_high_evidence	GSE91061	EcoNiche-Opt-WordUnsignedGraph	word_unsigned_graph	tnk_effector|tumor_dedifferentiation|IGLV2-11|IGLV2-11|coexpression_network	tnk_effector	tumor_dedifferentiation	IGLV2-11	IGLV2-11	coexpression_network
primary_recist	melanoma_core_high_evidence	GSE91061	EcoNiche-Opt-WordUnsignedGraph	word_unsigned_graph	tnk_effector|tumor_dedifferentiation|IGLV2-11|IGHGP|coexpression_network	tnk_effector	tumor_dedifferentiation	IGLV2-11	IGHGP	coexpression_network
primary_recist	melanoma_core_high_evidence	GSE91061	EcoNiche-Opt-WordUnsignedGraph	word_unsigned_graph	tumor_dedifferentiation|tumor_dedifferentiation|IGHGP|IGLV2-11|coexpression_network	tumor_dedifferentiation	tumor_dedifferentiation	IGHGP	IGLV2-11	coexpression_network
primary_recist	melanoma_core_high_evidence	GSE91061	EcoNiche-Opt-WordUnsignedGraph	word_unsigned_graph	tumor_dedifferentiation|tumor_dedifferentiation|IGHGP|RP11-444B24|coexpression_network	tumor_dedifferentiation	tumor_dedifferentiation	IGHGP	RP11-444B24	coexpression_network
primary_recist	melanoma_core_high_evidence	GSE91061	EcoNiche-Opt-WordNoBioObjective	word_no_bio_objective	tcell_dysfunction|tcell_dysfunction|PDCD1|LAG3|checkpoint	tcell_dysfunction	tcell_dysfunction	PDCD1	LAG3	checkpoint
primary_recist	melanoma_core_high_evidence	GSE91061	EcoNiche-Opt-WordNoBioObjective	word_no_bio_objective	antigen_presentation_mhc|antigen_presentation_mhc|IGHD2-2|PSMB8|coexpression_network	antigen_presentation_mhc	antigen_presentation_mhc	IGHD2-2	PSMB8	coexpression_network
primary_recist	melanoma_core_high_evidence	GSE91061	EcoNiche-Opt-WordNoBioObjective	word_no_bio_objective	antigen_presentation_mhc|caf_ecm_exclusion|IGHD2-2|CARMIL2|coexpression_network	antigen_presentation_mhc	caf_ecm_exclusion	IGHD2-2	CARMIL2	coexpression_network
primary_recist	melanoma_core_high_evidence	GSE91061	EcoNiche-Opt-WordNoBioObjective	word_no_bio_objective	antigen_presentation_mhc|caf_ecm_exclusion|PSMB8|CARMIL2|coexpression_network	antigen_presentation_mhc	caf_ecm_exclusion	PSMB8	CARMIL2	coexpression_network
primary_recist	melanoma_core_high_evidence	GSE91061	EcoNiche-Opt-WordNoBioObjective	word_no_bio_objective	antigen_presentation_mhc|myeloid_suppression|PSMB8|MRC1|coexpression_network	antigen_presentation_mhc	myeloid_suppression	PSMB8	MRC1	coexpression_network
primary_recist	melanoma_core_high_evidence	GSE91061	EcoNiche-Opt-WordNoBioObjective	word_no_bio_objective	antigen_presentation_mhc|myeloid_suppression|PSMB8|CD68|coexpression_network	antigen_presentation_mhc	myeloid_suppression	PSMB8	CD68	coexpression_network
primary_recist	melanoma_core_high_evidence	GSE91061	EcoNiche-Opt-WordNoBioObjective	word_no_bio_objective	antigen_presentation_mhc|tcell_dysfunction|IGHD2-2|IGHD2-2|coexpression_network	antigen_presentation_mhc	tcell_dysfunction	IGHD2-2	IGHD2-2	coexpression_network
primary_recist	melanoma_core_high_evidence	GSE91061	EcoNiche-Opt-WordNoBioObjective	word_no_bio_objective	antigen_presentation_mhc|tcell_dysfunction|PSMB8|TOX|coexpression_network	antigen_presentation_mhc	tcell_dysfunction	PSMB8	TOX	coexpression_network
primary_recist	melanoma_core_high_evidence	GSE91061	EcoNiche-Opt-WordNoBioObjective	word_no_bio_objective	antigen_presentation_mhc|tnk_effector|IGHD2-2|IGLV1-40|coexpression_network	antigen_presentation_mhc	tnk_effector	IGHD2-2	IGLV1-40	coexpression_network
primary_recist	melanoma_core_high_evidence	GSE91061	EcoNiche-Opt-WordNoBioObjective	word_no_bio_objective	antigen_presentation_mhc|tnk_effector|PSMB8|GZMB|coexpression_network	antigen_presentation_mhc	tnk_effector	PSMB8	GZMB	coexpression_network
primary_recist	melanoma_core_high_evidence	GSE91061	EcoNiche-Opt-WordNoBioObjective	word_no_bio_objective	antigen_presentation_mhc|tumor_dedifferentiation|PSMB8|VIM|coexpression_network	antigen_presentation_mhc	tumor_dedifferentiation	PSMB8	VIM	coexpression_network
primary_recist	melanoma_core_high_evidence	GSE91061	EcoNiche-Opt-WordNoBioObjective	word_no_bio_objective	antigen_presentation_mhc|tumor_dedifferentiation|AL049794|TRAJ6|coexpression_network	antigen_presentation_mhc	tumor_dedifferentiation	AL049794	TRAJ6	coexpression_network
primary_recist	melanoma_core_high_evidence	GSE91061	EcoNiche-Opt-WordNoBioObjective	word_no_bio_objective	caf_ecm_exclusion|caf_ecm_exclusion|CARMIL2|VIM|coexpression_network	caf_ecm_exclusion	caf_ecm_exclusion	CARMIL2	VIM	coexpression_network
primary_recist	melanoma_core_high_evidence	GSE91061	EcoNiche-Opt-WordNoBioObjective	word_no_bio_objective	caf_ecm_exclusion|myeloid_suppression|CARMIL2|IGKV4-1|coexpression_network	caf_ecm_exclusion	myeloid_suppression	CARMIL2	IGKV4-1	coexpression_network
primary_recist	melanoma_core_high_evidence	GSE91061	EcoNiche-Opt-WordNoBioObjective	word_no_bio_objective	caf_ecm_exclusion|myeloid_suppression|CARMIL2|TRAJ10|coexpression_network	caf_ecm_exclusion	myeloid_suppression	CARMIL2	TRAJ10	coexpression_network
primary_recist	melanoma_core_high_evidence	GSE91061	EcoNiche-Opt-WordNoBioObjective	word_no_bio_objective	caf_ecm_exclusion|tcell_dysfunction|CARMIL2|CARMIL2|coexpression_network	caf_ecm_exclusion	tcell_dysfunction	CARMIL2	CARMIL2	coexpression_network
primary_recist	melanoma_core_high_evidence	GSE91061	EcoNiche-Opt-WordNoBioObjective	word_no_bio_objective	caf_ecm_exclusion|tcell_dysfunction|CARMIL2|TOX|coexpression_network	caf_ecm_exclusion	tcell_dysfunction	CARMIL2	TOX	coexpression_network
primary_recist	melanoma_core_high_evidence	GSE91061	EcoNiche-Opt-WordNoBioObjective	word_no_bio_objective	caf_ecm_exclusion|tnk_effector|CARMIL2|CD8A|coexpression_network	caf_ecm_exclusion	tnk_effector	CARMIL2	CD8A	coexpression_network
primary_recist	melanoma_core_high_evidence	GSE91061	EcoNiche-Opt-WordNoBioObjective	word_no_bio_objective	caf_ecm_exclusion|tnk_effector|CARMIL2|CCL5|coexpression_network	caf_ecm_exclusion	tnk_effector	CARMIL2	CCL5	coexpression_network
primary_recist	melanoma_core_high_evidence	GSE91061	EcoNiche-Opt-WordNoBioObjective	word_no_bio_objective	caf_ecm_exclusion|tumor_dedifferentiation|VIM|VIM|coexpression_network	caf_ecm_exclusion	tumor_dedifferentiation	VIM	VIM	coexpression_network
primary_recist	melanoma_core_high_evidence	GSE91061	EcoNiche-Opt-WordNoBioObjective	word_no_bio_objective	caf_ecm_exclusion|tumor_dedifferentiation|CARMIL2|TRAJ6|coexpression_network	caf_ecm_exclusion	tumor_dedifferentiation	CARMIL2	TRAJ6	coexpression_network
primary_recist	melanoma_core_high_evidence	GSE91061	EcoNiche-Opt-WordNoBioObjective	word_no_bio_objective	myeloid_suppression|myeloid_suppression|CD68|MRC1|coexpression_network	myeloid_suppression	myeloid_suppression	CD68	MRC1	coexpression_network
primary_recist	melanoma_core_high_evidence	GSE91061	EcoNiche-Opt-WordNoBioObjective	word_no_bio_objective	myeloid_suppression|myeloid_suppression|IGKV4-1|TRAJ52|coexpression_network	myeloid_suppression	myeloid_suppression	IGKV4-1	TRAJ52	coexpression_network
primary_recist	melanoma_core_high_evidence	GSE91061	EcoNiche-Opt-WordNoBioObjective	word_no_bio_objective	myeloid_suppression|tcell_dysfunction|MRC1|TOX|coexpression_network	myeloid_suppression	tcell_dysfunction	MRC1	TOX	coexpression_network
primary_recist	melanoma_core_high_evidence	GSE91061	EcoNiche-Opt-WordNoBioObjective	word_no_bio_objective	myeloid_suppression|tcell_dysfunction|IGKV4-1|IGHV6-1|coexpression_network	myeloid_suppression	tcell_dysfunction	IGKV4-1	IGHV6-1	coexpression_network
primary_recist	melanoma_core_high_evidence	GSE91061	EcoNiche-Opt-WordNoBioObjective	word_no_bio_objective	myeloid_suppression|tnk_effector|RP11-428O18|RP11-428O18|coexpression_network	myeloid_suppression	tnk_effector	RP11-428O18	RP11-428O18	coexpression_network
primary_recist	melanoma_core_high_evidence	GSE91061	EcoNiche-Opt-WordNoBioObjective	word_no_bio_objective	myeloid_suppression|tnk_effector|IGKV4-1|IGLV1-40|coexpression_network	myeloid_suppression	tnk_effector	IGKV4-1	IGLV1-40	coexpression_network
primary_recist	melanoma_core_high_evidence	GSE91061	EcoNiche-Opt-WordNoBioObjective	word_no_bio_objective	myeloid_suppression|tumor_dedifferentiation|RP11-428O18|RP11-428O18|coexpression_network	myeloid_suppression	tumor_dedifferentiation	RP11-428O18	RP11-428O18	coexpression_network
primary_recist	melanoma_core_high_evidence	GSE91061	EcoNiche-Opt-WordNoBioObjective	word_no_bio_objective	myeloid_suppression|tumor_dedifferentiation|LOC101927356|LOC101927356|coexpression_network	myeloid_suppression	tumor_dedifferentiation	LOC101927356	LOC101927356	coexpression_network
primary_recist	melanoma_core_high_evidence	GSE91061	EcoNiche-Opt-WordNoBioObjective	word_no_bio_objective	tcell_dysfunction|tcell_dysfunction|LAG3|PDCD1|coexpression_network	tcell_dysfunction	tcell_dysfunction	LAG3	PDCD1	coexpression_network
primary_recist	melanoma_core_high_evidence	GSE91061	EcoNiche-Opt-WordNoBioObjective	word_no_bio_objective	tcell_dysfunction|tcell_dysfunction|CARMIL2|TOX|coexpression_network	tcell_dysfunction	tcell_dysfunction	CARMIL2	TOX	coexpression_network
primary_recist	melanoma_core_high_evidence	GSE91061	EcoNiche-Opt-WordNoBioObjective	word_no_bio_objective	tcell_dysfunction|tnk_effector|PDCD1|CD8A|coexpression_network	tcell_dysfunction	tnk_effector	PDCD1	CD8A	coexpression_network
primary_recist	melanoma_core_high_evidence	GSE91061	EcoNiche-Opt-WordNoBioObjective	word_no_bio_objective	tcell_dysfunction|tnk_effector|CARMIL2|CD8A|coexpression_network	tcell_dysfunction	tnk_effector	CARMIL2	CD8A	coexpression_network
primary_recist	melanoma_core_high_evidence	GSE91061	EcoNiche-Opt-WordNoBioObjective	word_no_bio_objective	tcell_dysfunction|tumor_dedifferentiation|RP11-33B1|RP11-33B1|coexpression_network	tcell_dysfunction	tumor_dedifferentiation	RP11-33B1	RP11-33B1	coexpression_network
primary_recist	melanoma_core_high_evidence	GSE91061	EcoNiche-Opt-WordNoBioObjective	word_no_bio_objective	tcell_dysfunction|tumor_dedifferentiation|CARMIL2|TRAJ6|coexpression_network	tcell_dysfunction	tumor_dedifferentiation	CARMIL2	TRAJ6	coexpression_network
primary_recist	melanoma_core_high_evidence	GSE91061	EcoNiche-Opt-WordNoBioObjective	word_no_bio_objective	tnk_effector|tnk_effector|CD8A|GZMA|coexpression_network	tnk_effector	tnk_effector	CD8A	GZMA	coexpression_network
primary_recist	melanoma_core_high_evidence	GSE91061	EcoNiche-Opt-WordNoBioObjective	word_no_bio_objective	tnk_effector|tnk_effector|CD8A|IFNG|coexpression_network	tnk_effector	tnk_effector	CD8A	IFNG	coexpression_network
primary_recist	melanoma_core_high_evidence	GSE91061	EcoNiche-Opt-WordNoBioObjective	word_no_bio_objective	tnk_effector|tumor_dedifferentiation|RP11-428O18|RP11-428O18|coexpression_network	tnk_effector	tumor_dedifferentiation	RP11-428O18	RP11-428O18	coexpression_network
primary_recist	melanoma_core_high_evidence	GSE91061	EcoNiche-Opt-WordNoBioObjective	word_no_bio_objective	tnk_effector|tumor_dedifferentiation|CCL5|TRAJ6|coexpression_network	tnk_effector	tumor_dedifferentiation	CCL5	TRAJ6	coexpression_network
primary_recist	melanoma_core_high_evidence	GSE91061	EcoNiche-Opt-WordNoBioObjective	word_no_bio_objective	tumor_dedifferentiation|tumor_dedifferentiation|RP11-33B1|RP11-428O18|coexpression_network	tumor_dedifferentiation	tumor_dedifferentiation	RP11-33B1	RP11-428O18	coexpression_network
primary_recist	melanoma_core_high_evidence	GSE91061	EcoNiche-Opt-WordNoBioObjective	word_no_bio_objective	tumor_dedifferentiation|tumor_dedifferentiation|RP11-33B1|TRAJ6|coexpression_network	tumor_dedifferentiation	tumor_dedifferentiation	RP11-33B1	TRAJ6	coexpression_network
primary_recist	melanoma_core_high_evidence	GSE78220	EcoNiche-Opt-WordFullGraph	word_full_graph	tcell_dysfunction|tcell_dysfunction|PDCD1|LAG3|checkpoint	tcell_dysfunction	tcell_dysfunction	PDCD1	LAG3	checkpoint
primary_recist	melanoma_core_high_evidence	GSE78220	EcoNiche-Opt-WordFullGraph	word_full_graph	myeloid_suppression|myeloid_suppression|S100A8|S100A9|network	myeloid_suppression	myeloid_suppression	S100A8	S100A9	network
primary_recist	melanoma_core_high_evidence	GSE78220	EcoNiche-Opt-WordFullGraph	word_full_graph	antigen_presentation_mhc|antigen_presentation_mhc|HLA-A|HLA-C|coexpression_network	antigen_presentation_mhc	antigen_presentation_mhc	HLA-A	HLA-C	coexpression_network
primary_recist	melanoma_core_high_evidence	GSE78220	EcoNiche-Opt-WordFullGraph	word_full_graph	antigen_presentation_mhc|antigen_presentation_mhc|HLA-C|HLA-DRB1|coexpression_network	antigen_presentation_mhc	antigen_presentation_mhc	HLA-C	HLA-DRB1	coexpression_network
primary_recist	melanoma_core_high_evidence	GSE78220	EcoNiche-Opt-WordFullGraph	word_full_graph	antigen_presentation_mhc|caf_ecm_exclusion|HLA-C|PDCD1|coexpression_network	antigen_presentation_mhc	caf_ecm_exclusion	HLA-C	PDCD1	coexpression_network
primary_recist	melanoma_core_high_evidence	GSE78220	EcoNiche-Opt-WordFullGraph	word_full_graph	antigen_presentation_mhc|caf_ecm_exclusion|HLA-A|PDCD1|coexpression_network	antigen_presentation_mhc	caf_ecm_exclusion	HLA-A	PDCD1	coexpression_network
primary_recist	melanoma_core_high_evidence	GSE78220	EcoNiche-Opt-WordFullGraph	word_full_graph	antigen_presentation_mhc|myeloid_suppression|HLA-C|MRC1|coexpression_network	antigen_presentation_mhc	myeloid_suppression	HLA-C	MRC1	coexpression_network
primary_recist	melanoma_core_high_evidence	GSE78220	EcoNiche-Opt-WordFullGraph	word_full_graph	antigen_presentation_mhc|myeloid_suppression|HLA-DRB1|MRC1|coexpression_network	antigen_presentation_mhc	myeloid_suppression	HLA-DRB1	MRC1	coexpression_network
primary_recist	melanoma_core_high_evidence	GSE78220	EcoNiche-Opt-WordFullGraph	word_full_graph	antigen_presentation_mhc|tcell_dysfunction|RP11-444B24|RP11-444B24|coexpression_network	antigen_presentation_mhc	tcell_dysfunction	RP11-444B24	RP11-444B24	coexpression_network
primary_recist	melanoma_core_high_evidence	GSE78220	EcoNiche-Opt-WordFullGraph	word_full_graph	antigen_presentation_mhc|tcell_dysfunction|HLA-C|PDCD1|coexpression_network	antigen_presentation_mhc	tcell_dysfunction	HLA-C	PDCD1	coexpression_network
primary_recist	melanoma_core_high_evidence	GSE78220	EcoNiche-Opt-WordFullGraph	word_full_graph	antigen_presentation_mhc|tnk_effector|HLA-DRB1|CD8A|coexpression_network	antigen_presentation_mhc	tnk_effector	HLA-DRB1	CD8A	coexpression_network
primary_recist	melanoma_core_high_evidence	GSE78220	EcoNiche-Opt-WordFullGraph	word_full_graph	antigen_presentation_mhc|tnk_effector|HLA-DRB1|TOX|coexpression_network	antigen_presentation_mhc	tnk_effector	HLA-DRB1	TOX	coexpression_network
primary_recist	melanoma_core_high_evidence	GSE78220	EcoNiche-Opt-WordFullGraph	word_full_graph	antigen_presentation_mhc|tumor_dedifferentiation|HLA-DRB1|AXL|coexpression_network	antigen_presentation_mhc	tumor_dedifferentiation	HLA-DRB1	AXL	coexpression_network
primary_recist	melanoma_core_high_evidence	GSE78220	EcoNiche-Opt-WordFullGraph	word_full_graph	antigen_presentation_mhc|tumor_dedifferentiation|HLA-C|AXL|coexpression_network	antigen_presentation_mhc	tumor_dedifferentiation	HLA-C	AXL	coexpression_network
primary_recist	melanoma_core_high_evidence	GSE78220	EcoNiche-Opt-WordFullGraph	word_full_graph	caf_ecm_exclusion|caf_ecm_exclusion|PDCD1|TOX|coexpression_network	caf_ecm_exclusion	caf_ecm_exclusion	PDCD1	TOX	coexpression_network
primary_recist	melanoma_core_high_evidence	GSE78220	EcoNiche-Opt-WordFullGraph	word_full_graph	caf_ecm_exclusion|caf_ecm_exclusion|CD8B|PDCD1|coexpression_network	caf_ecm_exclusion	caf_ecm_exclusion	CD8B	PDCD1	coexpression_network
primary_recist	melanoma_core_high_evidence	GSE78220	EcoNiche-Opt-WordFullGraph	word_full_graph	caf_ecm_exclusion|myeloid_suppression|TOX|MRC1|coexpression_network	caf_ecm_exclusion	myeloid_suppression	TOX	MRC1	coexpression_network
primary_recist	melanoma_core_high_evidence	GSE78220	EcoNiche-Opt-WordFullGraph	word_full_graph	caf_ecm_exclusion|myeloid_suppression|CD8B|IGKV4-1|coexpression_network	caf_ecm_exclusion	myeloid_suppression	CD8B	IGKV4-1	coexpression_network
primary_recist	melanoma_core_high_evidence	GSE78220	EcoNiche-Opt-WordFullGraph	word_full_graph	caf_ecm_exclusion|tcell_dysfunction|PDCD1|PDCD1|coexpression_network	caf_ecm_exclusion	tcell_dysfunction	PDCD1	PDCD1	coexpression_network
primary_recist	melanoma_core_high_evidence	GSE78220	EcoNiche-Opt-WordFullGraph	word_full_graph	caf_ecm_exclusion|tcell_dysfunction|CD8B|CD8A|coexpression_network	caf_ecm_exclusion	tcell_dysfunction	CD8B	CD8A	coexpression_network
primary_recist	melanoma_core_high_evidence	GSE78220	EcoNiche-Opt-WordFullGraph	word_full_graph	caf_ecm_exclusion|tnk_effector|TOX|TOX|coexpression_network	caf_ecm_exclusion	tnk_effector	TOX	TOX	coexpression_network
primary_recist	melanoma_core_high_evidence	GSE78220	EcoNiche-Opt-WordFullGraph	word_full_graph	caf_ecm_exclusion|tnk_effector|CD8B|CD8A|coexpression_network	caf_ecm_exclusion	tnk_effector	CD8B	CD8A	coexpression_network
primary_recist	melanoma_core_high_evidence	GSE78220	EcoNiche-Opt-WordFullGraph	word_full_graph	caf_ecm_exclusion|tumor_dedifferentiation|VIM|VIM|coexpression_network	caf_ecm_exclusion	tumor_dedifferentiation	VIM	VIM	coexpression_network
primary_recist	melanoma_core_high_evidence	GSE78220	EcoNiche-Opt-WordFullGraph	word_full_graph	caf_ecm_exclusion|tumor_dedifferentiation|FN1|AXL|coexpression_network	caf_ecm_exclusion	tumor_dedifferentiation	FN1	AXL	coexpression_network
primary_recist	melanoma_core_high_evidence	GSE78220	EcoNiche-Opt-WordFullGraph	word_full_graph	myeloid_suppression|myeloid_suppression|S100A8|S100A9|coexpression_network	myeloid_suppression	myeloid_suppression	S100A8	S100A9	coexpression_network
primary_recist	melanoma_core_high_evidence	GSE78220	EcoNiche-Opt-WordFullGraph	word_full_graph	myeloid_suppression|myeloid_suppression|IL10|MRC1|coexpression_network	myeloid_suppression	myeloid_suppression	IL10	MRC1	coexpression_network
primary_recist	melanoma_core_high_evidence	GSE78220	EcoNiche-Opt-WordFullGraph	word_full_graph	myeloid_suppression|tcell_dysfunction|IL10|CTLA4|coexpression_network	myeloid_suppression	tcell_dysfunction	IL10	CTLA4	coexpression_network
primary_recist	melanoma_core_high_evidence	GSE78220	EcoNiche-Opt-WordFullGraph	word_full_graph	myeloid_suppression|tcell_dysfunction|MRC1|PDCD1|coexpression_network	myeloid_suppression	tcell_dysfunction	MRC1	PDCD1	coexpression_network
primary_recist	melanoma_core_high_evidence	GSE78220	EcoNiche-Opt-WordFullGraph	word_full_graph	myeloid_suppression|tnk_effector|MRC1|TOX|coexpression_network	myeloid_suppression	tnk_effector	MRC1	TOX	coexpression_network
primary_recist	melanoma_core_high_evidence	GSE78220	EcoNiche-Opt-WordFullGraph	word_full_graph	myeloid_suppression|tnk_effector|IGKV4-1|CD8A|coexpression_network	myeloid_suppression	tnk_effector	IGKV4-1	CD8A	coexpression_network
primary_recist	melanoma_core_high_evidence	GSE78220	EcoNiche-Opt-WordFullGraph	word_full_graph	myeloid_suppression|tumor_dedifferentiation|MRC1|AXL|coexpression_network	myeloid_suppression	tumor_dedifferentiation	MRC1	AXL	coexpression_network
primary_recist	melanoma_core_high_evidence	GSE78220	EcoNiche-Opt-WordFullGraph	word_full_graph	myeloid_suppression|tumor_dedifferentiation|IL10|AXL|coexpression_network	myeloid_suppression	tumor_dedifferentiation	IL10	AXL	coexpression_network
primary_recist	melanoma_core_high_evidence	GSE78220	EcoNiche-Opt-WordFullGraph	word_full_graph	tcell_dysfunction|tcell_dysfunction|CD8A|PDCD1|coexpression_network	tcell_dysfunction	tcell_dysfunction	CD8A	PDCD1	coexpression_network
primary_recist	melanoma_core_high_evidence	GSE78220	EcoNiche-Opt-WordFullGraph	word_full_graph	tcell_dysfunction|tcell_dysfunction|CD8A|LAG3|coexpression_network	tcell_dysfunction	tcell_dysfunction	CD8A	LAG3	coexpression_network
primary_recist	melanoma_core_high_evidence	GSE78220	EcoNiche-Opt-WordFullGraph	word_full_graph	tcell_dysfunction|tnk_effector|CD8A|CD8A|coexpression_network	tcell_dysfunction	tnk_effector	CD8A	CD8A	coexpression_network
primary_recist	melanoma_core_high_evidence	GSE78220	EcoNiche-Opt-WordFullGraph	word_full_graph	tcell_dysfunction|tnk_effector|PDCD1|CD8A|coexpression_network	tcell_dysfunction	tnk_effector	PDCD1	CD8A	coexpression_network
primary_recist	melanoma_core_high_evidence	GSE78220	EcoNiche-Opt-WordFullGraph	word_full_graph	tcell_dysfunction|tumor_dedifferentiation|LAG3|AXL|coexpression_network	tcell_dysfunction	tumor_dedifferentiation	LAG3	AXL	coexpression_network
primary_recist	melanoma_core_high_evidence	GSE78220	EcoNiche-Opt-WordFullGraph	word_full_graph	tcell_dysfunction|tumor_dedifferentiation|PDCD1|AXL|coexpression_network	tcell_dysfunction	tumor_dedifferentiation	PDCD1	AXL	coexpression_network
primary_recist	melanoma_core_high_evidence	GSE78220	EcoNiche-Opt-WordFullGraph	word_full_graph	tnk_effector|tnk_effector|CD8A|TOX|coexpression_network	tnk_effector	tnk_effector	CD8A	TOX	coexpression_network
primary_recist	melanoma_core_high_evidence	GSE78220	EcoNiche-Opt-WordFullGraph	word_full_graph	tnk_effector|tnk_effector|CD8A|CXCL11|coexpression_network	tnk_effector	tnk_effector	CD8A	CXCL11	coexpression_network
primary_recist	melanoma_core_high_evidence	GSE78220	EcoNiche-Opt-WordFullGraph	word_full_graph	tnk_effector|tumor_dedifferentiation|TOX|AXL|coexpression_network	tnk_effector	tumor_dedifferentiation	TOX	AXL	coexpression_network
primary_recist	melanoma_core_high_evidence	GSE78220	EcoNiche-Opt-WordFullGraph	word_full_graph	tnk_effector|tumor_dedifferentiation|CD8A|AXL|coexpression_network	tnk_effector	tumor_dedifferentiation	CD8A	AXL	coexpression_network
primary_recist	melanoma_core_high_evidence	GSE78220	EcoNiche-Opt-WordUnsignedGraph	word_unsigned_graph	tnk_effector|tnk_effector|GZMB|PRF1|pathway	tnk_effector	tnk_effector	GZMB	PRF1	pathway
primary_recist	melanoma_core_high_evidence	GSE78220	EcoNiche-Opt-WordUnsignedGraph	word_unsigned_graph	tcell_dysfunction|tcell_dysfunction|PDCD1|LAG3|checkpoint	tcell_dysfunction	tcell_dysfunction	PDCD1	LAG3	checkpoint
primary_recist	melanoma_core_high_evidence	GSE78220	EcoNiche-Opt-WordUnsignedGraph	word_unsigned_graph	tnk_effector|antigen_presentation_mhc|IFNG|HLA-A|regulatory	tnk_effector	antigen_presentation_mhc	IFNG	HLA-A	regulatory
primary_recist	melanoma_core_high_evidence	GSE78220	EcoNiche-Opt-WordUnsignedGraph	word_unsigned_graph	antigen_presentation_mhc|antigen_presentation_mhc|LAG3|PRF1|coexpression_network	antigen_presentation_mhc	antigen_presentation_mhc	LAG3	PRF1	coexpression_network
primary_recist	melanoma_core_high_evidence	GSE78220	EcoNiche-Opt-WordUnsignedGraph	word_unsigned_graph	antigen_presentation_mhc|antigen_presentation_mhc|HLA-A|TAP2|coexpression_network	antigen_presentation_mhc	antigen_presentation_mhc	HLA-A	TAP2	coexpression_network
primary_recist	melanoma_core_high_evidence	GSE78220	EcoNiche-Opt-WordUnsignedGraph	word_unsigned_graph	antigen_presentation_mhc|caf_ecm_exclusion|HLA-A|FN1|coexpression_network	antigen_presentation_mhc	caf_ecm_exclusion	HLA-A	FN1	coexpression_network
primary_recist	melanoma_core_high_evidence	GSE78220	EcoNiche-Opt-WordUnsignedGraph	word_unsigned_graph	antigen_presentation_mhc|caf_ecm_exclusion|PRF1|CXCL12|coexpression_network	antigen_presentation_mhc	caf_ecm_exclusion	PRF1	CXCL12	coexpression_network
primary_recist	melanoma_core_high_evidence	GSE78220	EcoNiche-Opt-WordUnsignedGraph	word_unsigned_graph	antigen_presentation_mhc|myeloid_suppression|HLA-A|CD68|coexpression_network	antigen_presentation_mhc	myeloid_suppression	HLA-A	CD68	coexpression_network
primary_recist	melanoma_core_high_evidence	GSE78220	EcoNiche-Opt-WordUnsignedGraph	word_unsigned_graph	antigen_presentation_mhc|myeloid_suppression|PRF1|CSF1R|coexpression_network	antigen_presentation_mhc	myeloid_suppression	PRF1	CSF1R	coexpression_network
primary_recist	melanoma_core_high_evidence	GSE78220	EcoNiche-Opt-WordUnsignedGraph	word_unsigned_graph	antigen_presentation_mhc|tcell_dysfunction|PRF1|PDCD1|coexpression_network	antigen_presentation_mhc	tcell_dysfunction	PRF1	PDCD1	coexpression_network
primary_recist	melanoma_core_high_evidence	GSE78220	EcoNiche-Opt-WordUnsignedGraph	word_unsigned_graph	antigen_presentation_mhc|tcell_dysfunction|LAG3|PDCD1|coexpression_network	antigen_presentation_mhc	tcell_dysfunction	LAG3	PDCD1	coexpression_network
primary_recist	melanoma_core_high_evidence	GSE78220	EcoNiche-Opt-WordUnsignedGraph	word_unsigned_graph	antigen_presentation_mhc|tnk_effector|PRF1|PRF1|coexpression_network	antigen_presentation_mhc	tnk_effector	PRF1	PRF1	coexpression_network
primary_recist	melanoma_core_high_evidence	GSE78220	EcoNiche-Opt-WordUnsignedGraph	word_unsigned_graph	antigen_presentation_mhc|tnk_effector|LAG3|PRF1|coexpression_network	antigen_presentation_mhc	tnk_effector	LAG3	PRF1	coexpression_network
primary_recist	melanoma_core_high_evidence	GSE78220	EcoNiche-Opt-WordUnsignedGraph	word_unsigned_graph	antigen_presentation_mhc|tumor_dedifferentiation|PRF1|IFNG|coexpression_network	antigen_presentation_mhc	tumor_dedifferentiation	PRF1	IFNG	coexpression_network
primary_recist	melanoma_core_high_evidence	GSE78220	EcoNiche-Opt-WordUnsignedGraph	word_unsigned_graph	antigen_presentation_mhc|tumor_dedifferentiation|LAG3|IFNG|coexpression_network	antigen_presentation_mhc	tumor_dedifferentiation	LAG3	IFNG	coexpression_network
primary_recist	melanoma_core_high_evidence	GSE78220	EcoNiche-Opt-WordUnsignedGraph	word_unsigned_graph	caf_ecm_exclusion|caf_ecm_exclusion|CXCL12|FN1|coexpression_network	caf_ecm_exclusion	caf_ecm_exclusion	CXCL12	FN1	coexpression_network
primary_recist	melanoma_core_high_evidence	GSE78220	EcoNiche-Opt-WordUnsignedGraph	word_unsigned_graph	caf_ecm_exclusion|caf_ecm_exclusion|FN1|VIM|coexpression_network	caf_ecm_exclusion	caf_ecm_exclusion	FN1	VIM	coexpression_network
primary_recist	melanoma_core_high_evidence	GSE78220	EcoNiche-Opt-WordUnsignedGraph	word_unsigned_graph	caf_ecm_exclusion|myeloid_suppression|CXCL12|CSF1R|coexpression_network	caf_ecm_exclusion	myeloid_suppression	CXCL12	CSF1R	coexpression_network
primary_recist	melanoma_core_high_evidence	GSE78220	EcoNiche-Opt-WordUnsignedGraph	word_unsigned_graph	caf_ecm_exclusion|myeloid_suppression|CXCL12|CD163|coexpression_network	caf_ecm_exclusion	myeloid_suppression	CXCL12	CD163	coexpression_network
primary_recist	melanoma_core_high_evidence	GSE78220	EcoNiche-Opt-WordUnsignedGraph	word_unsigned_graph	caf_ecm_exclusion|tcell_dysfunction|TRAJ10|IGLV2-11|coexpression_network	caf_ecm_exclusion	tcell_dysfunction	TRAJ10	IGLV2-11	coexpression_network
primary_recist	melanoma_core_high_evidence	GSE78220	EcoNiche-Opt-WordUnsignedGraph	word_unsigned_graph	caf_ecm_exclusion|tcell_dysfunction|CXCL12|HAVCR2|coexpression_network	caf_ecm_exclusion	tcell_dysfunction	CXCL12	HAVCR2	coexpression_network
primary_recist	melanoma_core_high_evidence	GSE78220	EcoNiche-Opt-WordUnsignedGraph	word_unsigned_graph	caf_ecm_exclusion|tnk_effector|CXCL12|PRF1|coexpression_network	caf_ecm_exclusion	tnk_effector	CXCL12	PRF1	coexpression_network
primary_recist	melanoma_core_high_evidence	GSE78220	EcoNiche-Opt-WordUnsignedGraph	word_unsigned_graph	caf_ecm_exclusion|tnk_effector|TRAJ10|PRF1|coexpression_network	caf_ecm_exclusion	tnk_effector	TRAJ10	PRF1	coexpression_network
primary_recist	melanoma_core_high_evidence	GSE78220	EcoNiche-Opt-WordUnsignedGraph	word_unsigned_graph	caf_ecm_exclusion|tumor_dedifferentiation|FN1|ZEB1|coexpression_network	caf_ecm_exclusion	tumor_dedifferentiation	FN1	ZEB1	coexpression_network
primary_recist	melanoma_core_high_evidence	GSE78220	EcoNiche-Opt-WordUnsignedGraph	word_unsigned_graph	caf_ecm_exclusion|tumor_dedifferentiation|TRAJ10|IFNG|coexpression_network	caf_ecm_exclusion	tumor_dedifferentiation	TRAJ10	IFNG	coexpression_network
primary_recist	melanoma_core_high_evidence	GSE78220	EcoNiche-Opt-WordUnsignedGraph	word_unsigned_graph	myeloid_suppression|myeloid_suppression|CD163|CSF1R|coexpression_network	myeloid_suppression	myeloid_suppression	CD163	CSF1R	coexpression_network
primary_recist	melanoma_core_high_evidence	GSE78220	EcoNiche-Opt-WordUnsignedGraph	word_unsigned_graph	myeloid_suppression|tcell_dysfunction|CD163|HAVCR2|coexpression_network	myeloid_suppression	tcell_dysfunction	CD163	HAVCR2	coexpression_network
primary_recist	melanoma_core_high_evidence	GSE78220	EcoNiche-Opt-WordUnsignedGraph	word_unsigned_graph	myeloid_suppression|tcell_dysfunction|CSF1R|HAVCR2|coexpression_network	myeloid_suppression	tcell_dysfunction	CSF1R	HAVCR2	coexpression_network
primary_recist	melanoma_core_high_evidence	GSE78220	EcoNiche-Opt-WordUnsignedGraph	word_unsigned_graph	myeloid_suppression|tnk_effector|CSF1R|PRF1|coexpression_network	myeloid_suppression	tnk_effector	CSF1R	PRF1	coexpression_network
primary_recist	melanoma_core_high_evidence	GSE78220	EcoNiche-Opt-WordUnsignedGraph	word_unsigned_graph	myeloid_suppression|tnk_effector|CD163|PRF1|coexpression_network	myeloid_suppression	tnk_effector	CD163	PRF1	coexpression_network
primary_recist	melanoma_core_high_evidence	GSE78220	EcoNiche-Opt-WordUnsignedGraph	word_unsigned_graph	myeloid_suppression|tumor_dedifferentiation|CD68|ZEB1|coexpression_network	myeloid_suppression	tumor_dedifferentiation	CD68	ZEB1	coexpression_network
primary_recist	melanoma_core_high_evidence	GSE78220	EcoNiche-Opt-WordUnsignedGraph	word_unsigned_graph	myeloid_suppression|tumor_dedifferentiation|CSF1R|ZEB1|coexpression_network	myeloid_suppression	tumor_dedifferentiation	CSF1R	ZEB1	coexpression_network
primary_recist	melanoma_core_high_evidence	GSE78220	EcoNiche-Opt-WordUnsignedGraph	word_unsigned_graph	tcell_dysfunction|tcell_dysfunction|IFNG|PDCD1|coexpression_network	tcell_dysfunction	tcell_dysfunction	IFNG	PDCD1	coexpression_network
primary_recist	melanoma_core_high_evidence	GSE78220	EcoNiche-Opt-WordUnsignedGraph	word_unsigned_graph	tcell_dysfunction|tcell_dysfunction|CXCL13|IFNG|coexpression_network	tcell_dysfunction	tcell_dysfunction	CXCL13	IFNG	coexpression_network
primary_recist	melanoma_core_high_evidence	GSE78220	EcoNiche-Opt-WordUnsignedGraph	word_unsigned_graph	tcell_dysfunction|tnk_effector|PDCD1|PRF1|coexpression_network	tcell_dysfunction	tnk_effector	PDCD1	PRF1	coexpression_network
primary_recist	melanoma_core_high_evidence	GSE78220	EcoNiche-Opt-WordUnsignedGraph	word_unsigned_graph	tcell_dysfunction|tnk_effector|IFNG|PRF1|coexpression_network	tcell_dysfunction	tnk_effector	IFNG	PRF1	coexpression_network
primary_recist	melanoma_core_high_evidence	GSE78220	EcoNiche-Opt-WordUnsignedGraph	word_unsigned_graph	tcell_dysfunction|tumor_dedifferentiation|IFNG|IFNG|coexpression_network	tcell_dysfunction	tumor_dedifferentiation	IFNG	IFNG	coexpression_network
primary_recist	melanoma_core_high_evidence	GSE78220	EcoNiche-Opt-WordUnsignedGraph	word_unsigned_graph	tcell_dysfunction|tumor_dedifferentiation|CXCL13|CXCL13|coexpression_network	tcell_dysfunction	tumor_dedifferentiation	CXCL13	CXCL13	coexpression_network
primary_recist	melanoma_core_high_evidence	GSE78220	EcoNiche-Opt-WordUnsignedGraph	word_unsigned_graph	tnk_effector|tnk_effector|CXCL10|CXCL11|coexpression_network	tnk_effector	tnk_effector	CXCL10	CXCL11	coexpression_network
primary_recist	melanoma_core_high_evidence	GSE78220	EcoNiche-Opt-WordUnsignedGraph	word_unsigned_graph	tnk_effector|tnk_effector|CXCL10|PRF1|coexpression_network	tnk_effector	tnk_effector	CXCL10	PRF1	coexpression_network
primary_recist	melanoma_core_high_evidence	GSE78220	EcoNiche-Opt-WordUnsignedGraph	word_unsigned_graph	tnk_effector|tumor_dedifferentiation|PRF1|IFNG|coexpression_network	tnk_effector	tumor_dedifferentiation	PRF1	IFNG	coexpression_network
primary_recist	melanoma_core_high_evidence	GSE78220	EcoNiche-Opt-WordUnsignedGraph	word_unsigned_graph	tnk_effector|tumor_dedifferentiation|CXCL10|CXCL13|coexpression_network	tnk_effector	tumor_dedifferentiation	CXCL10	CXCL13	coexpression_network
primary_recist	melanoma_core_high_evidence	GSE78220	EcoNiche-Opt-WordUnsignedGraph	word_unsigned_graph	tumor_dedifferentiation|tumor_dedifferentiation|CXCL13|IFNG|coexpression_network	tumor_dedifferentiation	tumor_dedifferentiation	CXCL13	IFNG	coexpression_network
primary_recist	melanoma_core_high_evidence	GSE78220	EcoNiche-Opt-WordUnsignedGraph	word_unsigned_graph	tumor_dedifferentiation|tumor_dedifferentiation|IFNG|ZEB1|coexpression_network	tumor_dedifferentiation	tumor_dedifferentiation	IFNG	ZEB1	coexpression_network
primary_recist	melanoma_core_high_evidence	GSE78220	EcoNiche-Opt-WordNoBioObjective	word_no_bio_objective	tnk_effector|tnk_effector|GZMB|PRF1|pathway	tnk_effector	tnk_effector	GZMB	PRF1	pathway
primary_recist	melanoma_core_high_evidence	GSE78220	EcoNiche-Opt-WordNoBioObjective	word_no_bio_objective	tcell_dysfunction|tcell_dysfunction|PDCD1|LAG3|checkpoint	tcell_dysfunction	tcell_dysfunction	PDCD1	LAG3	checkpoint
primary_recist	melanoma_core_high_evidence	GSE78220	EcoNiche-Opt-WordNoBioObjective	word_no_bio_objective	antigen_presentation_mhc|antigen_presentation_mhc|CD8A|LAG3|coexpression_network	antigen_presentation_mhc	antigen_presentation_mhc	CD8A	LAG3	coexpression_network
primary_recist	melanoma_core_high_evidence	GSE78220	EcoNiche-Opt-WordNoBioObjective	word_no_bio_objective	antigen_presentation_mhc|antigen_presentation_mhc|CD8A|CXCL13|coexpression_network	antigen_presentation_mhc	antigen_presentation_mhc	CD8A	CXCL13	coexpression_network
primary_recist	melanoma_core_high_evidence	GSE78220	EcoNiche-Opt-WordNoBioObjective	word_no_bio_objective	antigen_presentation_mhc|caf_ecm_exclusion|CD8A|CD8A|coexpression_network	antigen_presentation_mhc	caf_ecm_exclusion	CD8A	CD8A	coexpression_network
primary_recist	melanoma_core_high_evidence	GSE78220	EcoNiche-Opt-WordNoBioObjective	word_no_bio_objective	antigen_presentation_mhc|caf_ecm_exclusion|CD8A|PDCD1|coexpression_network	antigen_presentation_mhc	caf_ecm_exclusion	CD8A	PDCD1	coexpression_network
primary_recist	melanoma_core_high_evidence	GSE78220	EcoNiche-Opt-WordNoBioObjective	word_no_bio_objective	antigen_presentation_mhc|myeloid_suppression|LAG3|IL10|coexpression_network	antigen_presentation_mhc	myeloid_suppression	LAG3	IL10	coexpression_network
primary_recist	melanoma_core_high_evidence	GSE78220	EcoNiche-Opt-WordNoBioObjective	word_no_bio_objective	antigen_presentation_mhc|myeloid_suppression|CD8A|IL10|coexpression_network	antigen_presentation_mhc	myeloid_suppression	CD8A	IL10	coexpression_network
primary_recist	melanoma_core_high_evidence	GSE78220	EcoNiche-Opt-WordNoBioObjective	word_no_bio_objective	antigen_presentation_mhc|tcell_dysfunction|CXCL13|CXCL13|coexpression_network	antigen_presentation_mhc	tcell_dysfunction	CXCL13	CXCL13	coexpression_network
primary_recist	melanoma_core_high_evidence	GSE78220	EcoNiche-Opt-WordNoBioObjective	word_no_bio_objective	antigen_presentation_mhc|tcell_dysfunction|CD8A|PDCD1|coexpression_network	antigen_presentation_mhc	tcell_dysfunction	CD8A	PDCD1	coexpression_network
primary_recist	melanoma_core_high_evidence	GSE78220	EcoNiche-Opt-WordNoBioObjective	word_no_bio_objective	antigen_presentation_mhc|tnk_effector|IGHD2-15|IGHD2-15|coexpression_network	antigen_presentation_mhc	tnk_effector	IGHD2-15	IGHD2-15	coexpression_network
primary_recist	melanoma_core_high_evidence	GSE78220	EcoNiche-Opt-WordNoBioObjective	word_no_bio_objective	antigen_presentation_mhc|tnk_effector|CD8A|PRF1|coexpression_network	antigen_presentation_mhc	tnk_effector	CD8A	PRF1	coexpression_network
primary_recist	melanoma_core_high_evidence	GSE78220	EcoNiche-Opt-WordNoBioObjective	word_no_bio_objective	antigen_presentation_mhc|tumor_dedifferentiation|LAG3|LAG3|coexpression_network	antigen_presentation_mhc	tumor_dedifferentiation	LAG3	LAG3	coexpression_network
primary_recist	melanoma_core_high_evidence	GSE78220	EcoNiche-Opt-WordNoBioObjective	word_no_bio_objective	antigen_presentation_mhc|tumor_dedifferentiation|CD8A|LAG3|coexpression_network	antigen_presentation_mhc	tumor_dedifferentiation	CD8A	LAG3	coexpression_network
primary_recist	melanoma_core_high_evidence	GSE78220	EcoNiche-Opt-WordNoBioObjective	word_no_bio_objective	caf_ecm_exclusion|caf_ecm_exclusion|CD8A|PDCD1|coexpression_network	caf_ecm_exclusion	caf_ecm_exclusion	CD8A	PDCD1	coexpression_network
primary_recist	melanoma_core_high_evidence	GSE78220	EcoNiche-Opt-WordNoBioObjective	word_no_bio_objective	caf_ecm_exclusion|caf_ecm_exclusion|FRMPD3|PDCD1|coexpression_network	caf_ecm_exclusion	caf_ecm_exclusion	FRMPD3	PDCD1	coexpression_network
primary_recist	melanoma_core_high_evidence	GSE78220	EcoNiche-Opt-WordNoBioObjective	word_no_bio_objective	caf_ecm_exclusion|myeloid_suppression|TGFB1|TGFB1|coexpression_network	caf_ecm_exclusion	myeloid_suppression	TGFB1	TGFB1	coexpression_network
primary_recist	melanoma_core_high_evidence	GSE78220	EcoNiche-Opt-WordNoBioObjective	word_no_bio_objective	caf_ecm_exclusion|myeloid_suppression|PDCD1|IL10|coexpression_network	caf_ecm_exclusion	myeloid_suppression	PDCD1	IL10	coexpression_network
primary_recist	melanoma_core_high_evidence	GSE78220	EcoNiche-Opt-WordNoBioObjective	word_no_bio_objective	caf_ecm_exclusion|tcell_dysfunction|PDCD1|PDCD1|coexpression_network	caf_ecm_exclusion	tcell_dysfunction	PDCD1	PDCD1	coexpression_network
primary_recist	melanoma_core_high_evidence	GSE78220	EcoNiche-Opt-WordNoBioObjective	word_no_bio_objective	caf_ecm_exclusion|tcell_dysfunction|CD8A|PDCD1|coexpression_network	caf_ecm_exclusion	tcell_dysfunction	CD8A	PDCD1	coexpression_network
primary_recist	melanoma_core_high_evidence	GSE78220	EcoNiche-Opt-WordNoBioObjective	word_no_bio_objective	caf_ecm_exclusion|tnk_effector|PDCD1|PDCD1|coexpression_network	caf_ecm_exclusion	tnk_effector	PDCD1	PDCD1	coexpression_network
primary_recist	melanoma_core_high_evidence	GSE78220	EcoNiche-Opt-WordNoBioObjective	word_no_bio_objective	caf_ecm_exclusion|tnk_effector|FRMPD3|FRMPD3|coexpression_network	caf_ecm_exclusion	tnk_effector	FRMPD3	FRMPD3	coexpression_network
primary_recist	melanoma_core_high_evidence	GSE78220	EcoNiche-Opt-WordNoBioObjective	word_no_bio_objective	caf_ecm_exclusion|tumor_dedifferentiation|CD8A|LAG3|coexpression_network	caf_ecm_exclusion	tumor_dedifferentiation	CD8A	LAG3	coexpression_network
primary_recist	melanoma_core_high_evidence	GSE78220	EcoNiche-Opt-WordNoBioObjective	word_no_bio_objective	caf_ecm_exclusion|tumor_dedifferentiation|PDCD1|LAG3|coexpression_network	caf_ecm_exclusion	tumor_dedifferentiation	PDCD1	LAG3	coexpression_network
primary_recist	melanoma_core_high_evidence	GSE78220	EcoNiche-Opt-WordNoBioObjective	word_no_bio_objective	myeloid_suppression|myeloid_suppression|IL10|TGFB1|coexpression_network	myeloid_suppression	myeloid_suppression	IL10	TGFB1	coexpression_network
primary_recist	melanoma_core_high_evidence	GSE78220	EcoNiche-Opt-WordNoBioObjective	word_no_bio_objective	myeloid_suppression|myeloid_suppression|IGLV2-11|IL10|coexpression_network	myeloid_suppression	myeloid_suppression	IGLV2-11	IL10	coexpression_network
primary_recist	melanoma_core_high_evidence	GSE78220	EcoNiche-Opt-WordNoBioObjective	word_no_bio_objective	myeloid_suppression|tcell_dysfunction|IGLV2-11|IFNG|coexpression_network	myeloid_suppression	tcell_dysfunction	IGLV2-11	IFNG	coexpression_network
primary_recist	melanoma_core_high_evidence	GSE78220	EcoNiche-Opt-WordNoBioObjective	word_no_bio_objective	myeloid_suppression|tcell_dysfunction|IL10|PDCD1|coexpression_network	myeloid_suppression	tcell_dysfunction	IL10	PDCD1	coexpression_network
primary_recist	melanoma_core_high_evidence	GSE78220	EcoNiche-Opt-WordNoBioObjective	word_no_bio_objective	myeloid_suppression|tnk_effector|IL10|CTLA4|coexpression_network	myeloid_suppression	tnk_effector	IL10	CTLA4	coexpression_network
primary_recist	melanoma_core_high_evidence	GSE78220	EcoNiche-Opt-WordNoBioObjective	word_no_bio_objective	myeloid_suppression|tnk_effector|IL10|PRF1|coexpression_network	myeloid_suppression	tnk_effector	IL10	PRF1	coexpression_network
primary_recist	melanoma_core_high_evidence	GSE78220	EcoNiche-Opt-WordNoBioObjective	word_no_bio_objective	myeloid_suppression|tumor_dedifferentiation|IL10|GZMB|coexpression_network	myeloid_suppression	tumor_dedifferentiation	IL10	GZMB	coexpression_network
primary_recist	melanoma_core_high_evidence	GSE78220	EcoNiche-Opt-WordNoBioObjective	word_no_bio_objective	myeloid_suppression|tumor_dedifferentiation|IL10|LAG3|coexpression_network	myeloid_suppression	tumor_dedifferentiation	IL10	LAG3	coexpression_network
primary_recist	melanoma_core_high_evidence	GSE78220	EcoNiche-Opt-WordNoBioObjective	word_no_bio_objective	tcell_dysfunction|tcell_dysfunction|IFNG|PDCD1|coexpression_network	tcell_dysfunction	tcell_dysfunction	IFNG	PDCD1	coexpression_network
primary_recist	melanoma_core_high_evidence	GSE78220	EcoNiche-Opt-WordNoBioObjective	word_no_bio_objective	tcell_dysfunction|tcell_dysfunction|CXCL13|IFNG|coexpression_network	tcell_dysfunction	tcell_dysfunction	CXCL13	IFNG	coexpression_network
primary_recist	melanoma_core_high_evidence	GSE78220	EcoNiche-Opt-WordNoBioObjective	word_no_bio_objective	tcell_dysfunction|tnk_effector|TRAJ1|TRAJ1|coexpression_network	tcell_dysfunction	tnk_effector	TRAJ1	TRAJ1	coexpression_network
primary_recist	melanoma_core_high_evidence	GSE78220	EcoNiche-Opt-WordNoBioObjective	word_no_bio_objective	tcell_dysfunction|tnk_effector|PDCD1|PDCD1|coexpression_network	tcell_dysfunction	tnk_effector	PDCD1	PDCD1	coexpression_network
primary_recist	melanoma_core_high_evidence	GSE78220	EcoNiche-Opt-WordNoBioObjective	word_no_bio_objective	tcell_dysfunction|tumor_dedifferentiation|PDCD1|LAG3|coexpression_network	tcell_dysfunction	tumor_dedifferentiation	PDCD1	LAG3	coexpression_network
primary_recist	melanoma_core_high_evidence	GSE78220	EcoNiche-Opt-WordNoBioObjective	word_no_bio_objective	tcell_dysfunction|tumor_dedifferentiation|IFNG|LAG3|coexpression_network	tcell_dysfunction	tumor_dedifferentiation	IFNG	LAG3	coexpression_network
primary_recist	melanoma_core_high_evidence	GSE78220	EcoNiche-Opt-WordNoBioObjective	word_no_bio_objective	tnk_effector|tnk_effector|PDCD1|PRF1|coexpression_network	tnk_effector	tnk_effector	PDCD1	PRF1	coexpression_network
primary_recist	melanoma_core_high_evidence	GSE78220	EcoNiche-Opt-WordNoBioObjective	word_no_bio_objective	tnk_effector|tnk_effector|PDCD1|TOX|coexpression_network	tnk_effector	tnk_effector	PDCD1	TOX	coexpression_network
primary_recist	melanoma_core_high_evidence	GSE78220	EcoNiche-Opt-WordNoBioObjective	word_no_bio_objective	tnk_effector|tumor_dedifferentiation|PRF1|LAG3|coexpression_network	tnk_effector	tumor_dedifferentiation	PRF1	LAG3	coexpression_network
primary_recist	melanoma_core_high_evidence	GSE78220	EcoNiche-Opt-WordNoBioObjective	word_no_bio_objective	tnk_effector|tumor_dedifferentiation|PDCD1|LAG3|coexpression_network	tnk_effector	tumor_dedifferentiation	PDCD1	LAG3	coexpression_network
primary_recist	melanoma_core_high_evidence	GSE78220	EcoNiche-Opt-WordNoBioObjective	word_no_bio_objective	tumor_dedifferentiation|tumor_dedifferentiation|GZMB|LAG3|coexpression_network	tumor_dedifferentiation	tumor_dedifferentiation	GZMB	LAG3	coexpression_network
primary_recist	melanoma_core_high_evidence	GSE78220	EcoNiche-Opt-WordNoBioObjective	word_no_bio_objective	tumor_dedifferentiation|tumor_dedifferentiation|AXL|LAG3|coexpression_network	tumor_dedifferentiation	tumor_dedifferentiation	AXL	LAG3	coexpression_network
primary_recist	melanoma_core_high_evidence	PRJEB23709_PD1_PRE	EcoNiche-Opt-WordFullGraph	word_full_graph	antigen_presentation_mhc|antigen_presentation_mhc|PDCD1|PSMB9|coexpression_network	antigen_presentation_mhc	antigen_presentation_mhc	PDCD1	PSMB9	coexpression_network
primary_recist	melanoma_core_high_evidence	PRJEB23709_PD1_PRE	EcoNiche-Opt-WordFullGraph	word_full_graph	antigen_presentation_mhc|antigen_presentation_mhc|PSMB9|TAP1|coexpression_network	antigen_presentation_mhc	antigen_presentation_mhc	PSMB9	TAP1	coexpression_network
primary_recist	melanoma_core_high_evidence	PRJEB23709_PD1_PRE	EcoNiche-Opt-WordFullGraph	word_full_graph	antigen_presentation_mhc|caf_ecm_exclusion|LOC102724678|LOC102724678|coexpression_network	antigen_presentation_mhc	caf_ecm_exclusion	LOC102724678	LOC102724678	coexpression_network
primary_recist	melanoma_core_high_evidence	PRJEB23709_PD1_PRE	EcoNiche-Opt-WordFullGraph	word_full_graph	antigen_presentation_mhc|caf_ecm_exclusion|LOC100507600|LOC100507600|coexpression_network	antigen_presentation_mhc	caf_ecm_exclusion	LOC100507600	LOC100507600	coexpression_network
primary_recist	melanoma_core_high_evidence	PRJEB23709_PD1_PRE	EcoNiche-Opt-WordFullGraph	word_full_graph	antigen_presentation_mhc|myeloid_suppression|LOC100507600|IL10|coexpression_network	antigen_presentation_mhc	myeloid_suppression	LOC100507600	IL10	coexpression_network
primary_recist	melanoma_core_high_evidence	PRJEB23709_PD1_PRE	EcoNiche-Opt-WordFullGraph	word_full_graph	antigen_presentation_mhc|myeloid_suppression|LOC102724050|RASGRF2-AS1|coexpression_network	antigen_presentation_mhc	myeloid_suppression	LOC102724050	RASGRF2-AS1	coexpression_network
primary_recist	melanoma_core_high_evidence	PRJEB23709_PD1_PRE	EcoNiche-Opt-WordFullGraph	word_full_graph	antigen_presentation_mhc|tcell_dysfunction|PDCD1|TOX|coexpression_network	antigen_presentation_mhc	tcell_dysfunction	PDCD1	TOX	coexpression_network
primary_recist	melanoma_core_high_evidence	PRJEB23709_PD1_PRE	EcoNiche-Opt-WordFullGraph	word_full_graph	antigen_presentation_mhc|tcell_dysfunction|LOC100996635|H1F0|coexpression_network	antigen_presentation_mhc	tcell_dysfunction	LOC100996635	H1F0	coexpression_network
primary_recist	melanoma_core_high_evidence	PRJEB23709_PD1_PRE	EcoNiche-Opt-WordFullGraph	word_full_graph	antigen_presentation_mhc|tnk_effector|PDCD1|PRF1|coexpression_network	antigen_presentation_mhc	tnk_effector	PDCD1	PRF1	coexpression_network
primary_recist	melanoma_core_high_evidence	PRJEB23709_PD1_PRE	EcoNiche-Opt-WordFullGraph	word_full_graph	antigen_presentation_mhc|tnk_effector|PDCD1|CD8A|coexpression_network	antigen_presentation_mhc	tnk_effector	PDCD1	CD8A	coexpression_network
primary_recist	melanoma_core_high_evidence	PRJEB23709_PD1_PRE	EcoNiche-Opt-WordFullGraph	word_full_graph	antigen_presentation_mhc|tumor_dedifferentiation|LOC102724050|PAPD7|coexpression_network	antigen_presentation_mhc	tumor_dedifferentiation	LOC102724050	PAPD7	coexpression_network
primary_recist	melanoma_core_high_evidence	PRJEB23709_PD1_PRE	EcoNiche-Opt-WordFullGraph	word_full_graph	antigen_presentation_mhc|tumor_dedifferentiation|LOC102724050|WISP1|coexpression_network	antigen_presentation_mhc	tumor_dedifferentiation	LOC102724050	WISP1	coexpression_network
primary_recist	melanoma_core_high_evidence	PRJEB23709_PD1_PRE	EcoNiche-Opt-WordFullGraph	word_full_graph	caf_ecm_exclusion|caf_ecm_exclusion|COL1A2|COL3A1|coexpression_network	caf_ecm_exclusion	caf_ecm_exclusion	COL1A2	COL3A1	coexpression_network
primary_recist	melanoma_core_high_evidence	PRJEB23709_PD1_PRE	EcoNiche-Opt-WordFullGraph	word_full_graph	caf_ecm_exclusion|caf_ecm_exclusion|COL1A2|FAP|coexpression_network	caf_ecm_exclusion	caf_ecm_exclusion	COL1A2	FAP	coexpression_network
primary_recist	melanoma_core_high_evidence	PRJEB23709_PD1_PRE	EcoNiche-Opt-WordFullGraph	word_full_graph	caf_ecm_exclusion|myeloid_suppression|LOC100507600|IL10|coexpression_network	caf_ecm_exclusion	myeloid_suppression	LOC100507600	IL10	coexpression_network
primary_recist	melanoma_core_high_evidence	PRJEB23709_PD1_PRE	EcoNiche-Opt-WordFullGraph	word_full_graph	caf_ecm_exclusion|myeloid_suppression|FAP|CD163|coexpression_network	caf_ecm_exclusion	myeloid_suppression	FAP	CD163	coexpression_network
primary_recist	melanoma_core_high_evidence	PRJEB23709_PD1_PRE	EcoNiche-Opt-WordFullGraph	word_full_graph	caf_ecm_exclusion|tcell_dysfunction|LOC100507600|H1F0|coexpression_network	caf_ecm_exclusion	tcell_dysfunction	LOC100507600	H1F0	coexpression_network
primary_recist	melanoma_core_high_evidence	PRJEB23709_PD1_PRE	EcoNiche-Opt-WordFullGraph	word_full_graph	caf_ecm_exclusion|tcell_dysfunction|TGFBI|H1F0|coexpression_network	caf_ecm_exclusion	tcell_dysfunction	TGFBI	H1F0	coexpression_network
primary_recist	melanoma_core_high_evidence	PRJEB23709_PD1_PRE	EcoNiche-Opt-WordFullGraph	word_full_graph	caf_ecm_exclusion|tnk_effector|PAPD7|LINC00945|coexpression_network	caf_ecm_exclusion	tnk_effector	PAPD7	LINC00945	coexpression_network
primary_recist	melanoma_core_high_evidence	PRJEB23709_PD1_PRE	EcoNiche-Opt-WordFullGraph	word_full_graph	caf_ecm_exclusion|tnk_effector|FAP|WISP1|coexpression_network	caf_ecm_exclusion	tnk_effector	FAP	WISP1	coexpression_network
primary_recist	melanoma_core_high_evidence	PRJEB23709_PD1_PRE	EcoNiche-Opt-WordFullGraph	word_full_graph	caf_ecm_exclusion|tumor_dedifferentiation|PAPD7|PAPD7|coexpression_network	caf_ecm_exclusion	tumor_dedifferentiation	PAPD7	PAPD7	coexpression_network
primary_recist	melanoma_core_high_evidence	PRJEB23709_PD1_PRE	EcoNiche-Opt-WordFullGraph	word_full_graph	caf_ecm_exclusion|tumor_dedifferentiation|FAP|AXL|coexpression_network	caf_ecm_exclusion	tumor_dedifferentiation	FAP	AXL	coexpression_network
primary_recist	melanoma_core_high_evidence	PRJEB23709_PD1_PRE	EcoNiche-Opt-WordFullGraph	word_full_graph	myeloid_suppression|myeloid_suppression|CD163|IL10|coexpression_network	myeloid_suppression	myeloid_suppression	CD163	IL10	coexpression_network
primary_recist	melanoma_core_high_evidence	PRJEB23709_PD1_PRE	EcoNiche-Opt-WordFullGraph	word_full_graph	myeloid_suppression|myeloid_suppression|IL10|TGFB1|coexpression_network	myeloid_suppression	myeloid_suppression	IL10	TGFB1	coexpression_network
primary_recist	melanoma_core_high_evidence	PRJEB23709_PD1_PRE	EcoNiche-Opt-WordFullGraph	word_full_graph	myeloid_suppression|tcell_dysfunction|IL10|H1F0|coexpression_network	myeloid_suppression	tcell_dysfunction	IL10	H1F0	coexpression_network
primary_recist	melanoma_core_high_evidence	PRJEB23709_PD1_PRE	EcoNiche-Opt-WordFullGraph	word_full_graph	myeloid_suppression|tcell_dysfunction|TGFB1|TOX|coexpression_network	myeloid_suppression	tcell_dysfunction	TGFB1	TOX	coexpression_network
primary_recist	melanoma_core_high_evidence	PRJEB23709_PD1_PRE	EcoNiche-Opt-WordFullGraph	word_full_graph	myeloid_suppression|tnk_effector|TGFB1|PRF1|coexpression_network	myeloid_suppression	tnk_effector	TGFB1	PRF1	coexpression_network
primary_recist	melanoma_core_high_evidence	PRJEB23709_PD1_PRE	EcoNiche-Opt-WordFullGraph	word_full_graph	myeloid_suppression|tnk_effector|TGFB1|CD8A|coexpression_network	myeloid_suppression	tnk_effector	TGFB1	CD8A	coexpression_network
primary_recist	melanoma_core_high_evidence	PRJEB23709_PD1_PRE	EcoNiche-Opt-WordFullGraph	word_full_graph	myeloid_suppression|tumor_dedifferentiation|VIM|VIM|coexpression_network	myeloid_suppression	tumor_dedifferentiation	VIM	VIM	coexpression_network
primary_recist	melanoma_core_high_evidence	PRJEB23709_PD1_PRE	EcoNiche-Opt-WordFullGraph	word_full_graph	myeloid_suppression|tumor_dedifferentiation|IL10|MGC57346|coexpression_network	myeloid_suppression	tumor_dedifferentiation	IL10	MGC57346	coexpression_network
primary_recist	melanoma_core_high_evidence	PRJEB23709_PD1_PRE	EcoNiche-Opt-WordFullGraph	word_full_graph	tcell_dysfunction|tcell_dysfunction|H1F0|LOC101927843|coexpression_network	tcell_dysfunction	tcell_dysfunction	H1F0	LOC101927843	coexpression_network
primary_recist	melanoma_core_high_evidence	PRJEB23709_PD1_PRE	EcoNiche-Opt-WordFullGraph	word_full_graph	tcell_dysfunction|tcell_dysfunction|LOC101927843|TOX|coexpression_network	tcell_dysfunction	tcell_dysfunction	LOC101927843	TOX	coexpression_network
primary_recist	melanoma_core_high_evidence	PRJEB23709_PD1_PRE	EcoNiche-Opt-WordFullGraph	word_full_graph	tcell_dysfunction|tnk_effector|TOX|CD8A|coexpression_network	tcell_dysfunction	tnk_effector	TOX	CD8A	coexpression_network
primary_recist	melanoma_core_high_evidence	PRJEB23709_PD1_PRE	EcoNiche-Opt-WordFullGraph	word_full_graph	tcell_dysfunction|tnk_effector|TOX|CXCL9|coexpression_network	tcell_dysfunction	tnk_effector	TOX	CXCL9	coexpression_network
primary_recist	melanoma_core_high_evidence	PRJEB23709_PD1_PRE	EcoNiche-Opt-WordFullGraph	word_full_graph	tcell_dysfunction|tumor_dedifferentiation|H1F0|LOC388849|coexpression_network	tcell_dysfunction	tumor_dedifferentiation	H1F0	LOC388849	coexpression_network
primary_recist	melanoma_core_high_evidence	PRJEB23709_PD1_PRE	EcoNiche-Opt-WordFullGraph	word_full_graph	tcell_dysfunction|tumor_dedifferentiation|LOC101927843|AXL|coexpression_network	tcell_dysfunction	tumor_dedifferentiation	LOC101927843	AXL	coexpression_network
primary_recist	melanoma_core_high_evidence	PRJEB23709_PD1_PRE	EcoNiche-Opt-WordFullGraph	word_full_graph	tnk_effector|tnk_effector|CXCL10|CXCL9|coexpression_network	tnk_effector	tnk_effector	CXCL10	CXCL9	coexpression_network
primary_recist	melanoma_core_high_evidence	PRJEB23709_PD1_PRE	EcoNiche-Opt-WordFullGraph	word_full_graph	tnk_effector|tnk_effector|CD8A|PRF1|coexpression_network	tnk_effector	tnk_effector	CD8A	PRF1	coexpression_network
primary_recist	melanoma_core_high_evidence	PRJEB23709_PD1_PRE	EcoNiche-Opt-WordFullGraph	word_full_graph	tnk_effector|tumor_dedifferentiation|WISP1|WISP1|coexpression_network	tnk_effector	tumor_dedifferentiation	WISP1	WISP1	coexpression_network
primary_recist	melanoma_core_high_evidence	PRJEB23709_PD1_PRE	EcoNiche-Opt-WordFullGraph	word_full_graph	tnk_effector|tumor_dedifferentiation|LINC00945|LINC00945|coexpression_network	tnk_effector	tumor_dedifferentiation	LINC00945	LINC00945	coexpression_network
primary_recist	melanoma_core_high_evidence	PRJEB23709_PD1_PRE	EcoNiche-Opt-WordFullGraph	word_full_graph	tumor_dedifferentiation|tumor_dedifferentiation|LINC00945|PAPD7|coexpression_network	tumor_dedifferentiation	tumor_dedifferentiation	LINC00945	PAPD7	coexpression_network
primary_recist	melanoma_core_high_evidence	PRJEB23709_PD1_PRE	EcoNiche-Opt-WordFullGraph	word_full_graph	tumor_dedifferentiation|tumor_dedifferentiation|AXL|C19orf10|coexpression_network	tumor_dedifferentiation	tumor_dedifferentiation	AXL	C19orf10	coexpression_network
primary_recist	melanoma_core_high_evidence	PRJEB23709_PD1_PRE	EcoNiche-Opt-WordUnsignedGraph	word_unsigned_graph	antigen_presentation_mhc|antigen_presentation_mhc|PSMB8|PSMB9|coexpression_network	antigen_presentation_mhc	antigen_presentation_mhc	PSMB8	PSMB9	coexpression_network
primary_recist	melanoma_core_high_evidence	PRJEB23709_PD1_PRE	EcoNiche-Opt-WordUnsignedGraph	word_unsigned_graph	antigen_presentation_mhc|antigen_presentation_mhc|PSMB8|TAP2|coexpression_network	antigen_presentation_mhc	antigen_presentation_mhc	PSMB8	TAP2	coexpression_network
primary_recist	melanoma_core_high_evidence	PRJEB23709_PD1_PRE	EcoNiche-Opt-WordUnsignedGraph	word_unsigned_graph	antigen_presentation_mhc|caf_ecm_exclusion|LINC00945|LINC00945|coexpression_network	antigen_presentation_mhc	caf_ecm_exclusion	LINC00945	LINC00945	coexpression_network
primary_recist	melanoma_core_high_evidence	PRJEB23709_PD1_PRE	EcoNiche-Opt-WordUnsignedGraph	word_unsigned_graph	antigen_presentation_mhc|caf_ecm_exclusion|PSMB9|TGFB1|coexpression_network	antigen_presentation_mhc	caf_ecm_exclusion	PSMB9	TGFB1	coexpression_network
primary_recist	melanoma_core_high_evidence	PRJEB23709_PD1_PRE	EcoNiche-Opt-WordUnsignedGraph	word_unsigned_graph	antigen_presentation_mhc|myeloid_suppression|LOC102724050|LOC102724050|coexpression_network	antigen_presentation_mhc	myeloid_suppression	LOC102724050	LOC102724050	coexpression_network
primary_recist	melanoma_core_high_evidence	PRJEB23709_PD1_PRE	EcoNiche-Opt-WordUnsignedGraph	word_unsigned_graph	antigen_presentation_mhc|myeloid_suppression|LINC00945|LINC00945|coexpression_network	antigen_presentation_mhc	myeloid_suppression	LINC00945	LINC00945	coexpression_network
primary_recist	melanoma_core_high_evidence	PRJEB23709_PD1_PRE	EcoNiche-Opt-WordUnsignedGraph	word_unsigned_graph	antigen_presentation_mhc|tcell_dysfunction|LINC00945|LINC00945|coexpression_network	antigen_presentation_mhc	tcell_dysfunction	LINC00945	LINC00945	coexpression_network
primary_recist	melanoma_core_high_evidence	PRJEB23709_PD1_PRE	EcoNiche-Opt-WordUnsignedGraph	word_unsigned_graph	antigen_presentation_mhc|tcell_dysfunction|PSMB9|PDCD1|coexpression_network	antigen_presentation_mhc	tcell_dysfunction	PSMB9	PDCD1	coexpression_network
primary_recist	melanoma_core_high_evidence	PRJEB23709_PD1_PRE	EcoNiche-Opt-WordUnsignedGraph	word_unsigned_graph	antigen_presentation_mhc|tnk_effector|LOC102724050|LOC102724050|coexpression_network	antigen_presentation_mhc	tnk_effector	LOC102724050	LOC102724050	coexpression_network
primary_recist	melanoma_core_high_evidence	PRJEB23709_PD1_PRE	EcoNiche-Opt-WordUnsignedGraph	word_unsigned_graph	antigen_presentation_mhc|tnk_effector|LINC00945|LINC00945|coexpression_network	antigen_presentation_mhc	tnk_effector	LINC00945	LINC00945	coexpression_network
primary_recist	melanoma_core_high_evidence	PRJEB23709_PD1_PRE	EcoNiche-Opt-WordUnsignedGraph	word_unsigned_graph	antigen_presentation_mhc|tumor_dedifferentiation|LOC102724050|LOC102724050|coexpression_network	antigen_presentation_mhc	tumor_dedifferentiation	LOC102724050	LOC102724050	coexpression_network
primary_recist	melanoma_core_high_evidence	PRJEB23709_PD1_PRE	EcoNiche-Opt-WordUnsignedGraph	word_unsigned_graph	antigen_presentation_mhc|tumor_dedifferentiation|PSMB9|PDCD1|coexpression_network	antigen_presentation_mhc	tumor_dedifferentiation	PSMB9	PDCD1	coexpression_network
primary_recist	melanoma_core_high_evidence	PRJEB23709_PD1_PRE	EcoNiche-Opt-WordUnsignedGraph	word_unsigned_graph	caf_ecm_exclusion|caf_ecm_exclusion|H1F0|TGFBI|coexpression_network	caf_ecm_exclusion	caf_ecm_exclusion	H1F0	TGFBI	coexpression_network
primary_recist	melanoma_core_high_evidence	PRJEB23709_PD1_PRE	EcoNiche-Opt-WordUnsignedGraph	word_unsigned_graph	caf_ecm_exclusion|caf_ecm_exclusion|TGFB1|TGFBI|coexpression_network	caf_ecm_exclusion	caf_ecm_exclusion	TGFB1	TGFBI	coexpression_network
primary_recist	melanoma_core_high_evidence	PRJEB23709_PD1_PRE	EcoNiche-Opt-WordUnsignedGraph	word_unsigned_graph	caf_ecm_exclusion|myeloid_suppression|LINC00945|LINC00945|coexpression_network	caf_ecm_exclusion	myeloid_suppression	LINC00945	LINC00945	coexpression_network
primary_recist	melanoma_core_high_evidence	PRJEB23709_PD1_PRE	EcoNiche-Opt-WordUnsignedGraph	word_unsigned_graph	caf_ecm_exclusion|myeloid_suppression|LINC00945|LOC102724050|coexpression_network	caf_ecm_exclusion	myeloid_suppression	LINC00945	LOC102724050	coexpression_network
primary_recist	melanoma_core_high_evidence	PRJEB23709_PD1_PRE	EcoNiche-Opt-WordUnsignedGraph	word_unsigned_graph	caf_ecm_exclusion|tcell_dysfunction|LINC00945|LINC00945|coexpression_network	caf_ecm_exclusion	tcell_dysfunction	LINC00945	LINC00945	coexpression_network
primary_recist	melanoma_core_high_evidence	PRJEB23709_PD1_PRE	EcoNiche-Opt-WordUnsignedGraph	word_unsigned_graph	caf_ecm_exclusion|tcell_dysfunction|H1F0|H1F0|coexpression_network	caf_ecm_exclusion	tcell_dysfunction	H1F0	H1F0	coexpression_network
primary_recist	melanoma_core_high_evidence	PRJEB23709_PD1_PRE	EcoNiche-Opt-WordUnsignedGraph	word_unsigned_graph	caf_ecm_exclusion|tnk_effector|VIM|VIM|coexpression_network	caf_ecm_exclusion	tnk_effector	VIM	VIM	coexpression_network
primary_recist	melanoma_core_high_evidence	PRJEB23709_PD1_PRE	EcoNiche-Opt-WordUnsignedGraph	word_unsigned_graph	caf_ecm_exclusion|tnk_effector|LINC00945|LINC00945|coexpression_network	caf_ecm_exclusion	tnk_effector	LINC00945	LINC00945	coexpression_network
primary_recist	melanoma_core_high_evidence	PRJEB23709_PD1_PRE	EcoNiche-Opt-WordUnsignedGraph	word_unsigned_graph	caf_ecm_exclusion|tumor_dedifferentiation|LINC00945|PAPD7|coexpression_network	caf_ecm_exclusion	tumor_dedifferentiation	LINC00945	PAPD7	coexpression_network
primary_recist	melanoma_core_high_evidence	PRJEB23709_PD1_PRE	EcoNiche-Opt-WordUnsignedGraph	word_unsigned_graph	caf_ecm_exclusion|tumor_dedifferentiation|TGFB1|MITF|coexpression_network	caf_ecm_exclusion	tumor_dedifferentiation	TGFB1	MITF	coexpression_network
primary_recist	melanoma_core_high_evidence	PRJEB23709_PD1_PRE	EcoNiche-Opt-WordUnsignedGraph	word_unsigned_graph	myeloid_suppression|myeloid_suppression|CSF1R|ITGAM|coexpression_network	myeloid_suppression	myeloid_suppression	CSF1R	ITGAM	coexpression_network
primary_recist	melanoma_core_high_evidence	PRJEB23709_PD1_PRE	EcoNiche-Opt-WordUnsignedGraph	word_unsigned_graph	myeloid_suppression|myeloid_suppression|IL10|ITGAM|coexpression_network	myeloid_suppression	myeloid_suppression	IL10	ITGAM	coexpression_network
primary_recist	melanoma_core_high_evidence	PRJEB23709_PD1_PRE	EcoNiche-Opt-WordUnsignedGraph	word_unsigned_graph	myeloid_suppression|tcell_dysfunction|LINC00945|LINC00945|coexpression_network	myeloid_suppression	tcell_dysfunction	LINC00945	LINC00945	coexpression_network
primary_recist	melanoma_core_high_evidence	PRJEB23709_PD1_PRE	EcoNiche-Opt-WordUnsignedGraph	word_unsigned_graph	myeloid_suppression|tcell_dysfunction|ITGAM|HAVCR2|coexpression_network	myeloid_suppression	tcell_dysfunction	ITGAM	HAVCR2	coexpression_network
primary_recist	melanoma_core_high_evidence	PRJEB23709_PD1_PRE	EcoNiche-Opt-WordUnsignedGraph	word_unsigned_graph	myeloid_suppression|tnk_effector|LOC102724050|LOC102724050|coexpression_network	myeloid_suppression	tnk_effector	LOC102724050	LOC102724050	coexpression_network
primary_recist	melanoma_core_high_evidence	PRJEB23709_PD1_PRE	EcoNiche-Opt-WordUnsignedGraph	word_unsigned_graph	myeloid_suppression|tnk_effector|LINC00945|LINC00945|coexpression_network	myeloid_suppression	tnk_effector	LINC00945	LINC00945	coexpression_network
primary_recist	melanoma_core_high_evidence	PRJEB23709_PD1_PRE	EcoNiche-Opt-WordUnsignedGraph	word_unsigned_graph	myeloid_suppression|tumor_dedifferentiation|LOC102724050|LOC102724050|coexpression_network	myeloid_suppression	tumor_dedifferentiation	LOC102724050	LOC102724050	coexpression_network
primary_recist	melanoma_core_high_evidence	PRJEB23709_PD1_PRE	EcoNiche-Opt-WordUnsignedGraph	word_unsigned_graph	myeloid_suppression|tumor_dedifferentiation|LOC102724050|PAPD7|coexpression_network	myeloid_suppression	tumor_dedifferentiation	LOC102724050	PAPD7	coexpression_network
primary_recist	melanoma_core_high_evidence	PRJEB23709_PD1_PRE	EcoNiche-Opt-WordUnsignedGraph	word_unsigned_graph	tcell_dysfunction|tcell_dysfunction|CXCL13|PDCD1|coexpression_network	tcell_dysfunction	tcell_dysfunction	CXCL13	PDCD1	coexpression_network
primary_recist	melanoma_core_high_evidence	PRJEB23709_PD1_PRE	EcoNiche-Opt-WordUnsignedGraph	word_unsigned_graph	tcell_dysfunction|tcell_dysfunction|H1F0|LOC100996635|coexpression_network	tcell_dysfunction	tcell_dysfunction	H1F0	LOC100996635	coexpression_network
primary_recist	melanoma_core_high_evidence	PRJEB23709_PD1_PRE	EcoNiche-Opt-WordUnsignedGraph	word_unsigned_graph	tcell_dysfunction|tnk_effector|LINC00945|LINC00945|coexpression_network	tcell_dysfunction	tnk_effector	LINC00945	LINC00945	coexpression_network
primary_recist	melanoma_core_high_evidence	PRJEB23709_PD1_PRE	EcoNiche-Opt-WordUnsignedGraph	word_unsigned_graph	tcell_dysfunction|tnk_effector|PDCD1|CD8B|coexpression_network	tcell_dysfunction	tnk_effector	PDCD1	CD8B	coexpression_network
primary_recist	melanoma_core_high_evidence	PRJEB23709_PD1_PRE	EcoNiche-Opt-WordUnsignedGraph	word_unsigned_graph	tcell_dysfunction|tumor_dedifferentiation|PDCD1|PDCD1|coexpression_network	tcell_dysfunction	tumor_dedifferentiation	PDCD1	PDCD1	coexpression_network
primary_recist	melanoma_core_high_evidence	PRJEB23709_PD1_PRE	EcoNiche-Opt-WordUnsignedGraph	word_unsigned_graph	tcell_dysfunction|tumor_dedifferentiation|LOC100996635|LOC100996635|coexpression_network	tcell_dysfunction	tumor_dedifferentiation	LOC100996635	LOC100996635	coexpression_network
primary_recist	melanoma_core_high_evidence	PRJEB23709_PD1_PRE	EcoNiche-Opt-WordUnsignedGraph	word_unsigned_graph	tnk_effector|tnk_effector|CCL5|CD8B|coexpression_network	tnk_effector	tnk_effector	CCL5	CD8B	coexpression_network
primary_recist	melanoma_core_high_evidence	PRJEB23709_PD1_PRE	EcoNiche-Opt-WordUnsignedGraph	word_unsigned_graph	tnk_effector|tnk_effector|CCL5|IFNG|coexpression_network	tnk_effector	tnk_effector	CCL5	IFNG	coexpression_network
primary_recist	melanoma_core_high_evidence	PRJEB23709_PD1_PRE	EcoNiche-Opt-WordUnsignedGraph	word_unsigned_graph	tnk_effector|tumor_dedifferentiation|PAPD7|PAPD7|coexpression_network	tnk_effector	tumor_dedifferentiation	PAPD7	PAPD7	coexpression_network
primary_recist	melanoma_core_high_evidence	PRJEB23709_PD1_PRE	EcoNiche-Opt-WordUnsignedGraph	word_unsigned_graph	tnk_effector|tumor_dedifferentiation|LOC102724050|LOC102724050|coexpression_network	tnk_effector	tumor_dedifferentiation	LOC102724050	LOC102724050	coexpression_network
primary_recist	melanoma_core_high_evidence	PRJEB23709_PD1_PRE	EcoNiche-Opt-WordUnsignedGraph	word_unsigned_graph	tumor_dedifferentiation|tumor_dedifferentiation|MITF|SOX10|coexpression_network	tumor_dedifferentiation	tumor_dedifferentiation	MITF	SOX10	coexpression_network
primary_recist	melanoma_core_high_evidence	PRJEB23709_PD1_PRE	EcoNiche-Opt-WordUnsignedGraph	word_unsigned_graph	tumor_dedifferentiation|tumor_dedifferentiation|LOC102724050|PAPD7|coexpression_network	tumor_dedifferentiation	tumor_dedifferentiation	LOC102724050	PAPD7	coexpression_network
primary_recist	melanoma_core_high_evidence	PRJEB23709_PD1_PRE	EcoNiche-Opt-WordNoBioObjective	word_no_bio_objective	myeloid_suppression|myeloid_suppression|S100A8|S100A9|network	myeloid_suppression	myeloid_suppression	S100A8	S100A9	network
primary_recist	melanoma_core_high_evidence	PRJEB23709_PD1_PRE	EcoNiche-Opt-WordNoBioObjective	word_no_bio_objective	antigen_presentation_mhc|antigen_presentation_mhc|LOC101927356|LOC102724050|coexpression_network	antigen_presentation_mhc	antigen_presentation_mhc	LOC101927356	LOC102724050	coexpression_network
primary_recist	melanoma_core_high_evidence	PRJEB23709_PD1_PRE	EcoNiche-Opt-WordNoBioObjective	word_no_bio_objective	antigen_presentation_mhc|antigen_presentation_mhc|PSMB9|TAP2|coexpression_network	antigen_presentation_mhc	antigen_presentation_mhc	PSMB9	TAP2	coexpression_network
primary_recist	melanoma_core_high_evidence	PRJEB23709_PD1_PRE	EcoNiche-Opt-WordNoBioObjective	word_no_bio_objective	antigen_presentation_mhc|caf_ecm_exclusion|LOC102724050|LOC102724050|coexpression_network	antigen_presentation_mhc	caf_ecm_exclusion	LOC102724050	LOC102724050	coexpression_network
primary_recist	melanoma_core_high_evidence	PRJEB23709_PD1_PRE	EcoNiche-Opt-WordNoBioObjective	word_no_bio_objective	antigen_presentation_mhc|caf_ecm_exclusion|LOC101927356|LOC101927356|coexpression_network	antigen_presentation_mhc	caf_ecm_exclusion	LOC101927356	LOC101927356	coexpression_network
primary_recist	melanoma_core_high_evidence	PRJEB23709_PD1_PRE	EcoNiche-Opt-WordNoBioObjective	word_no_bio_objective	antigen_presentation_mhc|myeloid_suppression|LOC101927356|LOC101927356|coexpression_network	antigen_presentation_mhc	myeloid_suppression	LOC101927356	LOC101927356	coexpression_network
primary_recist	melanoma_core_high_evidence	PRJEB23709_PD1_PRE	EcoNiche-Opt-WordNoBioObjective	word_no_bio_objective	antigen_presentation_mhc|myeloid_suppression|LOC102724050|LOC101927356|coexpression_network	antigen_presentation_mhc	myeloid_suppression	LOC102724050	LOC101927356	coexpression_network
primary_recist	melanoma_core_high_evidence	PRJEB23709_PD1_PRE	EcoNiche-Opt-WordNoBioObjective	word_no_bio_objective	antigen_presentation_mhc|tcell_dysfunction|PSMB9|PDCD1|coexpression_network	antigen_presentation_mhc	tcell_dysfunction	PSMB9	PDCD1	coexpression_network
primary_recist	melanoma_core_high_evidence	PRJEB23709_PD1_PRE	EcoNiche-Opt-WordNoBioObjective	word_no_bio_objective	antigen_presentation_mhc|tcell_dysfunction|PSMB9|TIGIT|coexpression_network	antigen_presentation_mhc	tcell_dysfunction	PSMB9	TIGIT	coexpression_network
primary_recist	melanoma_core_high_evidence	PRJEB23709_PD1_PRE	EcoNiche-Opt-WordNoBioObjective	word_no_bio_objective	antigen_presentation_mhc|tnk_effector|PSMB9|PRF1|coexpression_network	antigen_presentation_mhc	tnk_effector	PSMB9	PRF1	coexpression_network
primary_recist	melanoma_core_high_evidence	PRJEB23709_PD1_PRE	EcoNiche-Opt-WordNoBioObjective	word_no_bio_objective	antigen_presentation_mhc|tnk_effector|PSMB9|IFNG|coexpression_network	antigen_presentation_mhc	tnk_effector	PSMB9	IFNG	coexpression_network
primary_recist	melanoma_core_high_evidence	PRJEB23709_PD1_PRE	EcoNiche-Opt-WordNoBioObjective	word_no_bio_objective	antigen_presentation_mhc|tumor_dedifferentiation|LOC101927356|LOC101927356|coexpression_network	antigen_presentation_mhc	tumor_dedifferentiation	LOC101927356	LOC101927356	coexpression_network
primary_recist	melanoma_core_high_evidence	PRJEB23709_PD1_PRE	EcoNiche-Opt-WordNoBioObjective	word_no_bio_objective	antigen_presentation_mhc|tumor_dedifferentiation|LOC102724050|LOC101927356|coexpression_network	antigen_presentation_mhc	tumor_dedifferentiation	LOC102724050	LOC101927356	coexpression_network
primary_recist	melanoma_core_high_evidence	PRJEB23709_PD1_PRE	EcoNiche-Opt-WordNoBioObjective	word_no_bio_objective	caf_ecm_exclusion|caf_ecm_exclusion|LOC101927356|LOC102724050|coexpression_network	caf_ecm_exclusion	caf_ecm_exclusion	LOC101927356	LOC102724050	coexpression_network
primary_recist	melanoma_core_high_evidence	PRJEB23709_PD1_PRE	EcoNiche-Opt-WordNoBioObjective	word_no_bio_objective	caf_ecm_exclusion|caf_ecm_exclusion|LOC100507600|LOC100996635|coexpression_network	caf_ecm_exclusion	caf_ecm_exclusion	LOC100507600	LOC100996635	coexpression_network
primary_recist	melanoma_core_high_evidence	PRJEB23709_PD1_PRE	EcoNiche-Opt-WordNoBioObjective	word_no_bio_objective	caf_ecm_exclusion|myeloid_suppression|VIM|VIM|coexpression_network	caf_ecm_exclusion	myeloid_suppression	VIM	VIM	coexpression_network
primary_recist	melanoma_core_high_evidence	PRJEB23709_PD1_PRE	EcoNiche-Opt-WordNoBioObjective	word_no_bio_objective	caf_ecm_exclusion|myeloid_suppression|LOC101927356|LOC101927356|coexpression_network	caf_ecm_exclusion	myeloid_suppression	LOC101927356	LOC101927356	coexpression_network
primary_recist	melanoma_core_high_evidence	PRJEB23709_PD1_PRE	EcoNiche-Opt-WordNoBioObjective	word_no_bio_objective	caf_ecm_exclusion|tcell_dysfunction|FN1|LOC388849|coexpression_network	caf_ecm_exclusion	tcell_dysfunction	FN1	LOC388849	coexpression_network
primary_recist	melanoma_core_high_evidence	PRJEB23709_PD1_PRE	EcoNiche-Opt-WordNoBioObjective	word_no_bio_objective	caf_ecm_exclusion|tcell_dysfunction|CXCL12|HAVCR2|coexpression_network	caf_ecm_exclusion	tcell_dysfunction	CXCL12	HAVCR2	coexpression_network
primary_recist	melanoma_core_high_evidence	PRJEB23709_PD1_PRE	EcoNiche-Opt-WordNoBioObjective	word_no_bio_objective	caf_ecm_exclusion|tnk_effector|RASGRF2-AS1|RASGRF2-AS1|coexpression_network	caf_ecm_exclusion	tnk_effector	RASGRF2-AS1	RASGRF2-AS1	coexpression_network
primary_recist	melanoma_core_high_evidence	PRJEB23709_PD1_PRE	EcoNiche-Opt-WordNoBioObjective	word_no_bio_objective	caf_ecm_exclusion|tnk_effector|LOC102724050|PAPD7|coexpression_network	caf_ecm_exclusion	tnk_effector	LOC102724050	PAPD7	coexpression_network
primary_recist	melanoma_core_high_evidence	PRJEB23709_PD1_PRE	EcoNiche-Opt-WordNoBioObjective	word_no_bio_objective	caf_ecm_exclusion|tumor_dedifferentiation|RASGRF2-AS1|RASGRF2-AS1|coexpression_network	caf_ecm_exclusion	tumor_dedifferentiation	RASGRF2-AS1	RASGRF2-AS1	coexpression_network
primary_recist	melanoma_core_high_evidence	PRJEB23709_PD1_PRE	EcoNiche-Opt-WordNoBioObjective	word_no_bio_objective	caf_ecm_exclusion|tumor_dedifferentiation|LOC101927356|LOC101927356|coexpression_network	caf_ecm_exclusion	tumor_dedifferentiation	LOC101927356	LOC101927356	coexpression_network
primary_recist	melanoma_core_high_evidence	PRJEB23709_PD1_PRE	EcoNiche-Opt-WordNoBioObjective	word_no_bio_objective	myeloid_suppression|myeloid_suppression|S100A8|S100A9|coexpression_network	myeloid_suppression	myeloid_suppression	S100A8	S100A9	coexpression_network
primary_recist	melanoma_core_high_evidence	PRJEB23709_PD1_PRE	EcoNiche-Opt-WordNoBioObjective	word_no_bio_objective	myeloid_suppression|myeloid_suppression|CD163|CSF1R|coexpression_network	myeloid_suppression	myeloid_suppression	CD163	CSF1R	coexpression_network
primary_recist	melanoma_core_high_evidence	PRJEB23709_PD1_PRE	EcoNiche-Opt-WordNoBioObjective	word_no_bio_objective	myeloid_suppression|tcell_dysfunction|CD68|HAVCR2|coexpression_network	myeloid_suppression	tcell_dysfunction	CD68	HAVCR2	coexpression_network
primary_recist	melanoma_core_high_evidence	PRJEB23709_PD1_PRE	EcoNiche-Opt-WordNoBioObjective	word_no_bio_objective	myeloid_suppression|tcell_dysfunction|CSF1R|HAVCR2|coexpression_network	myeloid_suppression	tcell_dysfunction	CSF1R	HAVCR2	coexpression_network
primary_recist	melanoma_core_high_evidence	PRJEB23709_PD1_PRE	EcoNiche-Opt-WordNoBioObjective	word_no_bio_objective	myeloid_suppression|tnk_effector|CSF1R|PRF1|coexpression_network	myeloid_suppression	tnk_effector	CSF1R	PRF1	coexpression_network
primary_recist	melanoma_core_high_evidence	PRJEB23709_PD1_PRE	EcoNiche-Opt-WordNoBioObjective	word_no_bio_objective	myeloid_suppression|tnk_effector|IL10|PAPD7|coexpression_network	myeloid_suppression	tnk_effector	IL10	PAPD7	coexpression_network
primary_recist	melanoma_core_high_evidence	PRJEB23709_PD1_PRE	EcoNiche-Opt-WordNoBioObjective	word_no_bio_objective	myeloid_suppression|tumor_dedifferentiation|LOC101927356|LOC101927356|coexpression_network	myeloid_suppression	tumor_dedifferentiation	LOC101927356	LOC101927356	coexpression_network
primary_recist	melanoma_core_high_evidence	PRJEB23709_PD1_PRE	EcoNiche-Opt-WordNoBioObjective	word_no_bio_objective	myeloid_suppression|tumor_dedifferentiation|H1F0|H1F0|coexpression_network	myeloid_suppression	tumor_dedifferentiation	H1F0	H1F0	coexpression_network
primary_recist	melanoma_core_high_evidence	PRJEB23709_PD1_PRE	EcoNiche-Opt-WordNoBioObjective	word_no_bio_objective	tcell_dysfunction|tcell_dysfunction|PDCD1|TIGIT|coexpression_network	tcell_dysfunction	tcell_dysfunction	PDCD1	TIGIT	coexpression_network
primary_recist	melanoma_core_high_evidence	PRJEB23709_PD1_PRE	EcoNiche-Opt-WordNoBioObjective	word_no_bio_objective	tcell_dysfunction|tcell_dysfunction|IDO1|TIGIT|coexpression_network	tcell_dysfunction	tcell_dysfunction	IDO1	TIGIT	coexpression_network
primary_recist	melanoma_core_high_evidence	PRJEB23709_PD1_PRE	EcoNiche-Opt-WordNoBioObjective	word_no_bio_objective	tcell_dysfunction|tnk_effector|SERTM2|SERTM2|coexpression_network	tcell_dysfunction	tnk_effector	SERTM2	SERTM2	coexpression_network
primary_recist	melanoma_core_high_evidence	PRJEB23709_PD1_PRE	EcoNiche-Opt-WordNoBioObjective	word_no_bio_objective	tcell_dysfunction|tnk_effector|PDCD1|PRF1|coexpression_network	tcell_dysfunction	tnk_effector	PDCD1	PRF1	coexpression_network
primary_recist	melanoma_core_high_evidence	PRJEB23709_PD1_PRE	EcoNiche-Opt-WordNoBioObjective	word_no_bio_objective	tcell_dysfunction|tumor_dedifferentiation|SERTM2|SERTM2|coexpression_network	tcell_dysfunction	tumor_dedifferentiation	SERTM2	SERTM2	coexpression_network
primary_recist	melanoma_core_high_evidence	PRJEB23709_PD1_PRE	EcoNiche-Opt-WordNoBioObjective	word_no_bio_objective	tcell_dysfunction|tumor_dedifferentiation|LOC388849|H1F0|coexpression_network	tcell_dysfunction	tumor_dedifferentiation	LOC388849	H1F0	coexpression_network
primary_recist	melanoma_core_high_evidence	PRJEB23709_PD1_PRE	EcoNiche-Opt-WordNoBioObjective	word_no_bio_objective	tnk_effector|tnk_effector|IFNG|PRF1|coexpression_network	tnk_effector	tnk_effector	IFNG	PRF1	coexpression_network
primary_recist	melanoma_core_high_evidence	PRJEB23709_PD1_PRE	EcoNiche-Opt-WordNoBioObjective	word_no_bio_objective	tnk_effector|tnk_effector|GNLY|PRF1|coexpression_network	tnk_effector	tnk_effector	GNLY	PRF1	coexpression_network
primary_recist	melanoma_core_high_evidence	PRJEB23709_PD1_PRE	EcoNiche-Opt-WordNoBioObjective	word_no_bio_objective	tnk_effector|tumor_dedifferentiation|SERTM2|SERTM2|coexpression_network	tnk_effector	tumor_dedifferentiation	SERTM2	SERTM2	coexpression_network
primary_recist	melanoma_core_high_evidence	PRJEB23709_PD1_PRE	EcoNiche-Opt-WordNoBioObjective	word_no_bio_objective	tnk_effector|tumor_dedifferentiation|RASGRF2-AS1|RASGRF2-AS1|coexpression_network	tnk_effector	tumor_dedifferentiation	RASGRF2-AS1	RASGRF2-AS1	coexpression_network
primary_recist	melanoma_core_high_evidence	PRJEB23709_PD1_PRE	EcoNiche-Opt-WordNoBioObjective	word_no_bio_objective	tumor_dedifferentiation|tumor_dedifferentiation|LOC101927356|LOC102724678|coexpression_network	tumor_dedifferentiation	tumor_dedifferentiation	LOC101927356	LOC102724678	coexpression_network
primary_recist	melanoma_core_high_evidence	PRJEB23709_PD1_PRE	EcoNiche-Opt-WordNoBioObjective	word_no_bio_objective	tumor_dedifferentiation|tumor_dedifferentiation|H1F0|LOC101927356|coexpression_network	tumor_dedifferentiation	tumor_dedifferentiation	H1F0	LOC101927356	coexpression_network
