endpoint	stratum	holdout	model_name	selected_model	edge_id	source_state	target_state	gene_a	gene_b	edge_class
primary_recist	melanoma_recist_supported_primary	GSE91061	EcoNiche-Opt-WordFullGraph	word_full_graph	tcell_dysfunction|tcell_dysfunction|PDCD1|LAG3|checkpoint	tcell_dysfunction	tcell_dysfunction	PDCD1	LAG3	checkpoint
primary_recist	melanoma_recist_supported_primary	GSE91061	EcoNiche-Opt-WordFullGraph	word_full_graph	antigen_presentation_mhc|antigen_presentation_mhc|HLA-B|TAP1|coexpression_network	antigen_presentation_mhc	antigen_presentation_mhc	HLA-B	TAP1	coexpression_network
primary_recist	melanoma_recist_supported_primary	GSE91061	EcoNiche-Opt-WordFullGraph	word_full_graph	antigen_presentation_mhc|antigen_presentation_mhc|PSMB9|TAP1|coexpression_network	antigen_presentation_mhc	antigen_presentation_mhc	PSMB9	TAP1	coexpression_network
primary_recist	melanoma_recist_supported_primary	GSE91061	EcoNiche-Opt-WordFullGraph	word_full_graph	antigen_presentation_mhc|caf_ecm_exclusion|TAP1|COL1A1|coexpression_network	antigen_presentation_mhc	caf_ecm_exclusion	TAP1	COL1A1	coexpression_network
primary_recist	melanoma_recist_supported_primary	GSE91061	EcoNiche-Opt-WordFullGraph	word_full_graph	antigen_presentation_mhc|caf_ecm_exclusion|HLA-B|COL1A1|coexpression_network	antigen_presentation_mhc	caf_ecm_exclusion	HLA-B	COL1A1	coexpression_network
primary_recist	melanoma_recist_supported_primary	GSE91061	EcoNiche-Opt-WordFullGraph	word_full_graph	antigen_presentation_mhc|myeloid_suppression|ATP5E,SLMO2,SLMO2-ATP5E|S100A9|coexpression_network	antigen_presentation_mhc	myeloid_suppression	ATP5E,SLMO2,SLMO2-ATP5E	S100A9	coexpression_network
primary_recist	melanoma_recist_supported_primary	GSE91061	EcoNiche-Opt-WordFullGraph	word_full_graph	antigen_presentation_mhc|myeloid_suppression|TAP1|IGLV2-11|coexpression_network	antigen_presentation_mhc	myeloid_suppression	TAP1	IGLV2-11	coexpression_network
primary_recist	melanoma_recist_supported_primary	GSE91061	EcoNiche-Opt-WordFullGraph	word_full_graph	antigen_presentation_mhc|tcell_dysfunction|TAP1|TOX|coexpression_network	antigen_presentation_mhc	tcell_dysfunction	TAP1	TOX	coexpression_network
primary_recist	melanoma_recist_supported_primary	GSE91061	EcoNiche-Opt-WordFullGraph	word_full_graph	antigen_presentation_mhc|tcell_dysfunction|HLA-B|TOX|coexpression_network	antigen_presentation_mhc	tcell_dysfunction	HLA-B	TOX	coexpression_network
primary_recist	melanoma_recist_supported_primary	GSE91061	EcoNiche-Opt-WordFullGraph	word_full_graph	antigen_presentation_mhc|tnk_effector|TAP1|IFNG|coexpression_network	antigen_presentation_mhc	tnk_effector	TAP1	IFNG	coexpression_network
primary_recist	melanoma_recist_supported_primary	GSE91061	EcoNiche-Opt-WordFullGraph	word_full_graph	antigen_presentation_mhc|tnk_effector|HLA-B|IFNG|coexpression_network	antigen_presentation_mhc	tnk_effector	HLA-B	IFNG	coexpression_network
primary_recist	melanoma_recist_supported_primary	GSE91061	EcoNiche-Opt-WordFullGraph	word_full_graph	antigen_presentation_mhc|tumor_dedifferentiation|TAP1|ZEB1|coexpression_network	antigen_presentation_mhc	tumor_dedifferentiation	TAP1	ZEB1	coexpression_network
primary_recist	melanoma_recist_supported_primary	GSE91061	EcoNiche-Opt-WordFullGraph	word_full_graph	antigen_presentation_mhc|tumor_dedifferentiation|HLA-B|ZEB1|coexpression_network	antigen_presentation_mhc	tumor_dedifferentiation	HLA-B	ZEB1	coexpression_network
primary_recist	melanoma_recist_supported_primary	GSE91061	EcoNiche-Opt-WordFullGraph	word_full_graph	caf_ecm_exclusion|caf_ecm_exclusion|COL1A1|FAP|coexpression_network	caf_ecm_exclusion	caf_ecm_exclusion	COL1A1	FAP	coexpression_network
primary_recist	melanoma_recist_supported_primary	GSE91061	EcoNiche-Opt-WordFullGraph	word_full_graph	caf_ecm_exclusion|myeloid_suppression|HPN,SCN1B|MIR4763,MIRLET7A3,MIRLET7B,MIRLET7BHG|coexpression_network	caf_ecm_exclusion	myeloid_suppression	HPN,SCN1B	MIR4763,MIRLET7A3,MIRLET7B,MIRLET7BHG	coexpression_network
primary_recist	melanoma_recist_supported_primary	GSE91061	EcoNiche-Opt-WordFullGraph	word_full_graph	caf_ecm_exclusion|myeloid_suppression|FAP|SLC13A3,TP53RK|coexpression_network	caf_ecm_exclusion	myeloid_suppression	FAP	SLC13A3,TP53RK	coexpression_network
primary_recist	melanoma_recist_supported_primary	GSE91061	EcoNiche-Opt-WordFullGraph	word_full_graph	caf_ecm_exclusion|tcell_dysfunction|COL1A1|TOX|coexpression_network	caf_ecm_exclusion	tcell_dysfunction	COL1A1	TOX	coexpression_network
primary_recist	melanoma_recist_supported_primary	GSE91061	EcoNiche-Opt-WordFullGraph	word_full_graph	caf_ecm_exclusion|tcell_dysfunction|FAP|TOX|coexpression_network	caf_ecm_exclusion	tcell_dysfunction	FAP	TOX	coexpression_network
primary_recist	melanoma_recist_supported_primary	GSE91061	EcoNiche-Opt-WordFullGraph	word_full_graph	caf_ecm_exclusion|tnk_effector|COL1A1|IFNG|coexpression_network	caf_ecm_exclusion	tnk_effector	COL1A1	IFNG	coexpression_network
primary_recist	melanoma_recist_supported_primary	GSE91061	EcoNiche-Opt-WordFullGraph	word_full_graph	caf_ecm_exclusion|tnk_effector|HPN,SCN1B|CXCL11|coexpression_network	caf_ecm_exclusion	tnk_effector	HPN,SCN1B	CXCL11	coexpression_network
primary_recist	melanoma_recist_supported_primary	GSE91061	EcoNiche-Opt-WordFullGraph	word_full_graph	caf_ecm_exclusion|tumor_dedifferentiation|COL1A1|ZEB1|coexpression_network	caf_ecm_exclusion	tumor_dedifferentiation	COL1A1	ZEB1	coexpression_network
primary_recist	melanoma_recist_supported_primary	GSE91061	EcoNiche-Opt-WordFullGraph	word_full_graph	caf_ecm_exclusion|tumor_dedifferentiation|FAP|ZEB1|coexpression_network	caf_ecm_exclusion	tumor_dedifferentiation	FAP	ZEB1	coexpression_network
primary_recist	melanoma_recist_supported_primary	GSE91061	EcoNiche-Opt-WordFullGraph	word_full_graph	myeloid_suppression|myeloid_suppression|AL049794|IGLV2-11|coexpression_network	myeloid_suppression	myeloid_suppression	AL049794	IGLV2-11	coexpression_network
primary_recist	melanoma_recist_supported_primary	GSE91061	EcoNiche-Opt-WordFullGraph	word_full_graph	myeloid_suppression|tcell_dysfunction|SLC13A3,TP53RK|MIR548N,OSBPL6|coexpression_network	myeloid_suppression	tcell_dysfunction	SLC13A3,TP53RK	MIR548N,OSBPL6	coexpression_network
primary_recist	melanoma_recist_supported_primary	GSE91061	EcoNiche-Opt-WordFullGraph	word_full_graph	myeloid_suppression|tcell_dysfunction|IGLV2-11|LAG3|coexpression_network	myeloid_suppression	tcell_dysfunction	IGLV2-11	LAG3	coexpression_network
primary_recist	melanoma_recist_supported_primary	GSE91061	EcoNiche-Opt-WordFullGraph	word_full_graph	myeloid_suppression|tnk_effector|IGLV2-11|IFNG|coexpression_network	myeloid_suppression	tnk_effector	IGLV2-11	IFNG	coexpression_network
primary_recist	melanoma_recist_supported_primary	GSE91061	EcoNiche-Opt-WordFullGraph	word_full_graph	myeloid_suppression|tnk_effector|IGLV2-11|CXCL9|coexpression_network	myeloid_suppression	tnk_effector	IGLV2-11	CXCL9	coexpression_network
primary_recist	melanoma_recist_supported_primary	GSE91061	EcoNiche-Opt-WordFullGraph	word_full_graph	myeloid_suppression|tumor_dedifferentiation|SLC13A3,TP53RK|MIR548N,OSBPL6|coexpression_network	myeloid_suppression	tumor_dedifferentiation	SLC13A3,TP53RK	MIR548N,OSBPL6	coexpression_network
primary_recist	melanoma_recist_supported_primary	GSE91061	EcoNiche-Opt-WordFullGraph	word_full_graph	myeloid_suppression|tumor_dedifferentiation|IGLV2-11|TRAJ1|coexpression_network	myeloid_suppression	tumor_dedifferentiation	IGLV2-11	TRAJ1	coexpression_network
primary_recist	melanoma_recist_supported_primary	GSE91061	EcoNiche-Opt-WordFullGraph	word_full_graph	tcell_dysfunction|tcell_dysfunction|LAG3|PDCD1|coexpression_network	tcell_dysfunction	tcell_dysfunction	LAG3	PDCD1	coexpression_network
primary_recist	melanoma_recist_supported_primary	GSE91061	EcoNiche-Opt-WordFullGraph	word_full_graph	tcell_dysfunction|tcell_dysfunction|PDCD1|TOX|coexpression_network	tcell_dysfunction	tcell_dysfunction	PDCD1	TOX	coexpression_network
primary_recist	melanoma_recist_supported_primary	GSE91061	EcoNiche-Opt-WordFullGraph	word_full_graph	tcell_dysfunction|tnk_effector|PDCD1|IFNG|coexpression_network	tcell_dysfunction	tnk_effector	PDCD1	IFNG	coexpression_network
primary_recist	melanoma_recist_supported_primary	GSE91061	EcoNiche-Opt-WordFullGraph	word_full_graph	tcell_dysfunction|tnk_effector|LAG3|IFNG|coexpression_network	tcell_dysfunction	tnk_effector	LAG3	IFNG	coexpression_network
primary_recist	melanoma_recist_supported_primary	GSE91061	EcoNiche-Opt-WordFullGraph	word_full_graph	tcell_dysfunction|tumor_dedifferentiation|MIR548N,OSBPL6|MIR548N,OSBPL6|coexpression_network	tcell_dysfunction	tumor_dedifferentiation	MIR548N,OSBPL6	MIR548N,OSBPL6	coexpression_network
primary_recist	melanoma_recist_supported_primary	GSE91061	EcoNiche-Opt-WordFullGraph	word_full_graph	tcell_dysfunction|tumor_dedifferentiation|TOX|ZEB1|coexpression_network	tcell_dysfunction	tumor_dedifferentiation	TOX	ZEB1	coexpression_network
primary_recist	melanoma_recist_supported_primary	GSE91061	EcoNiche-Opt-WordFullGraph	word_full_graph	tnk_effector|tnk_effector|CXCL11|CXCL9|coexpression_network	tnk_effector	tnk_effector	CXCL11	CXCL9	coexpression_network
primary_recist	melanoma_recist_supported_primary	GSE91061	EcoNiche-Opt-WordFullGraph	word_full_graph	tnk_effector|tnk_effector|CXCL11|IFNG|coexpression_network	tnk_effector	tnk_effector	CXCL11	IFNG	coexpression_network
primary_recist	melanoma_recist_supported_primary	GSE91061	EcoNiche-Opt-WordFullGraph	word_full_graph	tnk_effector|tumor_dedifferentiation|IFNG|TRAJ1|coexpression_network	tnk_effector	tumor_dedifferentiation	IFNG	TRAJ1	coexpression_network
primary_recist	melanoma_recist_supported_primary	GSE91061	EcoNiche-Opt-WordFullGraph	word_full_graph	tnk_effector|tumor_dedifferentiation|CXCL11|TRAJ1|coexpression_network	tnk_effector	tumor_dedifferentiation	CXCL11	TRAJ1	coexpression_network
primary_recist	melanoma_recist_supported_primary	GSE91061	EcoNiche-Opt-WordFullGraph	word_full_graph	tumor_dedifferentiation|tumor_dedifferentiation|TRAJ1|TRAJ10|coexpression_network	tumor_dedifferentiation	tumor_dedifferentiation	TRAJ1	TRAJ10	coexpression_network
primary_recist	melanoma_recist_supported_primary	GSE91061	EcoNiche-Opt-WordFullGraph	word_full_graph	tumor_dedifferentiation|tumor_dedifferentiation|IGHD2-15|TRAJ1|coexpression_network	tumor_dedifferentiation	tumor_dedifferentiation	IGHD2-15	TRAJ1	coexpression_network
primary_recist	melanoma_recist_supported_primary	GSE91061	EcoNiche-Opt-WordUnsignedGraph	word_unsigned_graph	antigen_presentation_mhc|tnk_effector|HLA-A|B2M|pathway	antigen_presentation_mhc	tnk_effector	HLA-A	B2M	pathway
primary_recist	melanoma_recist_supported_primary	GSE91061	EcoNiche-Opt-WordUnsignedGraph	word_unsigned_graph	myeloid_suppression|myeloid_suppression|S100A8|S100A9|network	myeloid_suppression	myeloid_suppression	S100A8	S100A9	network
primary_recist	melanoma_recist_supported_primary	GSE91061	EcoNiche-Opt-WordUnsignedGraph	word_unsigned_graph	tnk_effector|antigen_presentation_mhc|IFNG|HLA-A|regulatory	tnk_effector	antigen_presentation_mhc	IFNG	HLA-A	regulatory
primary_recist	melanoma_recist_supported_primary	GSE91061	EcoNiche-Opt-WordUnsignedGraph	word_unsigned_graph	antigen_presentation_mhc|antigen_presentation_mhc|HLA-B|TAP1|coexpression_network	antigen_presentation_mhc	antigen_presentation_mhc	HLA-B	TAP1	coexpression_network
primary_recist	melanoma_recist_supported_primary	GSE91061	EcoNiche-Opt-WordUnsignedGraph	word_unsigned_graph	antigen_presentation_mhc|antigen_presentation_mhc|HLA-A|TAP1|coexpression_network	antigen_presentation_mhc	antigen_presentation_mhc	HLA-A	TAP1	coexpression_network
primary_recist	melanoma_recist_supported_primary	GSE91061	EcoNiche-Opt-WordUnsignedGraph	word_unsigned_graph	antigen_presentation_mhc|caf_ecm_exclusion|MIR548N,OSBPL6|MIR548N,OSBPL6|coexpression_network	antigen_presentation_mhc	caf_ecm_exclusion	MIR548N,OSBPL6	MIR548N,OSBPL6	coexpression_network
primary_recist	melanoma_recist_supported_primary	GSE91061	EcoNiche-Opt-WordUnsignedGraph	word_unsigned_graph	antigen_presentation_mhc|caf_ecm_exclusion|TAP1|COL1A1|coexpression_network	antigen_presentation_mhc	caf_ecm_exclusion	TAP1	COL1A1	coexpression_network
primary_recist	melanoma_recist_supported_primary	GSE91061	EcoNiche-Opt-WordUnsignedGraph	word_unsigned_graph	antigen_presentation_mhc|myeloid_suppression|MIR548N,OSBPL6|MIR548N,OSBPL6|coexpression_network	antigen_presentation_mhc	myeloid_suppression	MIR548N,OSBPL6	MIR548N,OSBPL6	coexpression_network
primary_recist	melanoma_recist_supported_primary	GSE91061	EcoNiche-Opt-WordUnsignedGraph	word_unsigned_graph	antigen_presentation_mhc|myeloid_suppression|TAP1|IGHV6-1|coexpression_network	antigen_presentation_mhc	myeloid_suppression	TAP1	IGHV6-1	coexpression_network
primary_recist	melanoma_recist_supported_primary	GSE91061	EcoNiche-Opt-WordUnsignedGraph	word_unsigned_graph	antigen_presentation_mhc|tcell_dysfunction|CUZD1,FAM24B,FAM24B-CUZD1|RILP,SCARF1|coexpression_network	antigen_presentation_mhc	tcell_dysfunction	CUZD1,FAM24B,FAM24B-CUZD1	RILP,SCARF1	coexpression_network
primary_recist	melanoma_recist_supported_primary	GSE91061	EcoNiche-Opt-WordUnsignedGraph	word_unsigned_graph	antigen_presentation_mhc|tcell_dysfunction|TAP1|PDCD1|coexpression_network	antigen_presentation_mhc	tcell_dysfunction	TAP1	PDCD1	coexpression_network
primary_recist	melanoma_recist_supported_primary	GSE91061	EcoNiche-Opt-WordUnsignedGraph	word_unsigned_graph	antigen_presentation_mhc|tnk_effector|TAP1|CD8A|coexpression_network	antigen_presentation_mhc	tnk_effector	TAP1	CD8A	coexpression_network
primary_recist	melanoma_recist_supported_primary	GSE91061	EcoNiche-Opt-WordUnsignedGraph	word_unsigned_graph	antigen_presentation_mhc|tnk_effector|HLA-B|CD8A|coexpression_network	antigen_presentation_mhc	tnk_effector	HLA-B	CD8A	coexpression_network
primary_recist	melanoma_recist_supported_primary	GSE91061	EcoNiche-Opt-WordUnsignedGraph	word_unsigned_graph	antigen_presentation_mhc|tumor_dedifferentiation|TAP1|ZEB1|coexpression_network	antigen_presentation_mhc	tumor_dedifferentiation	TAP1	ZEB1	coexpression_network
primary_recist	melanoma_recist_supported_primary	GSE91061	EcoNiche-Opt-WordUnsignedGraph	word_unsigned_graph	antigen_presentation_mhc|tumor_dedifferentiation|HLA-B|ZEB1|coexpression_network	antigen_presentation_mhc	tumor_dedifferentiation	HLA-B	ZEB1	coexpression_network
primary_recist	melanoma_recist_supported_primary	GSE91061	EcoNiche-Opt-WordUnsignedGraph	word_unsigned_graph	caf_ecm_exclusion|caf_ecm_exclusion|COL1A1|POSTN|coexpression_network	caf_ecm_exclusion	caf_ecm_exclusion	COL1A1	POSTN	coexpression_network
primary_recist	melanoma_recist_supported_primary	GSE91061	EcoNiche-Opt-WordUnsignedGraph	word_unsigned_graph	caf_ecm_exclusion|caf_ecm_exclusion|COL1A1|FAP|coexpression_network	caf_ecm_exclusion	caf_ecm_exclusion	COL1A1	FAP	coexpression_network
primary_recist	melanoma_recist_supported_primary	GSE91061	EcoNiche-Opt-WordUnsignedGraph	word_unsigned_graph	caf_ecm_exclusion|myeloid_suppression|MIR548N,OSBPL6|MIR548N,OSBPL6|coexpression_network	caf_ecm_exclusion	myeloid_suppression	MIR548N,OSBPL6	MIR548N,OSBPL6	coexpression_network
primary_recist	melanoma_recist_supported_primary	GSE91061	EcoNiche-Opt-WordUnsignedGraph	word_unsigned_graph	caf_ecm_exclusion|myeloid_suppression|TGFBI|MIR548N,OSBPL6|coexpression_network	caf_ecm_exclusion	myeloid_suppression	TGFBI	MIR548N,OSBPL6	coexpression_network
primary_recist	melanoma_recist_supported_primary	GSE91061	EcoNiche-Opt-WordUnsignedGraph	word_unsigned_graph	caf_ecm_exclusion|tcell_dysfunction|HPN,SCN1B|MIR143,MIR143HG|coexpression_network	caf_ecm_exclusion	tcell_dysfunction	HPN,SCN1B	MIR143,MIR143HG	coexpression_network
primary_recist	melanoma_recist_supported_primary	GSE91061	EcoNiche-Opt-WordUnsignedGraph	word_unsigned_graph	caf_ecm_exclusion|tcell_dysfunction|HPN,SCN1B|RILP,SCARF1|coexpression_network	caf_ecm_exclusion	tcell_dysfunction	HPN,SCN1B	RILP,SCARF1	coexpression_network
primary_recist	melanoma_recist_supported_primary	GSE91061	EcoNiche-Opt-WordUnsignedGraph	word_unsigned_graph	caf_ecm_exclusion|tnk_effector|MIR548N,OSBPL6|RPS8,SNORD55|coexpression_network	caf_ecm_exclusion	tnk_effector	MIR548N,OSBPL6	RPS8,SNORD55	coexpression_network
primary_recist	melanoma_recist_supported_primary	GSE91061	EcoNiche-Opt-WordUnsignedGraph	word_unsigned_graph	caf_ecm_exclusion|tnk_effector|HPN,SCN1B|MIR143,MIR143HG|coexpression_network	caf_ecm_exclusion	tnk_effector	HPN,SCN1B	MIR143,MIR143HG	coexpression_network
primary_recist	melanoma_recist_supported_primary	GSE91061	EcoNiche-Opt-WordUnsignedGraph	word_unsigned_graph	caf_ecm_exclusion|tumor_dedifferentiation|VIM|VIM|coexpression_network	caf_ecm_exclusion	tumor_dedifferentiation	VIM	VIM	coexpression_network
primary_recist	melanoma_recist_supported_primary	GSE91061	EcoNiche-Opt-WordUnsignedGraph	word_unsigned_graph	caf_ecm_exclusion|tumor_dedifferentiation|COL1A1|ZEB1|coexpression_network	caf_ecm_exclusion	tumor_dedifferentiation	COL1A1	ZEB1	coexpression_network
primary_recist	melanoma_recist_supported_primary	GSE91061	EcoNiche-Opt-WordUnsignedGraph	word_unsigned_graph	myeloid_suppression|myeloid_suppression|S100A8|S100A9|coexpression_network	myeloid_suppression	myeloid_suppression	S100A8	S100A9	coexpression_network
primary_recist	melanoma_recist_supported_primary	GSE91061	EcoNiche-Opt-WordUnsignedGraph	word_unsigned_graph	myeloid_suppression|myeloid_suppression|IGHD2-15|IGHV6-1|coexpression_network	myeloid_suppression	myeloid_suppression	IGHD2-15	IGHV6-1	coexpression_network
primary_recist	melanoma_recist_supported_primary	GSE91061	EcoNiche-Opt-WordUnsignedGraph	word_unsigned_graph	myeloid_suppression|tcell_dysfunction|IGHV6-1|IGKV4-1|coexpression_network	myeloid_suppression	tcell_dysfunction	IGHV6-1	IGKV4-1	coexpression_network
primary_recist	melanoma_recist_supported_primary	GSE91061	EcoNiche-Opt-WordUnsignedGraph	word_unsigned_graph	myeloid_suppression|tcell_dysfunction|IGHD2-15|IGKV4-1|coexpression_network	myeloid_suppression	tcell_dysfunction	IGHD2-15	IGKV4-1	coexpression_network
primary_recist	melanoma_recist_supported_primary	GSE91061	EcoNiche-Opt-WordUnsignedGraph	word_unsigned_graph	myeloid_suppression|tnk_effector|MIR548N,OSBPL6|RPS8,SNORD55|coexpression_network	myeloid_suppression	tnk_effector	MIR548N,OSBPL6	RPS8,SNORD55	coexpression_network
primary_recist	melanoma_recist_supported_primary	GSE91061	EcoNiche-Opt-WordUnsignedGraph	word_unsigned_graph	myeloid_suppression|tnk_effector|IGHV6-1|NKG7|coexpression_network	myeloid_suppression	tnk_effector	IGHV6-1	NKG7	coexpression_network
primary_recist	melanoma_recist_supported_primary	GSE91061	EcoNiche-Opt-WordUnsignedGraph	word_unsigned_graph	myeloid_suppression|tumor_dedifferentiation|IGHD2-15|TRAJ1|coexpression_network	myeloid_suppression	tumor_dedifferentiation	IGHD2-15	TRAJ1	coexpression_network
primary_recist	melanoma_recist_supported_primary	GSE91061	EcoNiche-Opt-WordUnsignedGraph	word_unsigned_graph	myeloid_suppression|tumor_dedifferentiation|IGHV6-1|TRAJ1|coexpression_network	myeloid_suppression	tumor_dedifferentiation	IGHV6-1	TRAJ1	coexpression_network
primary_recist	melanoma_recist_supported_primary	GSE91061	EcoNiche-Opt-WordUnsignedGraph	word_unsigned_graph	tcell_dysfunction|tcell_dysfunction|IGKV4-1|PDCD1|coexpression_network	tcell_dysfunction	tcell_dysfunction	IGKV4-1	PDCD1	coexpression_network
primary_recist	melanoma_recist_supported_primary	GSE91061	EcoNiche-Opt-WordUnsignedGraph	word_unsigned_graph	tcell_dysfunction|tcell_dysfunction|MIR143,MIR143HG|RILP,SCARF1|coexpression_network	tcell_dysfunction	tcell_dysfunction	MIR143,MIR143HG	RILP,SCARF1	coexpression_network
primary_recist	melanoma_recist_supported_primary	GSE91061	EcoNiche-Opt-WordUnsignedGraph	word_unsigned_graph	tcell_dysfunction|tnk_effector|MIR143,MIR143HG|MIR143,MIR143HG|coexpression_network	tcell_dysfunction	tnk_effector	MIR143,MIR143HG	MIR143,MIR143HG	coexpression_network
primary_recist	melanoma_recist_supported_primary	GSE91061	EcoNiche-Opt-WordUnsignedGraph	word_unsigned_graph	tcell_dysfunction|tnk_effector|PDCD1|CD8A|coexpression_network	tcell_dysfunction	tnk_effector	PDCD1	CD8A	coexpression_network
primary_recist	melanoma_recist_supported_primary	GSE91061	EcoNiche-Opt-WordUnsignedGraph	word_unsigned_graph	tcell_dysfunction|tumor_dedifferentiation|RILP,SCARF1|RILP,SCARF1|coexpression_network	tcell_dysfunction	tumor_dedifferentiation	RILP,SCARF1	RILP,SCARF1	coexpression_network
primary_recist	melanoma_recist_supported_primary	GSE91061	EcoNiche-Opt-WordUnsignedGraph	word_unsigned_graph	tcell_dysfunction|tumor_dedifferentiation|MIR143,MIR143HG|MIR143,MIR143HG|coexpression_network	tcell_dysfunction	tumor_dedifferentiation	MIR143,MIR143HG	MIR143,MIR143HG	coexpression_network
primary_recist	melanoma_recist_supported_primary	GSE91061	EcoNiche-Opt-WordUnsignedGraph	word_unsigned_graph	tnk_effector|tnk_effector|CXCL10|CXCL11|coexpression_network	tnk_effector	tnk_effector	CXCL10	CXCL11	coexpression_network
primary_recist	melanoma_recist_supported_primary	GSE91061	EcoNiche-Opt-WordUnsignedGraph	word_unsigned_graph	tnk_effector|tnk_effector|CD8A|GZMA|coexpression_network	tnk_effector	tnk_effector	CD8A	GZMA	coexpression_network
primary_recist	melanoma_recist_supported_primary	GSE91061	EcoNiche-Opt-WordUnsignedGraph	word_unsigned_graph	tnk_effector|tumor_dedifferentiation|MIR143,MIR143HG|MIR143,MIR143HG|coexpression_network	tnk_effector	tumor_dedifferentiation	MIR143,MIR143HG	MIR143,MIR143HG	coexpression_network
primary_recist	melanoma_recist_supported_primary	GSE91061	EcoNiche-Opt-WordUnsignedGraph	word_unsigned_graph	tnk_effector|tumor_dedifferentiation|CD8A|TRAJ1|coexpression_network	tnk_effector	tumor_dedifferentiation	CD8A	TRAJ1	coexpression_network
primary_recist	melanoma_recist_supported_primary	GSE91061	EcoNiche-Opt-WordUnsignedGraph	word_unsigned_graph	tumor_dedifferentiation|tumor_dedifferentiation|MIR143,MIR143HG|RILP,SCARF1|coexpression_network	tumor_dedifferentiation	tumor_dedifferentiation	MIR143,MIR143HG	RILP,SCARF1	coexpression_network
primary_recist	melanoma_recist_supported_primary	GSE91061	EcoNiche-Opt-WordUnsignedGraph	word_unsigned_graph	tumor_dedifferentiation|tumor_dedifferentiation|RILP,SCARF1|ZEB1|coexpression_network	tumor_dedifferentiation	tumor_dedifferentiation	RILP,SCARF1	ZEB1	coexpression_network
primary_recist	melanoma_recist_supported_primary	GSE91061	EcoNiche-Opt-WordNoBioObjective	word_no_bio_objective	caf_ecm_exclusion|caf_ecm_exclusion|COL1A1|FN1|network	caf_ecm_exclusion	caf_ecm_exclusion	COL1A1	FN1	network
primary_recist	melanoma_recist_supported_primary	GSE91061	EcoNiche-Opt-WordNoBioObjective	word_no_bio_objective	antigen_presentation_mhc|antigen_presentation_mhc|HLA-DRB1|TAP1|coexpression_network	antigen_presentation_mhc	antigen_presentation_mhc	HLA-DRB1	TAP1	coexpression_network
primary_recist	melanoma_recist_supported_primary	GSE91061	EcoNiche-Opt-WordNoBioObjective	word_no_bio_objective	antigen_presentation_mhc|caf_ecm_exclusion|TAP1|COL1A1|coexpression_network	antigen_presentation_mhc	caf_ecm_exclusion	TAP1	COL1A1	coexpression_network
primary_recist	melanoma_recist_supported_primary	GSE91061	EcoNiche-Opt-WordNoBioObjective	word_no_bio_objective	antigen_presentation_mhc|caf_ecm_exclusion|HLA-DRB1|FAP|coexpression_network	antigen_presentation_mhc	caf_ecm_exclusion	HLA-DRB1	FAP	coexpression_network
primary_recist	melanoma_recist_supported_primary	GSE91061	EcoNiche-Opt-WordNoBioObjective	word_no_bio_objective	antigen_presentation_mhc|myeloid_suppression|HLA-DRB1|CSF1R|coexpression_network	antigen_presentation_mhc	myeloid_suppression	HLA-DRB1	CSF1R	coexpression_network
primary_recist	melanoma_recist_supported_primary	GSE91061	EcoNiche-Opt-WordNoBioObjective	word_no_bio_objective	antigen_presentation_mhc|myeloid_suppression|TAP1|CSF1R|coexpression_network	antigen_presentation_mhc	myeloid_suppression	TAP1	CSF1R	coexpression_network
primary_recist	melanoma_recist_supported_primary	GSE91061	EcoNiche-Opt-WordNoBioObjective	word_no_bio_objective	antigen_presentation_mhc|tcell_dysfunction|HLA-DRB1|PDCD1|coexpression_network	antigen_presentation_mhc	tcell_dysfunction	HLA-DRB1	PDCD1	coexpression_network
primary_recist	melanoma_recist_supported_primary	GSE91061	EcoNiche-Opt-WordNoBioObjective	word_no_bio_objective	antigen_presentation_mhc|tcell_dysfunction|TAP1|PDCD1|coexpression_network	antigen_presentation_mhc	tcell_dysfunction	TAP1	PDCD1	coexpression_network
primary_recist	melanoma_recist_supported_primary	GSE91061	EcoNiche-Opt-WordNoBioObjective	word_no_bio_objective	antigen_presentation_mhc|tnk_effector|TAP1|PRF1|coexpression_network	antigen_presentation_mhc	tnk_effector	TAP1	PRF1	coexpression_network
primary_recist	melanoma_recist_supported_primary	GSE91061	EcoNiche-Opt-WordNoBioObjective	word_no_bio_objective	antigen_presentation_mhc|tnk_effector|HLA-DRB1|IFNG|coexpression_network	antigen_presentation_mhc	tnk_effector	HLA-DRB1	IFNG	coexpression_network
primary_recist	melanoma_recist_supported_primary	GSE91061	EcoNiche-Opt-WordNoBioObjective	word_no_bio_objective	antigen_presentation_mhc|tumor_dedifferentiation|TAP1|SOX10|coexpression_network	antigen_presentation_mhc	tumor_dedifferentiation	TAP1	SOX10	coexpression_network
primary_recist	melanoma_recist_supported_primary	GSE91061	EcoNiche-Opt-WordNoBioObjective	word_no_bio_objective	antigen_presentation_mhc|tumor_dedifferentiation|TAP1|ZEB1|coexpression_network	antigen_presentation_mhc	tumor_dedifferentiation	TAP1	ZEB1	coexpression_network
primary_recist	melanoma_recist_supported_primary	GSE91061	EcoNiche-Opt-WordNoBioObjective	word_no_bio_objective	caf_ecm_exclusion|caf_ecm_exclusion|COL1A1|FAP|coexpression_network	caf_ecm_exclusion	caf_ecm_exclusion	COL1A1	FAP	coexpression_network
primary_recist	melanoma_recist_supported_primary	GSE91061	EcoNiche-Opt-WordNoBioObjective	word_no_bio_objective	caf_ecm_exclusion|caf_ecm_exclusion|COL1A1|FN1|coexpression_network	caf_ecm_exclusion	caf_ecm_exclusion	COL1A1	FN1	coexpression_network
primary_recist	melanoma_recist_supported_primary	GSE91061	EcoNiche-Opt-WordNoBioObjective	word_no_bio_objective	caf_ecm_exclusion|myeloid_suppression|FAP|CSF1R|coexpression_network	caf_ecm_exclusion	myeloid_suppression	FAP	CSF1R	coexpression_network
primary_recist	melanoma_recist_supported_primary	GSE91061	EcoNiche-Opt-WordNoBioObjective	word_no_bio_objective	caf_ecm_exclusion|myeloid_suppression|TRAJ6|TRAJ10|coexpression_network	caf_ecm_exclusion	myeloid_suppression	TRAJ6	TRAJ10	coexpression_network
primary_recist	melanoma_recist_supported_primary	GSE91061	EcoNiche-Opt-WordNoBioObjective	word_no_bio_objective	caf_ecm_exclusion|tcell_dysfunction|MIR548N,OSBPL6|SLC13A3,TP53RK|coexpression_network	caf_ecm_exclusion	tcell_dysfunction	MIR548N,OSBPL6	SLC13A3,TP53RK	coexpression_network
primary_recist	melanoma_recist_supported_primary	GSE91061	EcoNiche-Opt-WordNoBioObjective	word_no_bio_objective	caf_ecm_exclusion|tcell_dysfunction|TRAJ6|TIGIT|coexpression_network	caf_ecm_exclusion	tcell_dysfunction	TRAJ6	TIGIT	coexpression_network
primary_recist	melanoma_recist_supported_primary	GSE91061	EcoNiche-Opt-WordNoBioObjective	word_no_bio_objective	caf_ecm_exclusion|tnk_effector|MIR548N,OSBPL6|SLC13A3,TP53RK|coexpression_network	caf_ecm_exclusion	tnk_effector	MIR548N,OSBPL6	SLC13A3,TP53RK	coexpression_network
primary_recist	melanoma_recist_supported_primary	GSE91061	EcoNiche-Opt-WordNoBioObjective	word_no_bio_objective	caf_ecm_exclusion|tnk_effector|TRAJ6|CCL5|coexpression_network	caf_ecm_exclusion	tnk_effector	TRAJ6	CCL5	coexpression_network
primary_recist	melanoma_recist_supported_primary	GSE91061	EcoNiche-Opt-WordNoBioObjective	word_no_bio_objective	caf_ecm_exclusion|tumor_dedifferentiation|RPS8,SNORD55|RPS8,SNORD55|coexpression_network	caf_ecm_exclusion	tumor_dedifferentiation	RPS8,SNORD55	RPS8,SNORD55	coexpression_network
primary_recist	melanoma_recist_supported_primary	GSE91061	EcoNiche-Opt-WordNoBioObjective	word_no_bio_objective	caf_ecm_exclusion|tumor_dedifferentiation|COL1A1|ZEB1|coexpression_network	caf_ecm_exclusion	tumor_dedifferentiation	COL1A1	ZEB1	coexpression_network
primary_recist	melanoma_recist_supported_primary	GSE91061	EcoNiche-Opt-WordNoBioObjective	word_no_bio_objective	myeloid_suppression|myeloid_suppression|ATP5E,SLMO2,SLMO2-ATP5E|S100A9|coexpression_network	myeloid_suppression	myeloid_suppression	ATP5E,SLMO2,SLMO2-ATP5E	S100A9	coexpression_network
primary_recist	melanoma_recist_supported_primary	GSE91061	EcoNiche-Opt-WordNoBioObjective	word_no_bio_objective	myeloid_suppression|myeloid_suppression|ATP5E,SLMO2,SLMO2-ATP5E|CSF1R|coexpression_network	myeloid_suppression	myeloid_suppression	ATP5E,SLMO2,SLMO2-ATP5E	CSF1R	coexpression_network
primary_recist	melanoma_recist_supported_primary	GSE91061	EcoNiche-Opt-WordNoBioObjective	word_no_bio_objective	myeloid_suppression|tcell_dysfunction|CSF1R|PDCD1|coexpression_network	myeloid_suppression	tcell_dysfunction	CSF1R	PDCD1	coexpression_network
primary_recist	melanoma_recist_supported_primary	GSE91061	EcoNiche-Opt-WordNoBioObjective	word_no_bio_objective	myeloid_suppression|tcell_dysfunction|CSF1R|TIGIT|coexpression_network	myeloid_suppression	tcell_dysfunction	CSF1R	TIGIT	coexpression_network
primary_recist	melanoma_recist_supported_primary	GSE91061	EcoNiche-Opt-WordNoBioObjective	word_no_bio_objective	myeloid_suppression|tnk_effector|CSF1R|IFNG|coexpression_network	myeloid_suppression	tnk_effector	CSF1R	IFNG	coexpression_network
primary_recist	melanoma_recist_supported_primary	GSE91061	EcoNiche-Opt-WordNoBioObjective	word_no_bio_objective	myeloid_suppression|tnk_effector|CSF1R|GZMA|coexpression_network	myeloid_suppression	tnk_effector	CSF1R	GZMA	coexpression_network
primary_recist	melanoma_recist_supported_primary	GSE91061	EcoNiche-Opt-WordNoBioObjective	word_no_bio_objective	myeloid_suppression|tumor_dedifferentiation|TRAJ10|TRAJ10|coexpression_network	myeloid_suppression	tumor_dedifferentiation	TRAJ10	TRAJ10	coexpression_network
primary_recist	melanoma_recist_supported_primary	GSE91061	EcoNiche-Opt-WordNoBioObjective	word_no_bio_objective	myeloid_suppression|tumor_dedifferentiation|CSF1R|ZEB1|coexpression_network	myeloid_suppression	tumor_dedifferentiation	CSF1R	ZEB1	coexpression_network
primary_recist	melanoma_recist_supported_primary	GSE91061	EcoNiche-Opt-WordNoBioObjective	word_no_bio_objective	tcell_dysfunction|tcell_dysfunction|PDCD1|TIGIT|coexpression_network	tcell_dysfunction	tcell_dysfunction	PDCD1	TIGIT	coexpression_network
primary_recist	melanoma_recist_supported_primary	GSE91061	EcoNiche-Opt-WordNoBioObjective	word_no_bio_objective	tcell_dysfunction|tnk_effector|SLC13A3,TP53RK|SLC13A3,TP53RK|coexpression_network	tcell_dysfunction	tnk_effector	SLC13A3,TP53RK	SLC13A3,TP53RK	coexpression_network
primary_recist	melanoma_recist_supported_primary	GSE91061	EcoNiche-Opt-WordNoBioObjective	word_no_bio_objective	tcell_dysfunction|tnk_effector|PDCD1|PRF1|coexpression_network	tcell_dysfunction	tnk_effector	PDCD1	PRF1	coexpression_network
primary_recist	melanoma_recist_supported_primary	GSE91061	EcoNiche-Opt-WordNoBioObjective	word_no_bio_objective	tcell_dysfunction|tumor_dedifferentiation|TIGIT|TRAJ10|coexpression_network	tcell_dysfunction	tumor_dedifferentiation	TIGIT	TRAJ10	coexpression_network
primary_recist	melanoma_recist_supported_primary	GSE91061	EcoNiche-Opt-WordNoBioObjective	word_no_bio_objective	tcell_dysfunction|tumor_dedifferentiation|PDCD1|TRAJ10|coexpression_network	tcell_dysfunction	tumor_dedifferentiation	PDCD1	TRAJ10	coexpression_network
primary_recist	melanoma_recist_supported_primary	GSE91061	EcoNiche-Opt-WordNoBioObjective	word_no_bio_objective	tnk_effector|tnk_effector|GZMA|PRF1|coexpression_network	tnk_effector	tnk_effector	GZMA	PRF1	coexpression_network
primary_recist	melanoma_recist_supported_primary	GSE91061	EcoNiche-Opt-WordNoBioObjective	word_no_bio_objective	tnk_effector|tnk_effector|GZMA|IFNG|coexpression_network	tnk_effector	tnk_effector	GZMA	IFNG	coexpression_network
primary_recist	melanoma_recist_supported_primary	GSE91061	EcoNiche-Opt-WordNoBioObjective	word_no_bio_objective	tnk_effector|tumor_dedifferentiation|HPN,SCN1B|RILP,SCARF1|coexpression_network	tnk_effector	tumor_dedifferentiation	HPN,SCN1B	RILP,SCARF1	coexpression_network
primary_recist	melanoma_recist_supported_primary	GSE91061	EcoNiche-Opt-WordNoBioObjective	word_no_bio_objective	tnk_effector|tumor_dedifferentiation|IFNG|TRAJ10|coexpression_network	tnk_effector	tumor_dedifferentiation	IFNG	TRAJ10	coexpression_network
primary_recist	melanoma_recist_supported_primary	GSE91061	EcoNiche-Opt-WordNoBioObjective	word_no_bio_objective	tumor_dedifferentiation|tumor_dedifferentiation|SOX10|ZEB1|coexpression_network	tumor_dedifferentiation	tumor_dedifferentiation	SOX10	ZEB1	coexpression_network
primary_recist	melanoma_recist_supported_primary	GSE91061	EcoNiche-Opt-WordNoBioObjective	word_no_bio_objective	tumor_dedifferentiation|tumor_dedifferentiation|RILP,SCARF1|RPS8,SNORD55|coexpression_network	tumor_dedifferentiation	tumor_dedifferentiation	RILP,SCARF1	RPS8,SNORD55	coexpression_network
primary_recist	melanoma_recist_supported_primary	GSE78220	EcoNiche-Opt-WordFullGraph	word_full_graph	tnk_effector|tnk_effector|GZMB|PRF1|pathway	tnk_effector	tnk_effector	GZMB	PRF1	pathway
primary_recist	melanoma_recist_supported_primary	GSE78220	EcoNiche-Opt-WordFullGraph	word_full_graph	tnk_effector|antigen_presentation_mhc|IFNG|HLA-A|regulatory	tnk_effector	antigen_presentation_mhc	IFNG	HLA-A	regulatory
primary_recist	melanoma_recist_supported_primary	GSE78220	EcoNiche-Opt-WordFullGraph	word_full_graph	antigen_presentation_mhc|antigen_presentation_mhc|LOC101927322|RILP,SCARF1|coexpression_network	antigen_presentation_mhc	antigen_presentation_mhc	LOC101927322	RILP,SCARF1	coexpression_network
primary_recist	melanoma_recist_supported_primary	GSE78220	EcoNiche-Opt-WordFullGraph	word_full_graph	antigen_presentation_mhc|antigen_presentation_mhc|LOC101927322|LOC101928460|coexpression_network	antigen_presentation_mhc	antigen_presentation_mhc	LOC101927322	LOC101928460	coexpression_network
primary_recist	melanoma_recist_supported_primary	GSE78220	EcoNiche-Opt-WordFullGraph	word_full_graph	antigen_presentation_mhc|caf_ecm_exclusion|LOC101927322|LOC101927322|coexpression_network	antigen_presentation_mhc	caf_ecm_exclusion	LOC101927322	LOC101927322	coexpression_network
primary_recist	melanoma_recist_supported_primary	GSE78220	EcoNiche-Opt-WordFullGraph	word_full_graph	antigen_presentation_mhc|caf_ecm_exclusion|HLA-A|PDCD1|coexpression_network	antigen_presentation_mhc	caf_ecm_exclusion	HLA-A	PDCD1	coexpression_network
primary_recist	melanoma_recist_supported_primary	GSE78220	EcoNiche-Opt-WordFullGraph	word_full_graph	antigen_presentation_mhc|myeloid_suppression|LOC101927322|LOC101927322|coexpression_network	antigen_presentation_mhc	myeloid_suppression	LOC101927322	LOC101927322	coexpression_network
primary_recist	melanoma_recist_supported_primary	GSE78220	EcoNiche-Opt-WordFullGraph	word_full_graph	antigen_presentation_mhc|myeloid_suppression|LOC101928460|GPR111|coexpression_network	antigen_presentation_mhc	myeloid_suppression	LOC101928460	GPR111	coexpression_network
primary_recist	melanoma_recist_supported_primary	GSE78220	EcoNiche-Opt-WordFullGraph	word_full_graph	antigen_presentation_mhc|tcell_dysfunction|LOC101927322|LOC101927322|coexpression_network	antigen_presentation_mhc	tcell_dysfunction	LOC101927322	LOC101927322	coexpression_network
primary_recist	melanoma_recist_supported_primary	GSE78220	EcoNiche-Opt-WordFullGraph	word_full_graph	antigen_presentation_mhc|tcell_dysfunction|LOC101928460|BCMO1|coexpression_network	antigen_presentation_mhc	tcell_dysfunction	LOC101928460	BCMO1	coexpression_network
primary_recist	melanoma_recist_supported_primary	GSE78220	EcoNiche-Opt-WordFullGraph	word_full_graph	antigen_presentation_mhc|tnk_effector|LOC101927322|LOC101927322|coexpression_network	antigen_presentation_mhc	tnk_effector	LOC101927322	LOC101927322	coexpression_network
primary_recist	melanoma_recist_supported_primary	GSE78220	EcoNiche-Opt-WordFullGraph	word_full_graph	antigen_presentation_mhc|tnk_effector|LOC101927322|LOC101927217|coexpression_network	antigen_presentation_mhc	tnk_effector	LOC101927322	LOC101927217	coexpression_network
primary_recist	melanoma_recist_supported_primary	GSE78220	EcoNiche-Opt-WordFullGraph	word_full_graph	antigen_presentation_mhc|tumor_dedifferentiation|LOC101928460|LOC101928460|coexpression_network	antigen_presentation_mhc	tumor_dedifferentiation	LOC101928460	LOC101928460	coexpression_network
primary_recist	melanoma_recist_supported_primary	GSE78220	EcoNiche-Opt-WordFullGraph	word_full_graph	antigen_presentation_mhc|tumor_dedifferentiation|LOC101927322|LOC101927217|coexpression_network	antigen_presentation_mhc	tumor_dedifferentiation	LOC101927322	LOC101927217	coexpression_network
primary_recist	melanoma_recist_supported_primary	GSE78220	EcoNiche-Opt-WordFullGraph	word_full_graph	caf_ecm_exclusion|caf_ecm_exclusion|LOC101927217|LOC101927322|coexpression_network	caf_ecm_exclusion	caf_ecm_exclusion	LOC101927217	LOC101927322	coexpression_network
primary_recist	melanoma_recist_supported_primary	GSE78220	EcoNiche-Opt-WordFullGraph	word_full_graph	caf_ecm_exclusion|caf_ecm_exclusion|CTD-2201I18.1,SERINC5|LOC101928738|coexpression_network	caf_ecm_exclusion	caf_ecm_exclusion	CTD-2201I18.1,SERINC5	LOC101928738	coexpression_network
primary_recist	melanoma_recist_supported_primary	GSE78220	EcoNiche-Opt-WordFullGraph	word_full_graph	caf_ecm_exclusion|myeloid_suppression|TGFB1|TGFB1|coexpression_network	caf_ecm_exclusion	myeloid_suppression	TGFB1	TGFB1	coexpression_network
primary_recist	melanoma_recist_supported_primary	GSE78220	EcoNiche-Opt-WordFullGraph	word_full_graph	caf_ecm_exclusion|myeloid_suppression|LOC441178|LOC441178|coexpression_network	caf_ecm_exclusion	myeloid_suppression	LOC441178	LOC441178	coexpression_network
primary_recist	melanoma_recist_supported_primary	GSE78220	EcoNiche-Opt-WordFullGraph	word_full_graph	caf_ecm_exclusion|tcell_dysfunction|PDCD1|PDCD1|coexpression_network	caf_ecm_exclusion	tcell_dysfunction	PDCD1	PDCD1	coexpression_network
primary_recist	melanoma_recist_supported_primary	GSE78220	EcoNiche-Opt-WordFullGraph	word_full_graph	caf_ecm_exclusion|tcell_dysfunction|LOC101927217|LOC101927217|coexpression_network	caf_ecm_exclusion	tcell_dysfunction	LOC101927217	LOC101927217	coexpression_network
primary_recist	melanoma_recist_supported_primary	GSE78220	EcoNiche-Opt-WordFullGraph	word_full_graph	caf_ecm_exclusion|tnk_effector|LOC101927217|LOC101927217|coexpression_network	caf_ecm_exclusion	tnk_effector	LOC101927217	LOC101927217	coexpression_network
primary_recist	melanoma_recist_supported_primary	GSE78220	EcoNiche-Opt-WordFullGraph	word_full_graph	caf_ecm_exclusion|tnk_effector|LOC101927322|LOC101927322|coexpression_network	caf_ecm_exclusion	tnk_effector	LOC101927322	LOC101927322	coexpression_network
primary_recist	melanoma_recist_supported_primary	GSE78220	EcoNiche-Opt-WordFullGraph	word_full_graph	caf_ecm_exclusion|tumor_dedifferentiation|LOC441178|LOC441178|coexpression_network	caf_ecm_exclusion	tumor_dedifferentiation	LOC441178	LOC441178	coexpression_network
primary_recist	melanoma_recist_supported_primary	GSE78220	EcoNiche-Opt-WordFullGraph	word_full_graph	caf_ecm_exclusion|tumor_dedifferentiation|LOC101927217|LOC101927217|coexpression_network	caf_ecm_exclusion	tumor_dedifferentiation	LOC101927217	LOC101927217	coexpression_network
primary_recist	melanoma_recist_supported_primary	GSE78220	EcoNiche-Opt-WordFullGraph	word_full_graph	myeloid_suppression|myeloid_suppression|GPR111|LOC441178|coexpression_network	myeloid_suppression	myeloid_suppression	GPR111	LOC441178	coexpression_network
primary_recist	melanoma_recist_supported_primary	GSE78220	EcoNiche-Opt-WordFullGraph	word_full_graph	myeloid_suppression|myeloid_suppression|CSF1R|TGFB1|coexpression_network	myeloid_suppression	myeloid_suppression	CSF1R	TGFB1	coexpression_network
primary_recist	melanoma_recist_supported_primary	GSE78220	EcoNiche-Opt-WordFullGraph	word_full_graph	myeloid_suppression|tcell_dysfunction|LOC101927322|LOC101927322|coexpression_network	myeloid_suppression	tcell_dysfunction	LOC101927322	LOC101927322	coexpression_network
primary_recist	melanoma_recist_supported_primary	GSE78220	EcoNiche-Opt-WordFullGraph	word_full_graph	myeloid_suppression|tcell_dysfunction|GPR111|BCMO1|coexpression_network	myeloid_suppression	tcell_dysfunction	GPR111	BCMO1	coexpression_network
primary_recist	melanoma_recist_supported_primary	GSE78220	EcoNiche-Opt-WordFullGraph	word_full_graph	myeloid_suppression|tnk_effector|LOC101927322|LOC101927322|coexpression_network	myeloid_suppression	tnk_effector	LOC101927322	LOC101927322	coexpression_network
primary_recist	melanoma_recist_supported_primary	GSE78220	EcoNiche-Opt-WordFullGraph	word_full_graph	myeloid_suppression|tnk_effector|LOC101927322|LOC101927217|coexpression_network	myeloid_suppression	tnk_effector	LOC101927322	LOC101927217	coexpression_network
primary_recist	melanoma_recist_supported_primary	GSE78220	EcoNiche-Opt-WordFullGraph	word_full_graph	myeloid_suppression|tumor_dedifferentiation|LOC441178|LOC441178|coexpression_network	myeloid_suppression	tumor_dedifferentiation	LOC441178	LOC441178	coexpression_network
primary_recist	melanoma_recist_supported_primary	GSE78220	EcoNiche-Opt-WordFullGraph	word_full_graph	myeloid_suppression|tumor_dedifferentiation|GPR111|LOC101928460|coexpression_network	myeloid_suppression	tumor_dedifferentiation	GPR111	LOC101928460	coexpression_network
primary_recist	melanoma_recist_supported_primary	GSE78220	EcoNiche-Opt-WordFullGraph	word_full_graph	tcell_dysfunction|tcell_dysfunction|LOC101927217|LOC101927322|coexpression_network	tcell_dysfunction	tcell_dysfunction	LOC101927217	LOC101927322	coexpression_network
primary_recist	melanoma_recist_supported_primary	GSE78220	EcoNiche-Opt-WordFullGraph	word_full_graph	tcell_dysfunction|tcell_dysfunction|CTLA4|PDCD1|coexpression_network	tcell_dysfunction	tcell_dysfunction	CTLA4	PDCD1	coexpression_network
primary_recist	melanoma_recist_supported_primary	GSE78220	EcoNiche-Opt-WordFullGraph	word_full_graph	tcell_dysfunction|tnk_effector|LOC101927217|LOC101927217|coexpression_network	tcell_dysfunction	tnk_effector	LOC101927217	LOC101927217	coexpression_network
primary_recist	melanoma_recist_supported_primary	GSE78220	EcoNiche-Opt-WordFullGraph	word_full_graph	tcell_dysfunction|tnk_effector|LOC101927322|LOC101927322|coexpression_network	tcell_dysfunction	tnk_effector	LOC101927322	LOC101927322	coexpression_network
primary_recist	melanoma_recist_supported_primary	GSE78220	EcoNiche-Opt-WordFullGraph	word_full_graph	tcell_dysfunction|tumor_dedifferentiation|LOC101927217|LOC101927217|coexpression_network	tcell_dysfunction	tumor_dedifferentiation	LOC101927217	LOC101927217	coexpression_network
primary_recist	melanoma_recist_supported_primary	GSE78220	EcoNiche-Opt-WordFullGraph	word_full_graph	tcell_dysfunction|tumor_dedifferentiation|BCMO1|LOC101928460|coexpression_network	tcell_dysfunction	tumor_dedifferentiation	BCMO1	LOC101928460	coexpression_network
primary_recist	melanoma_recist_supported_primary	GSE78220	EcoNiche-Opt-WordFullGraph	word_full_graph	tnk_effector|tnk_effector|GZMB|PRF1|coexpression_network	tnk_effector	tnk_effector	GZMB	PRF1	coexpression_network
primary_recist	melanoma_recist_supported_primary	GSE78220	EcoNiche-Opt-WordFullGraph	word_full_graph	tnk_effector|tnk_effector|LOC101927217|LOC101927322|coexpression_network	tnk_effector	tnk_effector	LOC101927217	LOC101927322	coexpression_network
primary_recist	melanoma_recist_supported_primary	GSE78220	EcoNiche-Opt-WordFullGraph	word_full_graph	tnk_effector|tumor_dedifferentiation|LOC101927217|LOC101927217|coexpression_network	tnk_effector	tumor_dedifferentiation	LOC101927217	LOC101927217	coexpression_network
primary_recist	melanoma_recist_supported_primary	GSE78220	EcoNiche-Opt-WordFullGraph	word_full_graph	tnk_effector|tumor_dedifferentiation|PRF1|IFNG|coexpression_network	tnk_effector	tumor_dedifferentiation	PRF1	IFNG	coexpression_network
primary_recist	melanoma_recist_supported_primary	GSE78220	EcoNiche-Opt-WordFullGraph	word_full_graph	tumor_dedifferentiation|tumor_dedifferentiation|AXL|SOX10|coexpression_network	tumor_dedifferentiation	tumor_dedifferentiation	AXL	SOX10	coexpression_network
primary_recist	melanoma_recist_supported_primary	GSE78220	EcoNiche-Opt-WordFullGraph	word_full_graph	tumor_dedifferentiation|tumor_dedifferentiation|LOC101928460|LOC441178|coexpression_network	tumor_dedifferentiation	tumor_dedifferentiation	LOC101928460	LOC441178	coexpression_network
primary_recist	melanoma_recist_supported_primary	GSE78220	EcoNiche-Opt-WordUnsignedGraph	word_unsigned_graph	tnk_effector|tnk_effector|GZMB|PRF1|pathway	tnk_effector	tnk_effector	GZMB	PRF1	pathway
primary_recist	melanoma_recist_supported_primary	GSE78220	EcoNiche-Opt-WordUnsignedGraph	word_unsigned_graph	antigen_presentation_mhc|antigen_presentation_mhc|HLA-A|TAP1|coexpression_network	antigen_presentation_mhc	antigen_presentation_mhc	HLA-A	TAP1	coexpression_network
primary_recist	melanoma_recist_supported_primary	GSE78220	EcoNiche-Opt-WordUnsignedGraph	word_unsigned_graph	antigen_presentation_mhc|antigen_presentation_mhc|TAP1|TAP2|coexpression_network	antigen_presentation_mhc	antigen_presentation_mhc	TAP1	TAP2	coexpression_network
primary_recist	melanoma_recist_supported_primary	GSE78220	EcoNiche-Opt-WordUnsignedGraph	word_unsigned_graph	antigen_presentation_mhc|caf_ecm_exclusion|HLA-A|TGFB1|coexpression_network	antigen_presentation_mhc	caf_ecm_exclusion	HLA-A	TGFB1	coexpression_network
primary_recist	melanoma_recist_supported_primary	GSE78220	EcoNiche-Opt-WordUnsignedGraph	word_unsigned_graph	antigen_presentation_mhc|caf_ecm_exclusion|TAP1|TGFB1|coexpression_network	antigen_presentation_mhc	caf_ecm_exclusion	TAP1	TGFB1	coexpression_network
primary_recist	melanoma_recist_supported_primary	GSE78220	EcoNiche-Opt-WordUnsignedGraph	word_unsigned_graph	antigen_presentation_mhc|myeloid_suppression|HLA-A|HLA-A|coexpression_network	antigen_presentation_mhc	myeloid_suppression	HLA-A	HLA-A	coexpression_network
primary_recist	melanoma_recist_supported_primary	GSE78220	EcoNiche-Opt-WordUnsignedGraph	word_unsigned_graph	antigen_presentation_mhc|myeloid_suppression|BCMO1|BCMO1|coexpression_network	antigen_presentation_mhc	myeloid_suppression	BCMO1	BCMO1	coexpression_network
primary_recist	melanoma_recist_supported_primary	GSE78220	EcoNiche-Opt-WordUnsignedGraph	word_unsigned_graph	antigen_presentation_mhc|tcell_dysfunction|BCMO1|GPR111|coexpression_network	antigen_presentation_mhc	tcell_dysfunction	BCMO1	GPR111	coexpression_network
primary_recist	melanoma_recist_supported_primary	GSE78220	EcoNiche-Opt-WordUnsignedGraph	word_unsigned_graph	antigen_presentation_mhc|tcell_dysfunction|TAP1|TOX|coexpression_network	antigen_presentation_mhc	tcell_dysfunction	TAP1	TOX	coexpression_network
primary_recist	melanoma_recist_supported_primary	GSE78220	EcoNiche-Opt-WordUnsignedGraph	word_unsigned_graph	antigen_presentation_mhc|tnk_effector|BCMO1|LOC101928460|coexpression_network	antigen_presentation_mhc	tnk_effector	BCMO1	LOC101928460	coexpression_network
primary_recist	melanoma_recist_supported_primary	GSE78220	EcoNiche-Opt-WordUnsignedGraph	word_unsigned_graph	antigen_presentation_mhc|tnk_effector|TAP1|PRF1|coexpression_network	antigen_presentation_mhc	tnk_effector	TAP1	PRF1	coexpression_network
primary_recist	melanoma_recist_supported_primary	GSE78220	EcoNiche-Opt-WordUnsignedGraph	word_unsigned_graph	antigen_presentation_mhc|tumor_dedifferentiation|HLA-A|AXL|coexpression_network	antigen_presentation_mhc	tumor_dedifferentiation	HLA-A	AXL	coexpression_network
primary_recist	melanoma_recist_supported_primary	GSE78220	EcoNiche-Opt-WordUnsignedGraph	word_unsigned_graph	antigen_presentation_mhc|tumor_dedifferentiation|TAP1|AXL|coexpression_network	antigen_presentation_mhc	tumor_dedifferentiation	TAP1	AXL	coexpression_network
primary_recist	melanoma_recist_supported_primary	GSE78220	EcoNiche-Opt-WordUnsignedGraph	word_unsigned_graph	caf_ecm_exclusion|caf_ecm_exclusion|LOXL2|POSTN|coexpression_network	caf_ecm_exclusion	caf_ecm_exclusion	LOXL2	POSTN	coexpression_network
primary_recist	melanoma_recist_supported_primary	GSE78220	EcoNiche-Opt-WordUnsignedGraph	word_unsigned_graph	caf_ecm_exclusion|caf_ecm_exclusion|LOXL2|TGFB1|coexpression_network	caf_ecm_exclusion	caf_ecm_exclusion	LOXL2	TGFB1	coexpression_network
primary_recist	melanoma_recist_supported_primary	GSE78220	EcoNiche-Opt-WordUnsignedGraph	word_unsigned_graph	caf_ecm_exclusion|myeloid_suppression|TGFB1|TGFB1|coexpression_network	caf_ecm_exclusion	myeloid_suppression	TGFB1	TGFB1	coexpression_network
primary_recist	melanoma_recist_supported_primary	GSE78220	EcoNiche-Opt-WordUnsignedGraph	word_unsigned_graph	caf_ecm_exclusion|myeloid_suppression|TGFB1|HLA-A|coexpression_network	caf_ecm_exclusion	myeloid_suppression	TGFB1	HLA-A	coexpression_network
primary_recist	melanoma_recist_supported_primary	GSE78220	EcoNiche-Opt-WordUnsignedGraph	word_unsigned_graph	caf_ecm_exclusion|tcell_dysfunction|TGFB1|PDCD1|coexpression_network	caf_ecm_exclusion	tcell_dysfunction	TGFB1	PDCD1	coexpression_network
primary_recist	melanoma_recist_supported_primary	GSE78220	EcoNiche-Opt-WordUnsignedGraph	word_unsigned_graph	caf_ecm_exclusion|tcell_dysfunction|TGFB1|TIGIT|coexpression_network	caf_ecm_exclusion	tcell_dysfunction	TGFB1	TIGIT	coexpression_network
primary_recist	melanoma_recist_supported_primary	GSE78220	EcoNiche-Opt-WordUnsignedGraph	word_unsigned_graph	caf_ecm_exclusion|tnk_effector|TGFB1|PRF1|coexpression_network	caf_ecm_exclusion	tnk_effector	TGFB1	PRF1	coexpression_network
primary_recist	melanoma_recist_supported_primary	GSE78220	EcoNiche-Opt-WordUnsignedGraph	word_unsigned_graph	caf_ecm_exclusion|tnk_effector|POSTN|CTD-2201I18.1,SERINC5|coexpression_network	caf_ecm_exclusion	tnk_effector	POSTN	CTD-2201I18.1,SERINC5	coexpression_network
primary_recist	melanoma_recist_supported_primary	GSE78220	EcoNiche-Opt-WordUnsignedGraph	word_unsigned_graph	caf_ecm_exclusion|tumor_dedifferentiation|LOXL2|AXL|coexpression_network	caf_ecm_exclusion	tumor_dedifferentiation	LOXL2	AXL	coexpression_network
primary_recist	melanoma_recist_supported_primary	GSE78220	EcoNiche-Opt-WordUnsignedGraph	word_unsigned_graph	caf_ecm_exclusion|tumor_dedifferentiation|TGFB1|AXL|coexpression_network	caf_ecm_exclusion	tumor_dedifferentiation	TGFB1	AXL	coexpression_network
primary_recist	melanoma_recist_supported_primary	GSE78220	EcoNiche-Opt-WordUnsignedGraph	word_unsigned_graph	myeloid_suppression|myeloid_suppression|CSF1R|ITGAM|coexpression_network	myeloid_suppression	myeloid_suppression	CSF1R	ITGAM	coexpression_network
primary_recist	melanoma_recist_supported_primary	GSE78220	EcoNiche-Opt-WordUnsignedGraph	word_unsigned_graph	myeloid_suppression|myeloid_suppression|HLA-A|ITGAM|coexpression_network	myeloid_suppression	myeloid_suppression	HLA-A	ITGAM	coexpression_network
primary_recist	melanoma_recist_supported_primary	GSE78220	EcoNiche-Opt-WordUnsignedGraph	word_unsigned_graph	myeloid_suppression|tcell_dysfunction|BCMO1|GPR111|coexpression_network	myeloid_suppression	tcell_dysfunction	BCMO1	GPR111	coexpression_network
primary_recist	melanoma_recist_supported_primary	GSE78220	EcoNiche-Opt-WordUnsignedGraph	word_unsigned_graph	myeloid_suppression|tcell_dysfunction|HLA-A|PDCD1|coexpression_network	myeloid_suppression	tcell_dysfunction	HLA-A	PDCD1	coexpression_network
primary_recist	melanoma_recist_supported_primary	GSE78220	EcoNiche-Opt-WordUnsignedGraph	word_unsigned_graph	myeloid_suppression|tnk_effector|BCMO1|LOC101928460|coexpression_network	myeloid_suppression	tnk_effector	BCMO1	LOC101928460	coexpression_network
primary_recist	melanoma_recist_supported_primary	GSE78220	EcoNiche-Opt-WordUnsignedGraph	word_unsigned_graph	myeloid_suppression|tnk_effector|HLA-A|PRF1|coexpression_network	myeloid_suppression	tnk_effector	HLA-A	PRF1	coexpression_network
primary_recist	melanoma_recist_supported_primary	GSE78220	EcoNiche-Opt-WordUnsignedGraph	word_unsigned_graph	myeloid_suppression|tumor_dedifferentiation|ITGAM|AXL|coexpression_network	myeloid_suppression	tumor_dedifferentiation	ITGAM	AXL	coexpression_network
primary_recist	melanoma_recist_supported_primary	GSE78220	EcoNiche-Opt-WordUnsignedGraph	word_unsigned_graph	myeloid_suppression|tumor_dedifferentiation|CSF1R|AXL|coexpression_network	myeloid_suppression	tumor_dedifferentiation	CSF1R	AXL	coexpression_network
primary_recist	melanoma_recist_supported_primary	GSE78220	EcoNiche-Opt-WordUnsignedGraph	word_unsigned_graph	tcell_dysfunction|tcell_dysfunction|PDCD1|TOX|coexpression_network	tcell_dysfunction	tcell_dysfunction	PDCD1	TOX	coexpression_network
primary_recist	melanoma_recist_supported_primary	GSE78220	EcoNiche-Opt-WordUnsignedGraph	word_unsigned_graph	tcell_dysfunction|tcell_dysfunction|PDCD1|TIGIT|coexpression_network	tcell_dysfunction	tcell_dysfunction	PDCD1	TIGIT	coexpression_network
primary_recist	melanoma_recist_supported_primary	GSE78220	EcoNiche-Opt-WordUnsignedGraph	word_unsigned_graph	tcell_dysfunction|tnk_effector|GPR111|LOC101928460|coexpression_network	tcell_dysfunction	tnk_effector	GPR111	LOC101928460	coexpression_network
primary_recist	melanoma_recist_supported_primary	GSE78220	EcoNiche-Opt-WordUnsignedGraph	word_unsigned_graph	tcell_dysfunction|tnk_effector|PDCD1|PRF1|coexpression_network	tcell_dysfunction	tnk_effector	PDCD1	PRF1	coexpression_network
primary_recist	melanoma_recist_supported_primary	GSE78220	EcoNiche-Opt-WordUnsignedGraph	word_unsigned_graph	tcell_dysfunction|tumor_dedifferentiation|TOX|AXL|coexpression_network	tcell_dysfunction	tumor_dedifferentiation	TOX	AXL	coexpression_network
primary_recist	melanoma_recist_supported_primary	GSE78220	EcoNiche-Opt-WordUnsignedGraph	word_unsigned_graph	tcell_dysfunction|tumor_dedifferentiation|PDCD1|AXL|coexpression_network	tcell_dysfunction	tumor_dedifferentiation	PDCD1	AXL	coexpression_network
primary_recist	melanoma_recist_supported_primary	GSE78220	EcoNiche-Opt-WordUnsignedGraph	word_unsigned_graph	tnk_effector|tnk_effector|CD8A|PRF1|coexpression_network	tnk_effector	tnk_effector	CD8A	PRF1	coexpression_network
primary_recist	melanoma_recist_supported_primary	GSE78220	EcoNiche-Opt-WordUnsignedGraph	word_unsigned_graph	tnk_effector|tnk_effector|CCL5|NKG7|coexpression_network	tnk_effector	tnk_effector	CCL5	NKG7	coexpression_network
primary_recist	melanoma_recist_supported_primary	GSE78220	EcoNiche-Opt-WordUnsignedGraph	word_unsigned_graph	tnk_effector|tumor_dedifferentiation|CD8A|AXL|coexpression_network	tnk_effector	tumor_dedifferentiation	CD8A	AXL	coexpression_network
primary_recist	melanoma_recist_supported_primary	GSE78220	EcoNiche-Opt-WordUnsignedGraph	word_unsigned_graph	tnk_effector|tumor_dedifferentiation|PRF1|AXL|coexpression_network	tnk_effector	tumor_dedifferentiation	PRF1	AXL	coexpression_network
primary_recist	melanoma_recist_supported_primary	GSE78220	EcoNiche-Opt-WordNoBioObjective	word_no_bio_objective	tcell_dysfunction|tcell_dysfunction|PDCD1|LAG3|checkpoint	tcell_dysfunction	tcell_dysfunction	PDCD1	LAG3	checkpoint
primary_recist	melanoma_recist_supported_primary	GSE78220	EcoNiche-Opt-WordNoBioObjective	word_no_bio_objective	tnk_effector|antigen_presentation_mhc|IFNG|HLA-A|regulatory	tnk_effector	antigen_presentation_mhc	IFNG	HLA-A	regulatory
primary_recist	melanoma_recist_supported_primary	GSE78220	EcoNiche-Opt-WordNoBioObjective	word_no_bio_objective	antigen_presentation_mhc|antigen_presentation_mhc|HLA-A|PSMB8|coexpression_network	antigen_presentation_mhc	antigen_presentation_mhc	HLA-A	PSMB8	coexpression_network
primary_recist	melanoma_recist_supported_primary	GSE78220	EcoNiche-Opt-WordNoBioObjective	word_no_bio_objective	antigen_presentation_mhc|antigen_presentation_mhc|LAG3|PRF1|coexpression_network	antigen_presentation_mhc	antigen_presentation_mhc	LAG3	PRF1	coexpression_network
primary_recist	melanoma_recist_supported_primary	GSE78220	EcoNiche-Opt-WordNoBioObjective	word_no_bio_objective	antigen_presentation_mhc|caf_ecm_exclusion|LOC101928303|LOC101928303|coexpression_network	antigen_presentation_mhc	caf_ecm_exclusion	LOC101928303	LOC101928303	coexpression_network
primary_recist	melanoma_recist_supported_primary	GSE78220	EcoNiche-Opt-WordNoBioObjective	word_no_bio_objective	antigen_presentation_mhc|caf_ecm_exclusion|BCMO1|LOC101928460|coexpression_network	antigen_presentation_mhc	caf_ecm_exclusion	BCMO1	LOC101928460	coexpression_network
primary_recist	melanoma_recist_supported_primary	GSE78220	EcoNiche-Opt-WordNoBioObjective	word_no_bio_objective	antigen_presentation_mhc|myeloid_suppression|PSMB8|CD68|coexpression_network	antigen_presentation_mhc	myeloid_suppression	PSMB8	CD68	coexpression_network
primary_recist	melanoma_recist_supported_primary	GSE78220	EcoNiche-Opt-WordNoBioObjective	word_no_bio_objective	antigen_presentation_mhc|myeloid_suppression|PSMB8|IL10|coexpression_network	antigen_presentation_mhc	myeloid_suppression	PSMB8	IL10	coexpression_network
primary_recist	melanoma_recist_supported_primary	GSE78220	EcoNiche-Opt-WordNoBioObjective	word_no_bio_objective	antigen_presentation_mhc|tcell_dysfunction|PRF1|PRF1|coexpression_network	antigen_presentation_mhc	tcell_dysfunction	PRF1	PRF1	coexpression_network
primary_recist	melanoma_recist_supported_primary	GSE78220	EcoNiche-Opt-WordNoBioObjective	word_no_bio_objective	antigen_presentation_mhc|tcell_dysfunction|LAG3|LAG3|coexpression_network	antigen_presentation_mhc	tcell_dysfunction	LAG3	LAG3	coexpression_network
primary_recist	melanoma_recist_supported_primary	GSE78220	EcoNiche-Opt-WordNoBioObjective	word_no_bio_objective	antigen_presentation_mhc|tnk_effector|RILP,SCARF1|RILP,SCARF1|coexpression_network	antigen_presentation_mhc	tnk_effector	RILP,SCARF1	RILP,SCARF1	coexpression_network
primary_recist	melanoma_recist_supported_primary	GSE78220	EcoNiche-Opt-WordNoBioObjective	word_no_bio_objective	antigen_presentation_mhc|tnk_effector|PRF1|PRF1|coexpression_network	antigen_presentation_mhc	tnk_effector	PRF1	PRF1	coexpression_network
primary_recist	melanoma_recist_supported_primary	GSE78220	EcoNiche-Opt-WordNoBioObjective	word_no_bio_objective	antigen_presentation_mhc|tumor_dedifferentiation|BCMO1|BCMO1|coexpression_network	antigen_presentation_mhc	tumor_dedifferentiation	BCMO1	BCMO1	coexpression_network
primary_recist	melanoma_recist_supported_primary	GSE78220	EcoNiche-Opt-WordNoBioObjective	word_no_bio_objective	antigen_presentation_mhc|tumor_dedifferentiation|LOC101928043|LOC101928043|coexpression_network	antigen_presentation_mhc	tumor_dedifferentiation	LOC101928043	LOC101928043	coexpression_network
primary_recist	melanoma_recist_supported_primary	GSE78220	EcoNiche-Opt-WordNoBioObjective	word_no_bio_objective	caf_ecm_exclusion|caf_ecm_exclusion|COL3A1|CXCL12|coexpression_network	caf_ecm_exclusion	caf_ecm_exclusion	COL3A1	CXCL12	coexpression_network
primary_recist	melanoma_recist_supported_primary	GSE78220	EcoNiche-Opt-WordNoBioObjective	word_no_bio_objective	caf_ecm_exclusion|caf_ecm_exclusion|COL3A1|LOXL2|coexpression_network	caf_ecm_exclusion	caf_ecm_exclusion	COL3A1	LOXL2	coexpression_network
primary_recist	melanoma_recist_supported_primary	GSE78220	EcoNiche-Opt-WordNoBioObjective	word_no_bio_objective	caf_ecm_exclusion|myeloid_suppression|TGFB1|TGFB1|coexpression_network	caf_ecm_exclusion	myeloid_suppression	TGFB1	TGFB1	coexpression_network
primary_recist	melanoma_recist_supported_primary	GSE78220	EcoNiche-Opt-WordNoBioObjective	word_no_bio_objective	caf_ecm_exclusion|myeloid_suppression|LOC101928460|LOC101928372|coexpression_network	caf_ecm_exclusion	myeloid_suppression	LOC101928460	LOC101928372	coexpression_network
primary_recist	melanoma_recist_supported_primary	GSE78220	EcoNiche-Opt-WordNoBioObjective	word_no_bio_objective	caf_ecm_exclusion|tcell_dysfunction|LOC101928460|GPR111|coexpression_network	caf_ecm_exclusion	tcell_dysfunction	LOC101928460	GPR111	coexpression_network
primary_recist	melanoma_recist_supported_primary	GSE78220	EcoNiche-Opt-WordNoBioObjective	word_no_bio_objective	caf_ecm_exclusion|tcell_dysfunction|LOC101928460|LOC101928372|coexpression_network	caf_ecm_exclusion	tcell_dysfunction	LOC101928460	LOC101928372	coexpression_network
primary_recist	melanoma_recist_supported_primary	GSE78220	EcoNiche-Opt-WordNoBioObjective	word_no_bio_objective	caf_ecm_exclusion|tnk_effector|TGFB1|PRF1|coexpression_network	caf_ecm_exclusion	tnk_effector	TGFB1	PRF1	coexpression_network
primary_recist	melanoma_recist_supported_primary	GSE78220	EcoNiche-Opt-WordNoBioObjective	word_no_bio_objective	caf_ecm_exclusion|tnk_effector|CXCL12|PRF1|coexpression_network	caf_ecm_exclusion	tnk_effector	CXCL12	PRF1	coexpression_network
primary_recist	melanoma_recist_supported_primary	GSE78220	EcoNiche-Opt-WordNoBioObjective	word_no_bio_objective	caf_ecm_exclusion|tumor_dedifferentiation|VIM|VIM|coexpression_network	caf_ecm_exclusion	tumor_dedifferentiation	VIM	VIM	coexpression_network
primary_recist	melanoma_recist_supported_primary	GSE78220	EcoNiche-Opt-WordNoBioObjective	word_no_bio_objective	caf_ecm_exclusion|tumor_dedifferentiation|LOC101928460|GPR111|coexpression_network	caf_ecm_exclusion	tumor_dedifferentiation	LOC101928460	GPR111	coexpression_network
primary_recist	melanoma_recist_supported_primary	GSE78220	EcoNiche-Opt-WordNoBioObjective	word_no_bio_objective	myeloid_suppression|myeloid_suppression|CD68|IL10|coexpression_network	myeloid_suppression	myeloid_suppression	CD68	IL10	coexpression_network
primary_recist	melanoma_recist_supported_primary	GSE78220	EcoNiche-Opt-WordNoBioObjective	word_no_bio_objective	myeloid_suppression|myeloid_suppression|IL10|TGFB1|coexpression_network	myeloid_suppression	myeloid_suppression	IL10	TGFB1	coexpression_network
primary_recist	melanoma_recist_supported_primary	GSE78220	EcoNiche-Opt-WordNoBioObjective	word_no_bio_objective	myeloid_suppression|tcell_dysfunction|LOC101928372|LOC101928372|coexpression_network	myeloid_suppression	tcell_dysfunction	LOC101928372	LOC101928372	coexpression_network
primary_recist	melanoma_recist_supported_primary	GSE78220	EcoNiche-Opt-WordNoBioObjective	word_no_bio_objective	myeloid_suppression|tcell_dysfunction|IL10|PRF1|coexpression_network	myeloid_suppression	tcell_dysfunction	IL10	PRF1	coexpression_network
primary_recist	melanoma_recist_supported_primary	GSE78220	EcoNiche-Opt-WordNoBioObjective	word_no_bio_objective	myeloid_suppression|tnk_effector|IL10|PRF1|coexpression_network	myeloid_suppression	tnk_effector	IL10	PRF1	coexpression_network
primary_recist	melanoma_recist_supported_primary	GSE78220	EcoNiche-Opt-WordNoBioObjective	word_no_bio_objective	myeloid_suppression|tnk_effector|TGFB1|PRF1|coexpression_network	myeloid_suppression	tnk_effector	TGFB1	PRF1	coexpression_network
primary_recist	melanoma_recist_supported_primary	GSE78220	EcoNiche-Opt-WordNoBioObjective	word_no_bio_objective	myeloid_suppression|tumor_dedifferentiation|IL10|AXL|coexpression_network	myeloid_suppression	tumor_dedifferentiation	IL10	AXL	coexpression_network
primary_recist	melanoma_recist_supported_primary	GSE78220	EcoNiche-Opt-WordNoBioObjective	word_no_bio_objective	myeloid_suppression|tumor_dedifferentiation|LOC101928372|BCMO1|coexpression_network	myeloid_suppression	tumor_dedifferentiation	LOC101928372	BCMO1	coexpression_network
primary_recist	melanoma_recist_supported_primary	GSE78220	EcoNiche-Opt-WordNoBioObjective	word_no_bio_objective	tcell_dysfunction|tcell_dysfunction|PDCD1|PRF1|coexpression_network	tcell_dysfunction	tcell_dysfunction	PDCD1	PRF1	coexpression_network
primary_recist	melanoma_recist_supported_primary	GSE78220	EcoNiche-Opt-WordNoBioObjective	word_no_bio_objective	tcell_dysfunction|tcell_dysfunction|LAG3|PRF1|coexpression_network	tcell_dysfunction	tcell_dysfunction	LAG3	PRF1	coexpression_network
primary_recist	melanoma_recist_supported_primary	GSE78220	EcoNiche-Opt-WordNoBioObjective	word_no_bio_objective	tcell_dysfunction|tnk_effector|PRF1|PRF1|coexpression_network	tcell_dysfunction	tnk_effector	PRF1	PRF1	coexpression_network
primary_recist	melanoma_recist_supported_primary	GSE78220	EcoNiche-Opt-WordNoBioObjective	word_no_bio_objective	tcell_dysfunction|tnk_effector|PDCD1|PRF1|coexpression_network	tcell_dysfunction	tnk_effector	PDCD1	PRF1	coexpression_network
primary_recist	melanoma_recist_supported_primary	GSE78220	EcoNiche-Opt-WordNoBioObjective	word_no_bio_objective	tcell_dysfunction|tumor_dedifferentiation|PDCD1|PDCD1|coexpression_network	tcell_dysfunction	tumor_dedifferentiation	PDCD1	PDCD1	coexpression_network
primary_recist	melanoma_recist_supported_primary	GSE78220	EcoNiche-Opt-WordNoBioObjective	word_no_bio_objective	tcell_dysfunction|tumor_dedifferentiation|GPR111|GPR111|coexpression_network	tcell_dysfunction	tumor_dedifferentiation	GPR111	GPR111	coexpression_network
primary_recist	melanoma_recist_supported_primary	GSE78220	EcoNiche-Opt-WordNoBioObjective	word_no_bio_objective	tnk_effector|tnk_effector|CXCL11|CXCL9|coexpression_network	tnk_effector	tnk_effector	CXCL11	CXCL9	coexpression_network
primary_recist	melanoma_recist_supported_primary	GSE78220	EcoNiche-Opt-WordNoBioObjective	word_no_bio_objective	tnk_effector|tnk_effector|CXCL11|PRF1|coexpression_network	tnk_effector	tnk_effector	CXCL11	PRF1	coexpression_network
primary_recist	melanoma_recist_supported_primary	GSE78220	EcoNiche-Opt-WordNoBioObjective	word_no_bio_objective	tnk_effector|tumor_dedifferentiation|PRF1|PDCD1|coexpression_network	tnk_effector	tumor_dedifferentiation	PRF1	PDCD1	coexpression_network
primary_recist	melanoma_recist_supported_primary	GSE78220	EcoNiche-Opt-WordNoBioObjective	word_no_bio_objective	tnk_effector|tumor_dedifferentiation|RILP,SCARF1|MIR4763,MIRLET7A3,MIRLET7B,MIRLET7BHG|coexpression_network	tnk_effector	tumor_dedifferentiation	RILP,SCARF1	MIR4763,MIRLET7A3,MIRLET7B,MIRLET7BHG	coexpression_network
primary_recist	melanoma_recist_supported_primary	GSE78220	EcoNiche-Opt-WordNoBioObjective	word_no_bio_objective	tumor_dedifferentiation|tumor_dedifferentiation|BCMO1|GPR111|coexpression_network	tumor_dedifferentiation	tumor_dedifferentiation	BCMO1	GPR111	coexpression_network
primary_recist	melanoma_recist_supported_primary	GSE78220	EcoNiche-Opt-WordNoBioObjective	word_no_bio_objective	tumor_dedifferentiation|tumor_dedifferentiation|AXL|PDCD1|coexpression_network	tumor_dedifferentiation	tumor_dedifferentiation	AXL	PDCD1	coexpression_network
primary_recist	melanoma_recist_supported_primary	GSE145996	EcoNiche-Opt-WordFullGraph	word_full_graph	tcell_dysfunction|tcell_dysfunction|PDCD1|LAG3|checkpoint	tcell_dysfunction	tcell_dysfunction	PDCD1	LAG3	checkpoint
primary_recist	melanoma_recist_supported_primary	GSE145996	EcoNiche-Opt-WordFullGraph	word_full_graph	tnk_effector|antigen_presentation_mhc|IFNG|HLA-A|regulatory	tnk_effector	antigen_presentation_mhc	IFNG	HLA-A	regulatory
primary_recist	melanoma_recist_supported_primary	GSE145996	EcoNiche-Opt-WordFullGraph	word_full_graph	antigen_presentation_mhc|antigen_presentation_mhc|HLA-B|HLA-C|coexpression_network	antigen_presentation_mhc	antigen_presentation_mhc	HLA-B	HLA-C	coexpression_network
primary_recist	melanoma_recist_supported_primary	GSE145996	EcoNiche-Opt-WordFullGraph	word_full_graph	antigen_presentation_mhc|antigen_presentation_mhc|HLA-A|HLA-C|coexpression_network	antigen_presentation_mhc	antigen_presentation_mhc	HLA-A	HLA-C	coexpression_network
primary_recist	melanoma_recist_supported_primary	GSE145996	EcoNiche-Opt-WordFullGraph	word_full_graph	antigen_presentation_mhc|caf_ecm_exclusion|IFNG|IFNG|coexpression_network	antigen_presentation_mhc	caf_ecm_exclusion	IFNG	IFNG	coexpression_network
primary_recist	melanoma_recist_supported_primary	GSE145996	EcoNiche-Opt-WordFullGraph	word_full_graph	antigen_presentation_mhc|caf_ecm_exclusion|PSMB9|IFNG|coexpression_network	antigen_presentation_mhc	caf_ecm_exclusion	PSMB9	IFNG	coexpression_network
primary_recist	melanoma_recist_supported_primary	GSE145996	EcoNiche-Opt-WordFullGraph	word_full_graph	antigen_presentation_mhc|myeloid_suppression|HLA-C|CD68|coexpression_network	antigen_presentation_mhc	myeloid_suppression	HLA-C	CD68	coexpression_network
primary_recist	melanoma_recist_supported_primary	GSE145996	EcoNiche-Opt-WordFullGraph	word_full_graph	antigen_presentation_mhc|myeloid_suppression|IFNG|TRAJ1|coexpression_network	antigen_presentation_mhc	myeloid_suppression	IFNG	TRAJ1	coexpression_network
primary_recist	melanoma_recist_supported_primary	GSE145996	EcoNiche-Opt-WordFullGraph	word_full_graph	antigen_presentation_mhc|tcell_dysfunction|PSMB9|PDCD1|coexpression_network	antigen_presentation_mhc	tcell_dysfunction	PSMB9	PDCD1	coexpression_network
primary_recist	melanoma_recist_supported_primary	GSE145996	EcoNiche-Opt-WordFullGraph	word_full_graph	antigen_presentation_mhc|tcell_dysfunction|PSMB9|LAG3|coexpression_network	antigen_presentation_mhc	tcell_dysfunction	PSMB9	LAG3	coexpression_network
primary_recist	melanoma_recist_supported_primary	GSE145996	EcoNiche-Opt-WordFullGraph	word_full_graph	antigen_presentation_mhc|tnk_effector|IFNG|IFNG|coexpression_network	antigen_presentation_mhc	tnk_effector	IFNG	IFNG	coexpression_network
primary_recist	melanoma_recist_supported_primary	GSE145996	EcoNiche-Opt-WordFullGraph	word_full_graph	antigen_presentation_mhc|tnk_effector|IFNG|GZMA|coexpression_network	antigen_presentation_mhc	tnk_effector	IFNG	GZMA	coexpression_network
primary_recist	melanoma_recist_supported_primary	GSE145996	EcoNiche-Opt-WordFullGraph	word_full_graph	antigen_presentation_mhc|tumor_dedifferentiation|HLA-B|AXL|coexpression_network	antigen_presentation_mhc	tumor_dedifferentiation	HLA-B	AXL	coexpression_network
primary_recist	melanoma_recist_supported_primary	GSE145996	EcoNiche-Opt-WordFullGraph	word_full_graph	antigen_presentation_mhc|tumor_dedifferentiation|HLA-C|AXL|coexpression_network	antigen_presentation_mhc	tumor_dedifferentiation	HLA-C	AXL	coexpression_network
primary_recist	melanoma_recist_supported_primary	GSE145996	EcoNiche-Opt-WordFullGraph	word_full_graph	caf_ecm_exclusion|caf_ecm_exclusion|COL1A2|FAP|coexpression_network	caf_ecm_exclusion	caf_ecm_exclusion	COL1A2	FAP	coexpression_network
primary_recist	melanoma_recist_supported_primary	GSE145996	EcoNiche-Opt-WordFullGraph	word_full_graph	caf_ecm_exclusion|caf_ecm_exclusion|IGHV6-1|IGKV4-1|coexpression_network	caf_ecm_exclusion	caf_ecm_exclusion	IGHV6-1	IGKV4-1	coexpression_network
primary_recist	melanoma_recist_supported_primary	GSE145996	EcoNiche-Opt-WordFullGraph	word_full_graph	caf_ecm_exclusion|myeloid_suppression|IGKV4-1|TRAJ1|coexpression_network	caf_ecm_exclusion	myeloid_suppression	IGKV4-1	TRAJ1	coexpression_network
primary_recist	melanoma_recist_supported_primary	GSE145996	EcoNiche-Opt-WordFullGraph	word_full_graph	caf_ecm_exclusion|myeloid_suppression|FAP|CD163|coexpression_network	caf_ecm_exclusion	myeloid_suppression	FAP	CD163	coexpression_network
primary_recist	melanoma_recist_supported_primary	GSE145996	EcoNiche-Opt-WordFullGraph	word_full_graph	caf_ecm_exclusion|tcell_dysfunction|RP11-444B24|RP11-444B24|coexpression_network	caf_ecm_exclusion	tcell_dysfunction	RP11-444B24	RP11-444B24	coexpression_network
primary_recist	melanoma_recist_supported_primary	GSE145996	EcoNiche-Opt-WordFullGraph	word_full_graph	caf_ecm_exclusion|tcell_dysfunction|IGHV6-1|IGHV6-1|coexpression_network	caf_ecm_exclusion	tcell_dysfunction	IGHV6-1	IGHV6-1	coexpression_network
primary_recist	melanoma_recist_supported_primary	GSE145996	EcoNiche-Opt-WordFullGraph	word_full_graph	caf_ecm_exclusion|tnk_effector|IFNG|IFNG|coexpression_network	caf_ecm_exclusion	tnk_effector	IFNG	IFNG	coexpression_network
primary_recist	melanoma_recist_supported_primary	GSE145996	EcoNiche-Opt-WordFullGraph	word_full_graph	caf_ecm_exclusion|tnk_effector|IFNG|GZMA|coexpression_network	caf_ecm_exclusion	tnk_effector	IFNG	GZMA	coexpression_network
primary_recist	melanoma_recist_supported_primary	GSE145996	EcoNiche-Opt-WordFullGraph	word_full_graph	caf_ecm_exclusion|tumor_dedifferentiation|VIM|VIM|coexpression_network	caf_ecm_exclusion	tumor_dedifferentiation	VIM	VIM	coexpression_network
primary_recist	melanoma_recist_supported_primary	GSE145996	EcoNiche-Opt-WordFullGraph	word_full_graph	caf_ecm_exclusion|tumor_dedifferentiation|COL1A2|AXL|coexpression_network	caf_ecm_exclusion	tumor_dedifferentiation	COL1A2	AXL	coexpression_network
primary_recist	melanoma_recist_supported_primary	GSE145996	EcoNiche-Opt-WordFullGraph	word_full_graph	myeloid_suppression|myeloid_suppression|CD68|S100A9|coexpression_network	myeloid_suppression	myeloid_suppression	CD68	S100A9	coexpression_network
primary_recist	melanoma_recist_supported_primary	GSE145996	EcoNiche-Opt-WordFullGraph	word_full_graph	myeloid_suppression|myeloid_suppression|CD163|TGFB1|coexpression_network	myeloid_suppression	myeloid_suppression	CD163	TGFB1	coexpression_network
primary_recist	melanoma_recist_supported_primary	GSE145996	EcoNiche-Opt-WordFullGraph	word_full_graph	myeloid_suppression|tcell_dysfunction|TRAJ1|TIGIT|coexpression_network	myeloid_suppression	tcell_dysfunction	TRAJ1	TIGIT	coexpression_network
primary_recist	melanoma_recist_supported_primary	GSE145996	EcoNiche-Opt-WordFullGraph	word_full_graph	myeloid_suppression|tcell_dysfunction|TRAJ1|PDCD1|coexpression_network	myeloid_suppression	tcell_dysfunction	TRAJ1	PDCD1	coexpression_network
primary_recist	melanoma_recist_supported_primary	GSE145996	EcoNiche-Opt-WordFullGraph	word_full_graph	myeloid_suppression|tnk_effector|TRAJ1|GZMA|coexpression_network	myeloid_suppression	tnk_effector	TRAJ1	GZMA	coexpression_network
primary_recist	melanoma_recist_supported_primary	GSE145996	EcoNiche-Opt-WordFullGraph	word_full_graph	myeloid_suppression|tnk_effector|TRAJ1|IFNG|coexpression_network	myeloid_suppression	tnk_effector	TRAJ1	IFNG	coexpression_network
primary_recist	melanoma_recist_supported_primary	GSE145996	EcoNiche-Opt-WordFullGraph	word_full_graph	myeloid_suppression|tumor_dedifferentiation|LOC102724050|LOC101927356|coexpression_network	myeloid_suppression	tumor_dedifferentiation	LOC102724050	LOC101927356	coexpression_network
primary_recist	melanoma_recist_supported_primary	GSE145996	EcoNiche-Opt-WordFullGraph	word_full_graph	myeloid_suppression|tumor_dedifferentiation|CD163|AXL|coexpression_network	myeloid_suppression	tumor_dedifferentiation	CD163	AXL	coexpression_network
primary_recist	melanoma_recist_supported_primary	GSE145996	EcoNiche-Opt-WordFullGraph	word_full_graph	tcell_dysfunction|tcell_dysfunction|LAG3|PDCD1|coexpression_network	tcell_dysfunction	tcell_dysfunction	LAG3	PDCD1	coexpression_network
primary_recist	melanoma_recist_supported_primary	GSE145996	EcoNiche-Opt-WordFullGraph	word_full_graph	tcell_dysfunction|tcell_dysfunction|LAG3|TIGIT|coexpression_network	tcell_dysfunction	tcell_dysfunction	LAG3	TIGIT	coexpression_network
primary_recist	melanoma_recist_supported_primary	GSE145996	EcoNiche-Opt-WordFullGraph	word_full_graph	tcell_dysfunction|tnk_effector|TIGIT|GZMA|coexpression_network	tcell_dysfunction	tnk_effector	TIGIT	GZMA	coexpression_network
primary_recist	melanoma_recist_supported_primary	GSE145996	EcoNiche-Opt-WordFullGraph	word_full_graph	tcell_dysfunction|tnk_effector|PDCD1|IFNG|coexpression_network	tcell_dysfunction	tnk_effector	PDCD1	IFNG	coexpression_network
primary_recist	melanoma_recist_supported_primary	GSE145996	EcoNiche-Opt-WordFullGraph	word_full_graph	tcell_dysfunction|tumor_dedifferentiation|PDCD1|AXL|coexpression_network	tcell_dysfunction	tumor_dedifferentiation	PDCD1	AXL	coexpression_network
primary_recist	melanoma_recist_supported_primary	GSE145996	EcoNiche-Opt-WordFullGraph	word_full_graph	tcell_dysfunction|tumor_dedifferentiation|LAG3|AXL|coexpression_network	tcell_dysfunction	tumor_dedifferentiation	LAG3	AXL	coexpression_network
primary_recist	melanoma_recist_supported_primary	GSE145996	EcoNiche-Opt-WordFullGraph	word_full_graph	tnk_effector|tnk_effector|GZMA|IFNG|coexpression_network	tnk_effector	tnk_effector	GZMA	IFNG	coexpression_network
primary_recist	melanoma_recist_supported_primary	GSE145996	EcoNiche-Opt-WordFullGraph	word_full_graph	tnk_effector|tnk_effector|CXCL11|GZMA|coexpression_network	tnk_effector	tnk_effector	CXCL11	GZMA	coexpression_network
primary_recist	melanoma_recist_supported_primary	GSE145996	EcoNiche-Opt-WordFullGraph	word_full_graph	tnk_effector|tumor_dedifferentiation|IFNG|AXL|coexpression_network	tnk_effector	tumor_dedifferentiation	IFNG	AXL	coexpression_network
primary_recist	melanoma_recist_supported_primary	GSE145996	EcoNiche-Opt-WordFullGraph	word_full_graph	tnk_effector|tumor_dedifferentiation|GZMA|AXL|coexpression_network	tnk_effector	tumor_dedifferentiation	GZMA	AXL	coexpression_network
primary_recist	melanoma_recist_supported_primary	GSE145996	EcoNiche-Opt-WordFullGraph	word_full_graph	tumor_dedifferentiation|tumor_dedifferentiation|AXL|ITGA3|coexpression_network	tumor_dedifferentiation	tumor_dedifferentiation	AXL	ITGA3	coexpression_network
primary_recist	melanoma_recist_supported_primary	GSE145996	EcoNiche-Opt-WordFullGraph	word_full_graph	tumor_dedifferentiation|tumor_dedifferentiation|AXL|LOC101927356|coexpression_network	tumor_dedifferentiation	tumor_dedifferentiation	AXL	LOC101927356	coexpression_network
primary_recist	melanoma_recist_supported_primary	GSE145996	EcoNiche-Opt-WordUnsignedGraph	word_unsigned_graph	tnk_effector|antigen_presentation_mhc|IFNG|HLA-A|regulatory	tnk_effector	antigen_presentation_mhc	IFNG	HLA-A	regulatory
primary_recist	melanoma_recist_supported_primary	GSE145996	EcoNiche-Opt-WordUnsignedGraph	word_unsigned_graph	antigen_presentation_mhc|antigen_presentation_mhc|HLA-A|PSMB9|coexpression_network	antigen_presentation_mhc	antigen_presentation_mhc	HLA-A	PSMB9	coexpression_network
primary_recist	melanoma_recist_supported_primary	GSE145996	EcoNiche-Opt-WordUnsignedGraph	word_unsigned_graph	antigen_presentation_mhc|antigen_presentation_mhc|HLA-A|HLA-DRA|coexpression_network	antigen_presentation_mhc	antigen_presentation_mhc	HLA-A	HLA-DRA	coexpression_network
primary_recist	melanoma_recist_supported_primary	GSE145996	EcoNiche-Opt-WordUnsignedGraph	word_unsigned_graph	antigen_presentation_mhc|caf_ecm_exclusion|IGHV6-1|IGHD2-2|coexpression_network	antigen_presentation_mhc	caf_ecm_exclusion	IGHV6-1	IGHD2-2	coexpression_network
primary_recist	melanoma_recist_supported_primary	GSE145996	EcoNiche-Opt-WordUnsignedGraph	word_unsigned_graph	antigen_presentation_mhc|caf_ecm_exclusion|PSMB9|CXCL12|coexpression_network	antigen_presentation_mhc	caf_ecm_exclusion	PSMB9	CXCL12	coexpression_network
primary_recist	melanoma_recist_supported_primary	GSE145996	EcoNiche-Opt-WordUnsignedGraph	word_unsigned_graph	antigen_presentation_mhc|myeloid_suppression|IGHV6-1|IGHV6-1|coexpression_network	antigen_presentation_mhc	myeloid_suppression	IGHV6-1	IGHV6-1	coexpression_network
primary_recist	melanoma_recist_supported_primary	GSE145996	EcoNiche-Opt-WordUnsignedGraph	word_unsigned_graph	antigen_presentation_mhc|myeloid_suppression|HLA-DRA|CSF1R|coexpression_network	antigen_presentation_mhc	myeloid_suppression	HLA-DRA	CSF1R	coexpression_network
primary_recist	melanoma_recist_supported_primary	GSE145996	EcoNiche-Opt-WordUnsignedGraph	word_unsigned_graph	antigen_presentation_mhc|tcell_dysfunction|IGHV6-1|IGHV6-1|coexpression_network	antigen_presentation_mhc	tcell_dysfunction	IGHV6-1	IGHV6-1	coexpression_network
primary_recist	melanoma_recist_supported_primary	GSE145996	EcoNiche-Opt-WordUnsignedGraph	word_unsigned_graph	antigen_presentation_mhc|tcell_dysfunction|PSMB9|PDCD1|coexpression_network	antigen_presentation_mhc	tcell_dysfunction	PSMB9	PDCD1	coexpression_network
primary_recist	melanoma_recist_supported_primary	GSE145996	EcoNiche-Opt-WordUnsignedGraph	word_unsigned_graph	antigen_presentation_mhc|tnk_effector|PSMB9|IFNG|coexpression_network	antigen_presentation_mhc	tnk_effector	PSMB9	IFNG	coexpression_network
primary_recist	melanoma_recist_supported_primary	GSE145996	EcoNiche-Opt-WordUnsignedGraph	word_unsigned_graph	antigen_presentation_mhc|tnk_effector|PSMB9|GZMA|coexpression_network	antigen_presentation_mhc	tnk_effector	PSMB9	GZMA	coexpression_network
primary_recist	melanoma_recist_supported_primary	GSE145996	EcoNiche-Opt-WordUnsignedGraph	word_unsigned_graph	antigen_presentation_mhc|tumor_dedifferentiation|IGHV6-1|IGHV6-1|coexpression_network	antigen_presentation_mhc	tumor_dedifferentiation	IGHV6-1	IGHV6-1	coexpression_network
primary_recist	melanoma_recist_supported_primary	GSE145996	EcoNiche-Opt-WordUnsignedGraph	word_unsigned_graph	antigen_presentation_mhc|tumor_dedifferentiation|PSMB9|IGLV1-40|coexpression_network	antigen_presentation_mhc	tumor_dedifferentiation	PSMB9	IGLV1-40	coexpression_network
primary_recist	melanoma_recist_supported_primary	GSE145996	EcoNiche-Opt-WordUnsignedGraph	word_unsigned_graph	caf_ecm_exclusion|caf_ecm_exclusion|IGHD2-2|VIM|coexpression_network	caf_ecm_exclusion	caf_ecm_exclusion	IGHD2-2	VIM	coexpression_network
primary_recist	melanoma_recist_supported_primary	GSE145996	EcoNiche-Opt-WordUnsignedGraph	word_unsigned_graph	caf_ecm_exclusion|myeloid_suppression|IGHD2-2|IGHD2-2|coexpression_network	caf_ecm_exclusion	myeloid_suppression	IGHD2-2	IGHD2-2	coexpression_network
primary_recist	melanoma_recist_supported_primary	GSE145996	EcoNiche-Opt-WordUnsignedGraph	word_unsigned_graph	caf_ecm_exclusion|myeloid_suppression|IGHD2-2|IGLV1-40|coexpression_network	caf_ecm_exclusion	myeloid_suppression	IGHD2-2	IGLV1-40	coexpression_network
primary_recist	melanoma_recist_supported_primary	GSE145996	EcoNiche-Opt-WordUnsignedGraph	word_unsigned_graph	caf_ecm_exclusion|tcell_dysfunction|IGHD2-2|IGHD2-2|coexpression_network	caf_ecm_exclusion	tcell_dysfunction	IGHD2-2	IGHD2-2	coexpression_network
primary_recist	melanoma_recist_supported_primary	GSE145996	EcoNiche-Opt-WordUnsignedGraph	word_unsigned_graph	caf_ecm_exclusion|tcell_dysfunction|IGHD2-2|IGHD3-10|coexpression_network	caf_ecm_exclusion	tcell_dysfunction	IGHD2-2	IGHD3-10	coexpression_network
primary_recist	melanoma_recist_supported_primary	GSE145996	EcoNiche-Opt-WordUnsignedGraph	word_unsigned_graph	caf_ecm_exclusion|tnk_effector|CXCL12|GZMA|coexpression_network	caf_ecm_exclusion	tnk_effector	CXCL12	GZMA	coexpression_network
primary_recist	melanoma_recist_supported_primary	GSE145996	EcoNiche-Opt-WordUnsignedGraph	word_unsigned_graph	caf_ecm_exclusion|tnk_effector|IGHD2-2|GZMA|coexpression_network	caf_ecm_exclusion	tnk_effector	IGHD2-2	GZMA	coexpression_network
primary_recist	melanoma_recist_supported_primary	GSE145996	EcoNiche-Opt-WordUnsignedGraph	word_unsigned_graph	caf_ecm_exclusion|tumor_dedifferentiation|VIM|VIM|coexpression_network	caf_ecm_exclusion	tumor_dedifferentiation	VIM	VIM	coexpression_network
primary_recist	melanoma_recist_supported_primary	GSE145996	EcoNiche-Opt-WordUnsignedGraph	word_unsigned_graph	caf_ecm_exclusion|tumor_dedifferentiation|IGHD2-2|IGLV1-40|coexpression_network	caf_ecm_exclusion	tumor_dedifferentiation	IGHD2-2	IGLV1-40	coexpression_network
primary_recist	melanoma_recist_supported_primary	GSE145996	EcoNiche-Opt-WordUnsignedGraph	word_unsigned_graph	myeloid_suppression|myeloid_suppression|IGHD2-2|IGLV1-40|coexpression_network	myeloid_suppression	myeloid_suppression	IGHD2-2	IGLV1-40	coexpression_network
primary_recist	melanoma_recist_supported_primary	GSE145996	EcoNiche-Opt-WordUnsignedGraph	word_unsigned_graph	myeloid_suppression|myeloid_suppression|IGHV6-1|IGLV1-40|coexpression_network	myeloid_suppression	myeloid_suppression	IGHV6-1	IGLV1-40	coexpression_network
primary_recist	melanoma_recist_supported_primary	GSE145996	EcoNiche-Opt-WordUnsignedGraph	word_unsigned_graph	myeloid_suppression|tcell_dysfunction|IGHD2-2|IGHD2-2|coexpression_network	myeloid_suppression	tcell_dysfunction	IGHD2-2	IGHD2-2	coexpression_network
primary_recist	melanoma_recist_supported_primary	GSE145996	EcoNiche-Opt-WordUnsignedGraph	word_unsigned_graph	myeloid_suppression|tcell_dysfunction|IGHV6-1|IGHV6-1|coexpression_network	myeloid_suppression	tcell_dysfunction	IGHV6-1	IGHV6-1	coexpression_network
primary_recist	melanoma_recist_supported_primary	GSE145996	EcoNiche-Opt-WordUnsignedGraph	word_unsigned_graph	myeloid_suppression|tnk_effector|IGLV1-40|IFNG|coexpression_network	myeloid_suppression	tnk_effector	IGLV1-40	IFNG	coexpression_network
primary_recist	melanoma_recist_supported_primary	GSE145996	EcoNiche-Opt-WordUnsignedGraph	word_unsigned_graph	myeloid_suppression|tnk_effector|IGLV1-40|GZMA|coexpression_network	myeloid_suppression	tnk_effector	IGLV1-40	GZMA	coexpression_network
primary_recist	melanoma_recist_supported_primary	GSE145996	EcoNiche-Opt-WordUnsignedGraph	word_unsigned_graph	myeloid_suppression|tumor_dedifferentiation|IGLV1-40|IGLV1-40|coexpression_network	myeloid_suppression	tumor_dedifferentiation	IGLV1-40	IGLV1-40	coexpression_network
primary_recist	melanoma_recist_supported_primary	GSE145996	EcoNiche-Opt-WordUnsignedGraph	word_unsigned_graph	myeloid_suppression|tumor_dedifferentiation|IGHV6-1|IGHV6-1|coexpression_network	myeloid_suppression	tumor_dedifferentiation	IGHV6-1	IGHV6-1	coexpression_network
primary_recist	melanoma_recist_supported_primary	GSE145996	EcoNiche-Opt-WordUnsignedGraph	word_unsigned_graph	tcell_dysfunction|tcell_dysfunction|IGHD2-2|IGHD3-10|coexpression_network	tcell_dysfunction	tcell_dysfunction	IGHD2-2	IGHD3-10	coexpression_network
primary_recist	melanoma_recist_supported_primary	GSE145996	EcoNiche-Opt-WordUnsignedGraph	word_unsigned_graph	tcell_dysfunction|tcell_dysfunction|IGLV2-11|TRAJ6|coexpression_network	tcell_dysfunction	tcell_dysfunction	IGLV2-11	TRAJ6	coexpression_network
primary_recist	melanoma_recist_supported_primary	GSE145996	EcoNiche-Opt-WordUnsignedGraph	word_unsigned_graph	tcell_dysfunction|tnk_effector|TRAJ6|TRAJ6|coexpression_network	tcell_dysfunction	tnk_effector	TRAJ6	TRAJ6	coexpression_network
primary_recist	melanoma_recist_supported_primary	GSE145996	EcoNiche-Opt-WordUnsignedGraph	word_unsigned_graph	tcell_dysfunction|tnk_effector|PDCD1|IFNG|coexpression_network	tcell_dysfunction	tnk_effector	PDCD1	IFNG	coexpression_network
primary_recist	melanoma_recist_supported_primary	GSE145996	EcoNiche-Opt-WordUnsignedGraph	word_unsigned_graph	tcell_dysfunction|tumor_dedifferentiation|IGHV6-1|IGHV6-1|coexpression_network	tcell_dysfunction	tumor_dedifferentiation	IGHV6-1	IGHV6-1	coexpression_network
primary_recist	melanoma_recist_supported_primary	GSE145996	EcoNiche-Opt-WordUnsignedGraph	word_unsigned_graph	tcell_dysfunction|tumor_dedifferentiation|IGHD3-10|IGHD3-10|coexpression_network	tcell_dysfunction	tumor_dedifferentiation	IGHD3-10	IGHD3-10	coexpression_network
primary_recist	melanoma_recist_supported_primary	GSE145996	EcoNiche-Opt-WordUnsignedGraph	word_unsigned_graph	tnk_effector|tnk_effector|GZMA|IFNG|coexpression_network	tnk_effector	tnk_effector	GZMA	IFNG	coexpression_network
primary_recist	melanoma_recist_supported_primary	GSE145996	EcoNiche-Opt-WordUnsignedGraph	word_unsigned_graph	tnk_effector|tnk_effector|IFNG|TRAJ6|coexpression_network	tnk_effector	tnk_effector	IFNG	TRAJ6	coexpression_network
primary_recist	melanoma_recist_supported_primary	GSE145996	EcoNiche-Opt-WordUnsignedGraph	word_unsigned_graph	tnk_effector|tumor_dedifferentiation|IFNG|IGLV1-40|coexpression_network	tnk_effector	tumor_dedifferentiation	IFNG	IGLV1-40	coexpression_network
primary_recist	melanoma_recist_supported_primary	GSE145996	EcoNiche-Opt-WordUnsignedGraph	word_unsigned_graph	tnk_effector|tumor_dedifferentiation|GZMA|IGLV1-40|coexpression_network	tnk_effector	tumor_dedifferentiation	GZMA	IGLV1-40	coexpression_network
primary_recist	melanoma_recist_supported_primary	GSE145996	EcoNiche-Opt-WordUnsignedGraph	word_unsigned_graph	tumor_dedifferentiation|tumor_dedifferentiation|IGHD3-10|IGLV1-40|coexpression_network	tumor_dedifferentiation	tumor_dedifferentiation	IGHD3-10	IGLV1-40	coexpression_network
primary_recist	melanoma_recist_supported_primary	GSE145996	EcoNiche-Opt-WordUnsignedGraph	word_unsigned_graph	tumor_dedifferentiation|tumor_dedifferentiation|IGLV1-40|RP11-444B24|coexpression_network	tumor_dedifferentiation	tumor_dedifferentiation	IGLV1-40	RP11-444B24	coexpression_network
primary_recist	melanoma_recist_supported_primary	GSE145996	EcoNiche-Opt-WordNoBioObjective	word_no_bio_objective	tnk_effector|antigen_presentation_mhc|IFNG|HLA-A|regulatory	tnk_effector	antigen_presentation_mhc	IFNG	HLA-A	regulatory
primary_recist	melanoma_recist_supported_primary	GSE145996	EcoNiche-Opt-WordNoBioObjective	word_no_bio_objective	antigen_presentation_mhc|antigen_presentation_mhc|HLA-A|PSMB9|coexpression_network	antigen_presentation_mhc	antigen_presentation_mhc	HLA-A	PSMB9	coexpression_network
primary_recist	melanoma_recist_supported_primary	GSE145996	EcoNiche-Opt-WordNoBioObjective	word_no_bio_objective	antigen_presentation_mhc|antigen_presentation_mhc|IGHD2-2|PSMB9|coexpression_network	antigen_presentation_mhc	antigen_presentation_mhc	IGHD2-2	PSMB9	coexpression_network
primary_recist	melanoma_recist_supported_primary	GSE145996	EcoNiche-Opt-WordNoBioObjective	word_no_bio_objective	antigen_presentation_mhc|caf_ecm_exclusion|IGHD2-2|IGKV4-1|coexpression_network	antigen_presentation_mhc	caf_ecm_exclusion	IGHD2-2	IGKV4-1	coexpression_network
primary_recist	melanoma_recist_supported_primary	GSE145996	EcoNiche-Opt-WordNoBioObjective	word_no_bio_objective	antigen_presentation_mhc|caf_ecm_exclusion|PSMB9|IGKV4-1|coexpression_network	antigen_presentation_mhc	caf_ecm_exclusion	PSMB9	IGKV4-1	coexpression_network
primary_recist	melanoma_recist_supported_primary	GSE145996	EcoNiche-Opt-WordNoBioObjective	word_no_bio_objective	antigen_presentation_mhc|myeloid_suppression|AL049794|AL049794|coexpression_network	antigen_presentation_mhc	myeloid_suppression	AL049794	AL049794	coexpression_network
primary_recist	melanoma_recist_supported_primary	GSE145996	EcoNiche-Opt-WordNoBioObjective	word_no_bio_objective	antigen_presentation_mhc|myeloid_suppression|IGHD2-2|IGHD3-10|coexpression_network	antigen_presentation_mhc	myeloid_suppression	IGHD2-2	IGHD3-10	coexpression_network
primary_recist	melanoma_recist_supported_primary	GSE145996	EcoNiche-Opt-WordNoBioObjective	word_no_bio_objective	antigen_presentation_mhc|tcell_dysfunction|LOC101927356|LOC101927356|coexpression_network	antigen_presentation_mhc	tcell_dysfunction	LOC101927356	LOC101927356	coexpression_network
primary_recist	melanoma_recist_supported_primary	GSE145996	EcoNiche-Opt-WordNoBioObjective	word_no_bio_objective	antigen_presentation_mhc|tcell_dysfunction|PSMB9|PDCD1|coexpression_network	antigen_presentation_mhc	tcell_dysfunction	PSMB9	PDCD1	coexpression_network
primary_recist	melanoma_recist_supported_primary	GSE145996	EcoNiche-Opt-WordNoBioObjective	word_no_bio_objective	antigen_presentation_mhc|tnk_effector|PSMB9|CD8A|coexpression_network	antigen_presentation_mhc	tnk_effector	PSMB9	CD8A	coexpression_network
primary_recist	melanoma_recist_supported_primary	GSE145996	EcoNiche-Opt-WordNoBioObjective	word_no_bio_objective	antigen_presentation_mhc|tnk_effector|PSMB9|IFNG|coexpression_network	antigen_presentation_mhc	tnk_effector	PSMB9	IFNG	coexpression_network
primary_recist	melanoma_recist_supported_primary	GSE145996	EcoNiche-Opt-WordNoBioObjective	word_no_bio_objective	antigen_presentation_mhc|tumor_dedifferentiation|IGHD2-2|IGHD2-15|coexpression_network	antigen_presentation_mhc	tumor_dedifferentiation	IGHD2-2	IGHD2-15	coexpression_network
primary_recist	melanoma_recist_supported_primary	GSE145996	EcoNiche-Opt-WordNoBioObjective	word_no_bio_objective	antigen_presentation_mhc|tumor_dedifferentiation|IGHD2-2|IGKV4-1|coexpression_network	antigen_presentation_mhc	tumor_dedifferentiation	IGHD2-2	IGKV4-1	coexpression_network
primary_recist	melanoma_recist_supported_primary	GSE145996	EcoNiche-Opt-WordNoBioObjective	word_no_bio_objective	caf_ecm_exclusion|caf_ecm_exclusion|IGKV4-1|IGLV2-11|coexpression_network	caf_ecm_exclusion	caf_ecm_exclusion	IGKV4-1	IGLV2-11	coexpression_network
primary_recist	melanoma_recist_supported_primary	GSE145996	EcoNiche-Opt-WordNoBioObjective	word_no_bio_objective	caf_ecm_exclusion|caf_ecm_exclusion|IGKV4-1|VIM|coexpression_network	caf_ecm_exclusion	caf_ecm_exclusion	IGKV4-1	VIM	coexpression_network
primary_recist	melanoma_recist_supported_primary	GSE145996	EcoNiche-Opt-WordNoBioObjective	word_no_bio_objective	caf_ecm_exclusion|myeloid_suppression|TGFB1|TGFB1|coexpression_network	caf_ecm_exclusion	myeloid_suppression	TGFB1	TGFB1	coexpression_network
primary_recist	melanoma_recist_supported_primary	GSE145996	EcoNiche-Opt-WordNoBioObjective	word_no_bio_objective	caf_ecm_exclusion|myeloid_suppression|IGKV4-1|IGHD3-10|coexpression_network	caf_ecm_exclusion	myeloid_suppression	IGKV4-1	IGHD3-10	coexpression_network
primary_recist	melanoma_recist_supported_primary	GSE145996	EcoNiche-Opt-WordNoBioObjective	word_no_bio_objective	caf_ecm_exclusion|tcell_dysfunction|IGKV4-1|PDCD1|coexpression_network	caf_ecm_exclusion	tcell_dysfunction	IGKV4-1	PDCD1	coexpression_network
primary_recist	melanoma_recist_supported_primary	GSE145996	EcoNiche-Opt-WordNoBioObjective	word_no_bio_objective	caf_ecm_exclusion|tcell_dysfunction|IGLV2-11|PDCD1|coexpression_network	caf_ecm_exclusion	tcell_dysfunction	IGLV2-11	PDCD1	coexpression_network
primary_recist	melanoma_recist_supported_primary	GSE145996	EcoNiche-Opt-WordNoBioObjective	word_no_bio_objective	caf_ecm_exclusion|tnk_effector|IGKV4-1|CCL5|coexpression_network	caf_ecm_exclusion	tnk_effector	IGKV4-1	CCL5	coexpression_network
primary_recist	melanoma_recist_supported_primary	GSE145996	EcoNiche-Opt-WordNoBioObjective	word_no_bio_objective	caf_ecm_exclusion|tnk_effector|IGLV2-11|CCL5|coexpression_network	caf_ecm_exclusion	tnk_effector	IGLV2-11	CCL5	coexpression_network
primary_recist	melanoma_recist_supported_primary	GSE145996	EcoNiche-Opt-WordNoBioObjective	word_no_bio_objective	caf_ecm_exclusion|tumor_dedifferentiation|VIM|VIM|coexpression_network	caf_ecm_exclusion	tumor_dedifferentiation	VIM	VIM	coexpression_network
primary_recist	melanoma_recist_supported_primary	GSE145996	EcoNiche-Opt-WordNoBioObjective	word_no_bio_objective	caf_ecm_exclusion|tumor_dedifferentiation|IGKV4-1|IGKV4-1|coexpression_network	caf_ecm_exclusion	tumor_dedifferentiation	IGKV4-1	IGKV4-1	coexpression_network
primary_recist	melanoma_recist_supported_primary	GSE145996	EcoNiche-Opt-WordNoBioObjective	word_no_bio_objective	myeloid_suppression|myeloid_suppression|CD163|TGFB1|coexpression_network	myeloid_suppression	myeloid_suppression	CD163	TGFB1	coexpression_network
primary_recist	melanoma_recist_supported_primary	GSE145996	EcoNiche-Opt-WordNoBioObjective	word_no_bio_objective	myeloid_suppression|tcell_dysfunction|IGHD3-10|PDCD1|coexpression_network	myeloid_suppression	tcell_dysfunction	IGHD3-10	PDCD1	coexpression_network
primary_recist	melanoma_recist_supported_primary	GSE145996	EcoNiche-Opt-WordNoBioObjective	word_no_bio_objective	myeloid_suppression|tcell_dysfunction|TGFB1|PDCD1|coexpression_network	myeloid_suppression	tcell_dysfunction	TGFB1	PDCD1	coexpression_network
primary_recist	melanoma_recist_supported_primary	GSE145996	EcoNiche-Opt-WordNoBioObjective	word_no_bio_objective	myeloid_suppression|tnk_effector|IGHD3-10|IFNG|coexpression_network	myeloid_suppression	tnk_effector	IGHD3-10	IFNG	coexpression_network
primary_recist	melanoma_recist_supported_primary	GSE145996	EcoNiche-Opt-WordNoBioObjective	word_no_bio_objective	myeloid_suppression|tnk_effector|IGHD3-10|CD8A|coexpression_network	myeloid_suppression	tnk_effector	IGHD3-10	CD8A	coexpression_network
primary_recist	melanoma_recist_supported_primary	GSE145996	EcoNiche-Opt-WordNoBioObjective	word_no_bio_objective	myeloid_suppression|tumor_dedifferentiation|IGHD3-10|IGKV4-1|coexpression_network	myeloid_suppression	tumor_dedifferentiation	IGHD3-10	IGKV4-1	coexpression_network
primary_recist	melanoma_recist_supported_primary	GSE145996	EcoNiche-Opt-WordNoBioObjective	word_no_bio_objective	myeloid_suppression|tumor_dedifferentiation|IGHD3-10|IGHD2-15|coexpression_network	myeloid_suppression	tumor_dedifferentiation	IGHD3-10	IGHD2-15	coexpression_network
primary_recist	melanoma_recist_supported_primary	GSE145996	EcoNiche-Opt-WordNoBioObjective	word_no_bio_objective	tcell_dysfunction|tcell_dysfunction|PDCD1|TRAJ52|coexpression_network	tcell_dysfunction	tcell_dysfunction	PDCD1	TRAJ52	coexpression_network
primary_recist	melanoma_recist_supported_primary	GSE145996	EcoNiche-Opt-WordNoBioObjective	word_no_bio_objective	tcell_dysfunction|tcell_dysfunction|PDCD1|TRAJ10|coexpression_network	tcell_dysfunction	tcell_dysfunction	PDCD1	TRAJ10	coexpression_network
primary_recist	melanoma_recist_supported_primary	GSE145996	EcoNiche-Opt-WordNoBioObjective	word_no_bio_objective	tcell_dysfunction|tnk_effector|PDCD1|CD8A|coexpression_network	tcell_dysfunction	tnk_effector	PDCD1	CD8A	coexpression_network
primary_recist	melanoma_recist_supported_primary	GSE145996	EcoNiche-Opt-WordNoBioObjective	word_no_bio_objective	tcell_dysfunction|tnk_effector|PDCD1|IFNG|coexpression_network	tcell_dysfunction	tnk_effector	PDCD1	IFNG	coexpression_network
primary_recist	melanoma_recist_supported_primary	GSE145996	EcoNiche-Opt-WordNoBioObjective	word_no_bio_objective	tcell_dysfunction|tumor_dedifferentiation|PDCD1|IGKV4-1|coexpression_network	tcell_dysfunction	tumor_dedifferentiation	PDCD1	IGKV4-1	coexpression_network
primary_recist	melanoma_recist_supported_primary	GSE145996	EcoNiche-Opt-WordNoBioObjective	word_no_bio_objective	tcell_dysfunction|tumor_dedifferentiation|PDCD1|IGHD2-15|coexpression_network	tcell_dysfunction	tumor_dedifferentiation	PDCD1	IGHD2-15	coexpression_network
primary_recist	melanoma_recist_supported_primary	GSE145996	EcoNiche-Opt-WordNoBioObjective	word_no_bio_objective	tnk_effector|tnk_effector|CD8A|IFNG|coexpression_network	tnk_effector	tnk_effector	CD8A	IFNG	coexpression_network
primary_recist	melanoma_recist_supported_primary	GSE145996	EcoNiche-Opt-WordNoBioObjective	word_no_bio_objective	tnk_effector|tnk_effector|CCL5|CXCL9|coexpression_network	tnk_effector	tnk_effector	CCL5	CXCL9	coexpression_network
primary_recist	melanoma_recist_supported_primary	GSE145996	EcoNiche-Opt-WordNoBioObjective	word_no_bio_objective	tnk_effector|tumor_dedifferentiation|CCL5|IGKV4-1|coexpression_network	tnk_effector	tumor_dedifferentiation	CCL5	IGKV4-1	coexpression_network
primary_recist	melanoma_recist_supported_primary	GSE145996	EcoNiche-Opt-WordNoBioObjective	word_no_bio_objective	tnk_effector|tumor_dedifferentiation|CD8A|IGKV4-1|coexpression_network	tnk_effector	tumor_dedifferentiation	CD8A	IGKV4-1	coexpression_network
primary_recist	melanoma_recist_supported_primary	GSE145996	EcoNiche-Opt-WordNoBioObjective	word_no_bio_objective	tumor_dedifferentiation|tumor_dedifferentiation|IGHD2-15|IGKV4-1|coexpression_network	tumor_dedifferentiation	tumor_dedifferentiation	IGHD2-15	IGKV4-1	coexpression_network
primary_recist	melanoma_recist_supported_primary	GSE145996	EcoNiche-Opt-WordNoBioObjective	word_no_bio_objective	tumor_dedifferentiation|tumor_dedifferentiation|IGKV4-1|VIM|coexpression_network	tumor_dedifferentiation	tumor_dedifferentiation	IGKV4-1	VIM	coexpression_network
primary_recist	melanoma_recist_supported_primary	PRJEB23709_PD1_PRE	EcoNiche-Opt-WordFullGraph	word_full_graph	tnk_effector|antigen_presentation_mhc|IFNG|HLA-A|regulatory	tnk_effector	antigen_presentation_mhc	IFNG	HLA-A	regulatory
primary_recist	melanoma_recist_supported_primary	PRJEB23709_PD1_PRE	EcoNiche-Opt-WordFullGraph	word_full_graph	antigen_presentation_mhc|antigen_presentation_mhc|MIR4763,MIRLET7A3,MIRLET7B,MIRLET7BHG|RILP,SCARF1|coexpression_network	antigen_presentation_mhc	antigen_presentation_mhc	MIR4763,MIRLET7A3,MIRLET7B,MIRLET7BHG	RILP,SCARF1	coexpression_network
primary_recist	melanoma_recist_supported_primary	PRJEB23709_PD1_PRE	EcoNiche-Opt-WordFullGraph	word_full_graph	antigen_presentation_mhc|antigen_presentation_mhc|CUZD1,FAM24B,FAM24B-CUZD1|RILP,SCARF1|coexpression_network	antigen_presentation_mhc	antigen_presentation_mhc	CUZD1,FAM24B,FAM24B-CUZD1	RILP,SCARF1	coexpression_network
primary_recist	melanoma_recist_supported_primary	PRJEB23709_PD1_PRE	EcoNiche-Opt-WordFullGraph	word_full_graph	antigen_presentation_mhc|caf_ecm_exclusion|ATP5E,SLMO2,SLMO2-ATP5E|RPS8,SNORD55|coexpression_network	antigen_presentation_mhc	caf_ecm_exclusion	ATP5E,SLMO2,SLMO2-ATP5E	RPS8,SNORD55	coexpression_network
primary_recist	melanoma_recist_supported_primary	PRJEB23709_PD1_PRE	EcoNiche-Opt-WordFullGraph	word_full_graph	antigen_presentation_mhc|caf_ecm_exclusion|RILP,SCARF1|RPS8,SNORD55|coexpression_network	antigen_presentation_mhc	caf_ecm_exclusion	RILP,SCARF1	RPS8,SNORD55	coexpression_network
primary_recist	melanoma_recist_supported_primary	PRJEB23709_PD1_PRE	EcoNiche-Opt-WordFullGraph	word_full_graph	antigen_presentation_mhc|myeloid_suppression|ATP5E,SLMO2,SLMO2-ATP5E|S100A9|coexpression_network	antigen_presentation_mhc	myeloid_suppression	ATP5E,SLMO2,SLMO2-ATP5E	S100A9	coexpression_network
primary_recist	melanoma_recist_supported_primary	PRJEB23709_PD1_PRE	EcoNiche-Opt-WordFullGraph	word_full_graph	antigen_presentation_mhc|myeloid_suppression|LOC100288974,MBL1P|MIR548N,OSBPL6|coexpression_network	antigen_presentation_mhc	myeloid_suppression	LOC100288974,MBL1P	MIR548N,OSBPL6	coexpression_network
primary_recist	melanoma_recist_supported_primary	PRJEB23709_PD1_PRE	EcoNiche-Opt-WordFullGraph	word_full_graph	antigen_presentation_mhc|tcell_dysfunction|MIR4469,RNF170|MIR4469,RNF170|coexpression_network	antigen_presentation_mhc	tcell_dysfunction	MIR4469,RNF170	MIR4469,RNF170	coexpression_network
primary_recist	melanoma_recist_supported_primary	PRJEB23709_PD1_PRE	EcoNiche-Opt-WordFullGraph	word_full_graph	antigen_presentation_mhc|tcell_dysfunction|LOC100288974,MBL1P|INTS3,SLC27A3|coexpression_network	antigen_presentation_mhc	tcell_dysfunction	LOC100288974,MBL1P	INTS3,SLC27A3	coexpression_network
primary_recist	melanoma_recist_supported_primary	PRJEB23709_PD1_PRE	EcoNiche-Opt-WordFullGraph	word_full_graph	antigen_presentation_mhc|tnk_effector|MIR4763,MIRLET7A3,MIRLET7B,MIRLET7BHG|MIR4763,MIRLET7A3,MIRLET7B,MIRLET7BHG|coexpression_network	antigen_presentation_mhc	tnk_effector	MIR4763,MIRLET7A3,MIRLET7B,MIRLET7BHG	MIR4763,MIRLET7A3,MIRLET7B,MIRLET7BHG	coexpression_network
primary_recist	melanoma_recist_supported_primary	PRJEB23709_PD1_PRE	EcoNiche-Opt-WordFullGraph	word_full_graph	antigen_presentation_mhc|tnk_effector|LOC100288974,MBL1P|LOC100288974,MBL1P|coexpression_network	antigen_presentation_mhc	tnk_effector	LOC100288974,MBL1P	LOC100288974,MBL1P	coexpression_network
primary_recist	melanoma_recist_supported_primary	PRJEB23709_PD1_PRE	EcoNiche-Opt-WordFullGraph	word_full_graph	antigen_presentation_mhc|tumor_dedifferentiation|CUZD1,FAM24B,FAM24B-CUZD1|CUZD1,FAM24B,FAM24B-CUZD1|coexpression_network	antigen_presentation_mhc	tumor_dedifferentiation	CUZD1,FAM24B,FAM24B-CUZD1	CUZD1,FAM24B,FAM24B-CUZD1	coexpression_network
primary_recist	melanoma_recist_supported_primary	PRJEB23709_PD1_PRE	EcoNiche-Opt-WordFullGraph	word_full_graph	antigen_presentation_mhc|tumor_dedifferentiation|LOC100288974,MBL1P|MIR548N,OSBPL6|coexpression_network	antigen_presentation_mhc	tumor_dedifferentiation	LOC100288974,MBL1P	MIR548N,OSBPL6	coexpression_network
primary_recist	melanoma_recist_supported_primary	PRJEB23709_PD1_PRE	EcoNiche-Opt-WordFullGraph	word_full_graph	caf_ecm_exclusion|caf_ecm_exclusion|RPS8,SNORD55|SLC13A3,TP53RK|coexpression_network	caf_ecm_exclusion	caf_ecm_exclusion	RPS8,SNORD55	SLC13A3,TP53RK	coexpression_network
primary_recist	melanoma_recist_supported_primary	PRJEB23709_PD1_PRE	EcoNiche-Opt-WordFullGraph	word_full_graph	caf_ecm_exclusion|myeloid_suppression|SLC13A3,TP53RK|SLC13A3,TP53RK|coexpression_network	caf_ecm_exclusion	myeloid_suppression	SLC13A3,TP53RK	SLC13A3,TP53RK	coexpression_network
primary_recist	melanoma_recist_supported_primary	PRJEB23709_PD1_PRE	EcoNiche-Opt-WordFullGraph	word_full_graph	caf_ecm_exclusion|myeloid_suppression|RPS8,SNORD55|ZNF595,ZNF718|coexpression_network	caf_ecm_exclusion	myeloid_suppression	RPS8,SNORD55	ZNF595,ZNF718	coexpression_network
primary_recist	melanoma_recist_supported_primary	PRJEB23709_PD1_PRE	EcoNiche-Opt-WordFullGraph	word_full_graph	caf_ecm_exclusion|tcell_dysfunction|SLC13A3,TP53RK|INTS3,SLC27A3|coexpression_network	caf_ecm_exclusion	tcell_dysfunction	SLC13A3,TP53RK	INTS3,SLC27A3	coexpression_network
primary_recist	melanoma_recist_supported_primary	PRJEB23709_PD1_PRE	EcoNiche-Opt-WordFullGraph	word_full_graph	caf_ecm_exclusion|tcell_dysfunction|RPS8,SNORD55|INTS3,SLC27A3|coexpression_network	caf_ecm_exclusion	tcell_dysfunction	RPS8,SNORD55	INTS3,SLC27A3	coexpression_network
primary_recist	melanoma_recist_supported_primary	PRJEB23709_PD1_PRE	EcoNiche-Opt-WordFullGraph	word_full_graph	caf_ecm_exclusion|tnk_effector|RPS8,SNORD55|CASC14,CASC15|coexpression_network	caf_ecm_exclusion	tnk_effector	RPS8,SNORD55	CASC14,CASC15	coexpression_network
primary_recist	melanoma_recist_supported_primary	PRJEB23709_PD1_PRE	EcoNiche-Opt-WordFullGraph	word_full_graph	caf_ecm_exclusion|tnk_effector|RPS8,SNORD55|LOC100288974,MBL1P|coexpression_network	caf_ecm_exclusion	tnk_effector	RPS8,SNORD55	LOC100288974,MBL1P	coexpression_network
primary_recist	melanoma_recist_supported_primary	PRJEB23709_PD1_PRE	EcoNiche-Opt-WordFullGraph	word_full_graph	caf_ecm_exclusion|tumor_dedifferentiation|VIM|VIM|coexpression_network	caf_ecm_exclusion	tumor_dedifferentiation	VIM	VIM	coexpression_network
primary_recist	melanoma_recist_supported_primary	PRJEB23709_PD1_PRE	EcoNiche-Opt-WordFullGraph	word_full_graph	caf_ecm_exclusion|tumor_dedifferentiation|SLC13A3,TP53RK|MIR548N,OSBPL6|coexpression_network	caf_ecm_exclusion	tumor_dedifferentiation	SLC13A3,TP53RK	MIR548N,OSBPL6	coexpression_network
primary_recist	melanoma_recist_supported_primary	PRJEB23709_PD1_PRE	EcoNiche-Opt-WordFullGraph	word_full_graph	myeloid_suppression|myeloid_suppression|MIR548N,OSBPL6|SLC13A3,TP53RK|coexpression_network	myeloid_suppression	myeloid_suppression	MIR548N,OSBPL6	SLC13A3,TP53RK	coexpression_network
primary_recist	melanoma_recist_supported_primary	PRJEB23709_PD1_PRE	EcoNiche-Opt-WordFullGraph	word_full_graph	myeloid_suppression|myeloid_suppression|MIR548N,OSBPL6|ZNF595,ZNF718|coexpression_network	myeloid_suppression	myeloid_suppression	MIR548N,OSBPL6	ZNF595,ZNF718	coexpression_network
primary_recist	melanoma_recist_supported_primary	PRJEB23709_PD1_PRE	EcoNiche-Opt-WordFullGraph	word_full_graph	myeloid_suppression|tcell_dysfunction|MIR548N,OSBPL6|INTS3,SLC27A3|coexpression_network	myeloid_suppression	tcell_dysfunction	MIR548N,OSBPL6	INTS3,SLC27A3	coexpression_network
primary_recist	melanoma_recist_supported_primary	PRJEB23709_PD1_PRE	EcoNiche-Opt-WordFullGraph	word_full_graph	myeloid_suppression|tcell_dysfunction|SLC13A3,TP53RK|INTS3,SLC27A3|coexpression_network	myeloid_suppression	tcell_dysfunction	SLC13A3,TP53RK	INTS3,SLC27A3	coexpression_network
primary_recist	melanoma_recist_supported_primary	PRJEB23709_PD1_PRE	EcoNiche-Opt-WordFullGraph	word_full_graph	myeloid_suppression|tnk_effector|MIR548N,OSBPL6|LOC100288974,MBL1P|coexpression_network	myeloid_suppression	tnk_effector	MIR548N,OSBPL6	LOC100288974,MBL1P	coexpression_network
primary_recist	melanoma_recist_supported_primary	PRJEB23709_PD1_PRE	EcoNiche-Opt-WordFullGraph	word_full_graph	myeloid_suppression|tnk_effector|ZNF595,ZNF718|CASC14,CASC15|coexpression_network	myeloid_suppression	tnk_effector	ZNF595,ZNF718	CASC14,CASC15	coexpression_network
primary_recist	melanoma_recist_supported_primary	PRJEB23709_PD1_PRE	EcoNiche-Opt-WordFullGraph	word_full_graph	myeloid_suppression|tumor_dedifferentiation|MIR548N,OSBPL6|MIR548N,OSBPL6|coexpression_network	myeloid_suppression	tumor_dedifferentiation	MIR548N,OSBPL6	MIR548N,OSBPL6	coexpression_network
primary_recist	melanoma_recist_supported_primary	PRJEB23709_PD1_PRE	EcoNiche-Opt-WordFullGraph	word_full_graph	myeloid_suppression|tumor_dedifferentiation|SLC13A3,TP53RK|MIR548N,OSBPL6|coexpression_network	myeloid_suppression	tumor_dedifferentiation	SLC13A3,TP53RK	MIR548N,OSBPL6	coexpression_network
primary_recist	melanoma_recist_supported_primary	PRJEB23709_PD1_PRE	EcoNiche-Opt-WordFullGraph	word_full_graph	tcell_dysfunction|tcell_dysfunction|PDCD1|TIGIT|coexpression_network	tcell_dysfunction	tcell_dysfunction	PDCD1	TIGIT	coexpression_network
primary_recist	melanoma_recist_supported_primary	PRJEB23709_PD1_PRE	EcoNiche-Opt-WordFullGraph	word_full_graph	tcell_dysfunction|tcell_dysfunction|INTS3,SLC27A3|MIR4469,RNF170|coexpression_network	tcell_dysfunction	tcell_dysfunction	INTS3,SLC27A3	MIR4469,RNF170	coexpression_network
primary_recist	melanoma_recist_supported_primary	PRJEB23709_PD1_PRE	EcoNiche-Opt-WordFullGraph	word_full_graph	tcell_dysfunction|tnk_effector|PDCD1|CD8B|coexpression_network	tcell_dysfunction	tnk_effector	PDCD1	CD8B	coexpression_network
primary_recist	melanoma_recist_supported_primary	PRJEB23709_PD1_PRE	EcoNiche-Opt-WordFullGraph	word_full_graph	tcell_dysfunction|tnk_effector|TIGIT|GZMA|coexpression_network	tcell_dysfunction	tnk_effector	TIGIT	GZMA	coexpression_network
primary_recist	melanoma_recist_supported_primary	PRJEB23709_PD1_PRE	EcoNiche-Opt-WordFullGraph	word_full_graph	tcell_dysfunction|tumor_dedifferentiation|INTS3,SLC27A3|MIR548N,OSBPL6|coexpression_network	tcell_dysfunction	tumor_dedifferentiation	INTS3,SLC27A3	MIR548N,OSBPL6	coexpression_network
primary_recist	melanoma_recist_supported_primary	PRJEB23709_PD1_PRE	EcoNiche-Opt-WordFullGraph	word_full_graph	tcell_dysfunction|tumor_dedifferentiation|TIGIT|CASC14,CASC15|coexpression_network	tcell_dysfunction	tumor_dedifferentiation	TIGIT	CASC14,CASC15	coexpression_network
primary_recist	melanoma_recist_supported_primary	PRJEB23709_PD1_PRE	EcoNiche-Opt-WordFullGraph	word_full_graph	tnk_effector|tnk_effector|CXCL9|GZMA|coexpression_network	tnk_effector	tnk_effector	CXCL9	GZMA	coexpression_network
primary_recist	melanoma_recist_supported_primary	PRJEB23709_PD1_PRE	EcoNiche-Opt-WordFullGraph	word_full_graph	tnk_effector|tnk_effector|GZMA|GZMB|coexpression_network	tnk_effector	tnk_effector	GZMA	GZMB	coexpression_network
primary_recist	melanoma_recist_supported_primary	PRJEB23709_PD1_PRE	EcoNiche-Opt-WordFullGraph	word_full_graph	tnk_effector|tumor_dedifferentiation|CASC14,CASC15|CASC14,CASC15|coexpression_network	tnk_effector	tumor_dedifferentiation	CASC14,CASC15	CASC14,CASC15	coexpression_network
primary_recist	melanoma_recist_supported_primary	PRJEB23709_PD1_PRE	EcoNiche-Opt-WordFullGraph	word_full_graph	tnk_effector|tumor_dedifferentiation|LOC100288974,MBL1P|MIR548N,OSBPL6|coexpression_network	tnk_effector	tumor_dedifferentiation	LOC100288974,MBL1P	MIR548N,OSBPL6	coexpression_network
primary_recist	melanoma_recist_supported_primary	PRJEB23709_PD1_PRE	EcoNiche-Opt-WordFullGraph	word_full_graph	tumor_dedifferentiation|tumor_dedifferentiation|CASC14,CASC15|MITF|coexpression_network	tumor_dedifferentiation	tumor_dedifferentiation	CASC14,CASC15	MITF	coexpression_network
primary_recist	melanoma_recist_supported_primary	PRJEB23709_PD1_PRE	EcoNiche-Opt-WordFullGraph	word_full_graph	tumor_dedifferentiation|tumor_dedifferentiation|MITF|SOX10|coexpression_network	tumor_dedifferentiation	tumor_dedifferentiation	MITF	SOX10	coexpression_network
primary_recist	melanoma_recist_supported_primary	PRJEB23709_PD1_PRE	EcoNiche-Opt-WordUnsignedGraph	word_unsigned_graph	antigen_presentation_mhc|antigen_presentation_mhc|PSMB8|PSMB9|coexpression_network	antigen_presentation_mhc	antigen_presentation_mhc	PSMB8	PSMB9	coexpression_network
primary_recist	melanoma_recist_supported_primary	PRJEB23709_PD1_PRE	EcoNiche-Opt-WordUnsignedGraph	word_unsigned_graph	antigen_presentation_mhc|antigen_presentation_mhc|PSMB8|TAP1|coexpression_network	antigen_presentation_mhc	antigen_presentation_mhc	PSMB8	TAP1	coexpression_network
primary_recist	melanoma_recist_supported_primary	PRJEB23709_PD1_PRE	EcoNiche-Opt-WordUnsignedGraph	word_unsigned_graph	antigen_presentation_mhc|caf_ecm_exclusion|HLA-DRA|CASC14,CASC15|coexpression_network	antigen_presentation_mhc	caf_ecm_exclusion	HLA-DRA	CASC14,CASC15	coexpression_network
primary_recist	melanoma_recist_supported_primary	PRJEB23709_PD1_PRE	EcoNiche-Opt-WordUnsignedGraph	word_unsigned_graph	antigen_presentation_mhc|caf_ecm_exclusion|PSMB9|VIM|coexpression_network	antigen_presentation_mhc	caf_ecm_exclusion	PSMB9	VIM	coexpression_network
primary_recist	melanoma_recist_supported_primary	PRJEB23709_PD1_PRE	EcoNiche-Opt-WordUnsignedGraph	word_unsigned_graph	antigen_presentation_mhc|myeloid_suppression|HLA-B|CSF1R|coexpression_network	antigen_presentation_mhc	myeloid_suppression	HLA-B	CSF1R	coexpression_network
primary_recist	melanoma_recist_supported_primary	PRJEB23709_PD1_PRE	EcoNiche-Opt-WordUnsignedGraph	word_unsigned_graph	antigen_presentation_mhc|myeloid_suppression|HLA-DRA|CSF1R|coexpression_network	antigen_presentation_mhc	myeloid_suppression	HLA-DRA	CSF1R	coexpression_network
primary_recist	melanoma_recist_supported_primary	PRJEB23709_PD1_PRE	EcoNiche-Opt-WordUnsignedGraph	word_unsigned_graph	antigen_presentation_mhc|tcell_dysfunction|TAP1|PDCD1|coexpression_network	antigen_presentation_mhc	tcell_dysfunction	TAP1	PDCD1	coexpression_network
primary_recist	melanoma_recist_supported_primary	PRJEB23709_PD1_PRE	EcoNiche-Opt-WordUnsignedGraph	word_unsigned_graph	antigen_presentation_mhc|tcell_dysfunction|PSMB8|PDCD1|coexpression_network	antigen_presentation_mhc	tcell_dysfunction	PSMB8	PDCD1	coexpression_network
primary_recist	melanoma_recist_supported_primary	PRJEB23709_PD1_PRE	EcoNiche-Opt-WordUnsignedGraph	word_unsigned_graph	antigen_presentation_mhc|tnk_effector|TAP1|CD8B|coexpression_network	antigen_presentation_mhc	tnk_effector	TAP1	CD8B	coexpression_network
primary_recist	melanoma_recist_supported_primary	PRJEB23709_PD1_PRE	EcoNiche-Opt-WordUnsignedGraph	word_unsigned_graph	antigen_presentation_mhc|tnk_effector|TAP1|NKG7|coexpression_network	antigen_presentation_mhc	tnk_effector	TAP1	NKG7	coexpression_network
primary_recist	melanoma_recist_supported_primary	PRJEB23709_PD1_PRE	EcoNiche-Opt-WordUnsignedGraph	word_unsigned_graph	antigen_presentation_mhc|tumor_dedifferentiation|PSMB9|VIM|coexpression_network	antigen_presentation_mhc	tumor_dedifferentiation	PSMB9	VIM	coexpression_network
primary_recist	melanoma_recist_supported_primary	PRJEB23709_PD1_PRE	EcoNiche-Opt-WordUnsignedGraph	word_unsigned_graph	antigen_presentation_mhc|tumor_dedifferentiation|HLA-DRA|MIR4763,MIRLET7A3,MIRLET7B,MIRLET7BHG|coexpression_network	antigen_presentation_mhc	tumor_dedifferentiation	HLA-DRA	MIR4763,MIRLET7A3,MIRLET7B,MIRLET7BHG	coexpression_network
primary_recist	melanoma_recist_supported_primary	PRJEB23709_PD1_PRE	EcoNiche-Opt-WordUnsignedGraph	word_unsigned_graph	caf_ecm_exclusion|caf_ecm_exclusion|ACTA2|COL1A1|coexpression_network	caf_ecm_exclusion	caf_ecm_exclusion	ACTA2	COL1A1	coexpression_network
primary_recist	melanoma_recist_supported_primary	PRJEB23709_PD1_PRE	EcoNiche-Opt-WordUnsignedGraph	word_unsigned_graph	caf_ecm_exclusion|caf_ecm_exclusion|CASC14,CASC15|MIR548N,OSBPL6|coexpression_network	caf_ecm_exclusion	caf_ecm_exclusion	CASC14,CASC15	MIR548N,OSBPL6	coexpression_network
primary_recist	melanoma_recist_supported_primary	PRJEB23709_PD1_PRE	EcoNiche-Opt-WordUnsignedGraph	word_unsigned_graph	caf_ecm_exclusion|myeloid_suppression|MIR548N,OSBPL6|LOC100288974,MBL1P|coexpression_network	caf_ecm_exclusion	myeloid_suppression	MIR548N,OSBPL6	LOC100288974,MBL1P	coexpression_network
primary_recist	melanoma_recist_supported_primary	PRJEB23709_PD1_PRE	EcoNiche-Opt-WordUnsignedGraph	word_unsigned_graph	caf_ecm_exclusion|myeloid_suppression|COL1A1|CSF1R|coexpression_network	caf_ecm_exclusion	myeloid_suppression	COL1A1	CSF1R	coexpression_network
primary_recist	melanoma_recist_supported_primary	PRJEB23709_PD1_PRE	EcoNiche-Opt-WordUnsignedGraph	word_unsigned_graph	caf_ecm_exclusion|tcell_dysfunction|MARCH3|MARCH3|coexpression_network	caf_ecm_exclusion	tcell_dysfunction	MARCH3	MARCH3	coexpression_network
primary_recist	melanoma_recist_supported_primary	PRJEB23709_PD1_PRE	EcoNiche-Opt-WordUnsignedGraph	word_unsigned_graph	caf_ecm_exclusion|tcell_dysfunction|CASC14,CASC15|CTD-2201I18.1,SERINC5|coexpression_network	caf_ecm_exclusion	tcell_dysfunction	CASC14,CASC15	CTD-2201I18.1,SERINC5	coexpression_network
primary_recist	melanoma_recist_supported_primary	PRJEB23709_PD1_PRE	EcoNiche-Opt-WordUnsignedGraph	word_unsigned_graph	caf_ecm_exclusion|tnk_effector|CASC14,CASC15|NKG7|coexpression_network	caf_ecm_exclusion	tnk_effector	CASC14,CASC15	NKG7	coexpression_network
primary_recist	melanoma_recist_supported_primary	PRJEB23709_PD1_PRE	EcoNiche-Opt-WordUnsignedGraph	word_unsigned_graph	caf_ecm_exclusion|tnk_effector|CASC14,CASC15|IFNG|coexpression_network	caf_ecm_exclusion	tnk_effector	CASC14,CASC15	IFNG	coexpression_network
primary_recist	melanoma_recist_supported_primary	PRJEB23709_PD1_PRE	EcoNiche-Opt-WordUnsignedGraph	word_unsigned_graph	caf_ecm_exclusion|tumor_dedifferentiation|VIM|VIM|coexpression_network	caf_ecm_exclusion	tumor_dedifferentiation	VIM	VIM	coexpression_network
primary_recist	melanoma_recist_supported_primary	PRJEB23709_PD1_PRE	EcoNiche-Opt-WordUnsignedGraph	word_unsigned_graph	caf_ecm_exclusion|tumor_dedifferentiation|CASC14,CASC15|MIR4763,MIRLET7A3,MIRLET7B,MIRLET7BHG|coexpression_network	caf_ecm_exclusion	tumor_dedifferentiation	CASC14,CASC15	MIR4763,MIRLET7A3,MIRLET7B,MIRLET7BHG	coexpression_network
primary_recist	melanoma_recist_supported_primary	PRJEB23709_PD1_PRE	EcoNiche-Opt-WordUnsignedGraph	word_unsigned_graph	myeloid_suppression|myeloid_suppression|CD163|CSF1R|coexpression_network	myeloid_suppression	myeloid_suppression	CD163	CSF1R	coexpression_network
primary_recist	melanoma_recist_supported_primary	PRJEB23709_PD1_PRE	EcoNiche-Opt-WordUnsignedGraph	word_unsigned_graph	myeloid_suppression|myeloid_suppression|CD163|IL10|coexpression_network	myeloid_suppression	myeloid_suppression	CD163	IL10	coexpression_network
primary_recist	melanoma_recist_supported_primary	PRJEB23709_PD1_PRE	EcoNiche-Opt-WordUnsignedGraph	word_unsigned_graph	myeloid_suppression|tcell_dysfunction|LOC100288974,MBL1P|ATP5E,SLMO2,SLMO2-ATP5E|coexpression_network	myeloid_suppression	tcell_dysfunction	LOC100288974,MBL1P	ATP5E,SLMO2,SLMO2-ATP5E	coexpression_network
primary_recist	melanoma_recist_supported_primary	PRJEB23709_PD1_PRE	EcoNiche-Opt-WordUnsignedGraph	word_unsigned_graph	myeloid_suppression|tcell_dysfunction|HPN,SCN1B|HNRNPC,LINC00641|coexpression_network	myeloid_suppression	tcell_dysfunction	HPN,SCN1B	HNRNPC,LINC00641	coexpression_network
primary_recist	melanoma_recist_supported_primary	PRJEB23709_PD1_PRE	EcoNiche-Opt-WordUnsignedGraph	word_unsigned_graph	myeloid_suppression|tnk_effector|CSF1R|CXCL10|coexpression_network	myeloid_suppression	tnk_effector	CSF1R	CXCL10	coexpression_network
primary_recist	melanoma_recist_supported_primary	PRJEB23709_PD1_PRE	EcoNiche-Opt-WordUnsignedGraph	word_unsigned_graph	myeloid_suppression|tnk_effector|APOC1,APOC1P1|IFNG|coexpression_network	myeloid_suppression	tnk_effector	APOC1,APOC1P1	IFNG	coexpression_network
primary_recist	melanoma_recist_supported_primary	PRJEB23709_PD1_PRE	EcoNiche-Opt-WordUnsignedGraph	word_unsigned_graph	myeloid_suppression|tumor_dedifferentiation|HPN,SCN1B|RILP,SCARF1|coexpression_network	myeloid_suppression	tumor_dedifferentiation	HPN,SCN1B	RILP,SCARF1	coexpression_network
primary_recist	melanoma_recist_supported_primary	PRJEB23709_PD1_PRE	EcoNiche-Opt-WordUnsignedGraph	word_unsigned_graph	myeloid_suppression|tumor_dedifferentiation|HPN,SCN1B|MIR4763,MIRLET7A3,MIRLET7B,MIRLET7BHG|coexpression_network	myeloid_suppression	tumor_dedifferentiation	HPN,SCN1B	MIR4763,MIRLET7A3,MIRLET7B,MIRLET7BHG	coexpression_network
primary_recist	melanoma_recist_supported_primary	PRJEB23709_PD1_PRE	EcoNiche-Opt-WordUnsignedGraph	word_unsigned_graph	tcell_dysfunction|tcell_dysfunction|HNRNPC,LINC00641|TOX|coexpression_network	tcell_dysfunction	tcell_dysfunction	HNRNPC,LINC00641	TOX	coexpression_network
primary_recist	melanoma_recist_supported_primary	PRJEB23709_PD1_PRE	EcoNiche-Opt-WordUnsignedGraph	word_unsigned_graph	tcell_dysfunction|tcell_dysfunction|CTD-2201I18.1,SERINC5|HNRNPC,LINC00641|coexpression_network	tcell_dysfunction	tcell_dysfunction	CTD-2201I18.1,SERINC5	HNRNPC,LINC00641	coexpression_network
primary_recist	melanoma_recist_supported_primary	PRJEB23709_PD1_PRE	EcoNiche-Opt-WordUnsignedGraph	word_unsigned_graph	tcell_dysfunction|tnk_effector|PDCD1|CD8B|coexpression_network	tcell_dysfunction	tnk_effector	PDCD1	CD8B	coexpression_network
primary_recist	melanoma_recist_supported_primary	PRJEB23709_PD1_PRE	EcoNiche-Opt-WordUnsignedGraph	word_unsigned_graph	tcell_dysfunction|tnk_effector|PDCD1|NKG7|coexpression_network	tcell_dysfunction	tnk_effector	PDCD1	NKG7	coexpression_network
primary_recist	melanoma_recist_supported_primary	PRJEB23709_PD1_PRE	EcoNiche-Opt-WordUnsignedGraph	word_unsigned_graph	tcell_dysfunction|tumor_dedifferentiation|HNRNPC,LINC00641|RILP,SCARF1|coexpression_network	tcell_dysfunction	tumor_dedifferentiation	HNRNPC,LINC00641	RILP,SCARF1	coexpression_network
primary_recist	melanoma_recist_supported_primary	PRJEB23709_PD1_PRE	EcoNiche-Opt-WordUnsignedGraph	word_unsigned_graph	tcell_dysfunction|tumor_dedifferentiation|CUZD1,FAM24B,FAM24B-CUZD1|RILP,SCARF1|coexpression_network	tcell_dysfunction	tumor_dedifferentiation	CUZD1,FAM24B,FAM24B-CUZD1	RILP,SCARF1	coexpression_network
primary_recist	melanoma_recist_supported_primary	PRJEB23709_PD1_PRE	EcoNiche-Opt-WordUnsignedGraph	word_unsigned_graph	tnk_effector|tnk_effector|CD8B|NKG7|coexpression_network	tnk_effector	tnk_effector	CD8B	NKG7	coexpression_network
primary_recist	melanoma_recist_supported_primary	PRJEB23709_PD1_PRE	EcoNiche-Opt-WordUnsignedGraph	word_unsigned_graph	tnk_effector|tnk_effector|IFNG|NKG7|coexpression_network	tnk_effector	tnk_effector	IFNG	NKG7	coexpression_network
primary_recist	melanoma_recist_supported_primary	PRJEB23709_PD1_PRE	EcoNiche-Opt-WordUnsignedGraph	word_unsigned_graph	tnk_effector|tumor_dedifferentiation|CD8B|VIM|coexpression_network	tnk_effector	tumor_dedifferentiation	CD8B	VIM	coexpression_network
primary_recist	melanoma_recist_supported_primary	PRJEB23709_PD1_PRE	EcoNiche-Opt-WordUnsignedGraph	word_unsigned_graph	tnk_effector|tumor_dedifferentiation|NKG7|MIR4763,MIRLET7A3,MIRLET7B,MIRLET7BHG|coexpression_network	tnk_effector	tumor_dedifferentiation	NKG7	MIR4763,MIRLET7A3,MIRLET7B,MIRLET7BHG	coexpression_network
primary_recist	melanoma_recist_supported_primary	PRJEB23709_PD1_PRE	EcoNiche-Opt-WordUnsignedGraph	word_unsigned_graph	tumor_dedifferentiation|tumor_dedifferentiation|MIR4763,MIRLET7A3,MIRLET7B,MIRLET7BHG|RILP,SCARF1|coexpression_network	tumor_dedifferentiation	tumor_dedifferentiation	MIR4763,MIRLET7A3,MIRLET7B,MIRLET7BHG	RILP,SCARF1	coexpression_network
primary_recist	melanoma_recist_supported_primary	PRJEB23709_PD1_PRE	EcoNiche-Opt-WordNoBioObjective	word_no_bio_objective	antigen_presentation_mhc|antigen_presentation_mhc|PSMB9|TAP2|coexpression_network	antigen_presentation_mhc	antigen_presentation_mhc	PSMB9	TAP2	coexpression_network
primary_recist	melanoma_recist_supported_primary	PRJEB23709_PD1_PRE	EcoNiche-Opt-WordNoBioObjective	word_no_bio_objective	antigen_presentation_mhc|caf_ecm_exclusion|TAP2|ATP5E,SLMO2,SLMO2-ATP5E|coexpression_network	antigen_presentation_mhc	caf_ecm_exclusion	TAP2	ATP5E,SLMO2,SLMO2-ATP5E	coexpression_network
primary_recist	melanoma_recist_supported_primary	PRJEB23709_PD1_PRE	EcoNiche-Opt-WordNoBioObjective	word_no_bio_objective	antigen_presentation_mhc|caf_ecm_exclusion|TAP2|MIR548N,OSBPL6|coexpression_network	antigen_presentation_mhc	caf_ecm_exclusion	TAP2	MIR548N,OSBPL6	coexpression_network
primary_recist	melanoma_recist_supported_primary	PRJEB23709_PD1_PRE	EcoNiche-Opt-WordNoBioObjective	word_no_bio_objective	antigen_presentation_mhc|myeloid_suppression|HPN,SCN1B|MIR4763,MIRLET7A3,MIRLET7B,MIRLET7BHG|coexpression_network	antigen_presentation_mhc	myeloid_suppression	HPN,SCN1B	MIR4763,MIRLET7A3,MIRLET7B,MIRLET7BHG	coexpression_network
primary_recist	melanoma_recist_supported_primary	PRJEB23709_PD1_PRE	EcoNiche-Opt-WordNoBioObjective	word_no_bio_objective	antigen_presentation_mhc|myeloid_suppression|PSMB9|TGFB1|coexpression_network	antigen_presentation_mhc	myeloid_suppression	PSMB9	TGFB1	coexpression_network
primary_recist	melanoma_recist_supported_primary	PRJEB23709_PD1_PRE	EcoNiche-Opt-WordNoBioObjective	word_no_bio_objective	antigen_presentation_mhc|tcell_dysfunction|HPN,SCN1B|MIR143,MIR143HG|coexpression_network	antigen_presentation_mhc	tcell_dysfunction	HPN,SCN1B	MIR143,MIR143HG	coexpression_network
primary_recist	melanoma_recist_supported_primary	PRJEB23709_PD1_PRE	EcoNiche-Opt-WordNoBioObjective	word_no_bio_objective	antigen_presentation_mhc|tcell_dysfunction|PSMB9|PDCD1|coexpression_network	antigen_presentation_mhc	tcell_dysfunction	PSMB9	PDCD1	coexpression_network
primary_recist	melanoma_recist_supported_primary	PRJEB23709_PD1_PRE	EcoNiche-Opt-WordNoBioObjective	word_no_bio_objective	antigen_presentation_mhc|tnk_effector|PSMB9|PRF1|coexpression_network	antigen_presentation_mhc	tnk_effector	PSMB9	PRF1	coexpression_network
primary_recist	melanoma_recist_supported_primary	PRJEB23709_PD1_PRE	EcoNiche-Opt-WordNoBioObjective	word_no_bio_objective	antigen_presentation_mhc|tnk_effector|TAP2|MIR548N,OSBPL6|coexpression_network	antigen_presentation_mhc	tnk_effector	TAP2	MIR548N,OSBPL6	coexpression_network
primary_recist	melanoma_recist_supported_primary	PRJEB23709_PD1_PRE	EcoNiche-Opt-WordNoBioObjective	word_no_bio_objective	antigen_presentation_mhc|tumor_dedifferentiation|HPN,SCN1B|MIR143,MIR143HG|coexpression_network	antigen_presentation_mhc	tumor_dedifferentiation	HPN,SCN1B	MIR143,MIR143HG	coexpression_network
primary_recist	melanoma_recist_supported_primary	PRJEB23709_PD1_PRE	EcoNiche-Opt-WordNoBioObjective	word_no_bio_objective	antigen_presentation_mhc|tumor_dedifferentiation|HPN,SCN1B|HNRNPC,LINC00641|coexpression_network	antigen_presentation_mhc	tumor_dedifferentiation	HPN,SCN1B	HNRNPC,LINC00641	coexpression_network
primary_recist	melanoma_recist_supported_primary	PRJEB23709_PD1_PRE	EcoNiche-Opt-WordNoBioObjective	word_no_bio_objective	caf_ecm_exclusion|caf_ecm_exclusion|ATP5E,SLMO2,SLMO2-ATP5E|MIR548N,OSBPL6|coexpression_network	caf_ecm_exclusion	caf_ecm_exclusion	ATP5E,SLMO2,SLMO2-ATP5E	MIR548N,OSBPL6	coexpression_network
primary_recist	melanoma_recist_supported_primary	PRJEB23709_PD1_PRE	EcoNiche-Opt-WordNoBioObjective	word_no_bio_objective	caf_ecm_exclusion|caf_ecm_exclusion|APOC1,APOC1P1|ATP5E,SLMO2,SLMO2-ATP5E|coexpression_network	caf_ecm_exclusion	caf_ecm_exclusion	APOC1,APOC1P1	ATP5E,SLMO2,SLMO2-ATP5E	coexpression_network
primary_recist	melanoma_recist_supported_primary	PRJEB23709_PD1_PRE	EcoNiche-Opt-WordNoBioObjective	word_no_bio_objective	caf_ecm_exclusion|myeloid_suppression|TGFBI|IL10|coexpression_network	caf_ecm_exclusion	myeloid_suppression	TGFBI	IL10	coexpression_network
primary_recist	melanoma_recist_supported_primary	PRJEB23709_PD1_PRE	EcoNiche-Opt-WordNoBioObjective	word_no_bio_objective	caf_ecm_exclusion|myeloid_suppression|FN1|MIR4763,MIRLET7A3,MIRLET7B,MIRLET7BHG|coexpression_network	caf_ecm_exclusion	myeloid_suppression	FN1	MIR4763,MIRLET7A3,MIRLET7B,MIRLET7BHG	coexpression_network
primary_recist	melanoma_recist_supported_primary	PRJEB23709_PD1_PRE	EcoNiche-Opt-WordNoBioObjective	word_no_bio_objective	caf_ecm_exclusion|tcell_dysfunction|MIR548N,OSBPL6|SLC13A3,TP53RK|coexpression_network	caf_ecm_exclusion	tcell_dysfunction	MIR548N,OSBPL6	SLC13A3,TP53RK	coexpression_network
primary_recist	melanoma_recist_supported_primary	PRJEB23709_PD1_PRE	EcoNiche-Opt-WordNoBioObjective	word_no_bio_objective	caf_ecm_exclusion|tcell_dysfunction|APOC1,APOC1P1|SLC13A3,TP53RK|coexpression_network	caf_ecm_exclusion	tcell_dysfunction	APOC1,APOC1P1	SLC13A3,TP53RK	coexpression_network
primary_recist	melanoma_recist_supported_primary	PRJEB23709_PD1_PRE	EcoNiche-Opt-WordNoBioObjective	word_no_bio_objective	caf_ecm_exclusion|tnk_effector|MIR548N,OSBPL6|MIR548N,OSBPL6|coexpression_network	caf_ecm_exclusion	tnk_effector	MIR548N,OSBPL6	MIR548N,OSBPL6	coexpression_network
primary_recist	melanoma_recist_supported_primary	PRJEB23709_PD1_PRE	EcoNiche-Opt-WordNoBioObjective	word_no_bio_objective	caf_ecm_exclusion|tnk_effector|ATP5E,SLMO2,SLMO2-ATP5E|MIR548N,OSBPL6|coexpression_network	caf_ecm_exclusion	tnk_effector	ATP5E,SLMO2,SLMO2-ATP5E	MIR548N,OSBPL6	coexpression_network
primary_recist	melanoma_recist_supported_primary	PRJEB23709_PD1_PRE	EcoNiche-Opt-WordNoBioObjective	word_no_bio_objective	caf_ecm_exclusion|tumor_dedifferentiation|VIM|VIM|coexpression_network	caf_ecm_exclusion	tumor_dedifferentiation	VIM	VIM	coexpression_network
primary_recist	melanoma_recist_supported_primary	PRJEB23709_PD1_PRE	EcoNiche-Opt-WordNoBioObjective	word_no_bio_objective	caf_ecm_exclusion|tumor_dedifferentiation|APOC1,APOC1P1|APOC1,APOC1P1|coexpression_network	caf_ecm_exclusion	tumor_dedifferentiation	APOC1,APOC1P1	APOC1,APOC1P1	coexpression_network
primary_recist	melanoma_recist_supported_primary	PRJEB23709_PD1_PRE	EcoNiche-Opt-WordNoBioObjective	word_no_bio_objective	myeloid_suppression|myeloid_suppression|IL10|MIR4763,MIRLET7A3,MIRLET7B,MIRLET7BHG|coexpression_network	myeloid_suppression	myeloid_suppression	IL10	MIR4763,MIRLET7A3,MIRLET7B,MIRLET7BHG	coexpression_network
primary_recist	melanoma_recist_supported_primary	PRJEB23709_PD1_PRE	EcoNiche-Opt-WordNoBioObjective	word_no_bio_objective	myeloid_suppression|myeloid_suppression|MIR4763,MIRLET7A3,MIRLET7B,MIRLET7BHG|TGFB1|coexpression_network	myeloid_suppression	myeloid_suppression	MIR4763,MIRLET7A3,MIRLET7B,MIRLET7BHG	TGFB1	coexpression_network
primary_recist	melanoma_recist_supported_primary	PRJEB23709_PD1_PRE	EcoNiche-Opt-WordNoBioObjective	word_no_bio_objective	myeloid_suppression|tcell_dysfunction|MIR4763,MIRLET7A3,MIRLET7B,MIRLET7BHG|MIR143,MIR143HG|coexpression_network	myeloid_suppression	tcell_dysfunction	MIR4763,MIRLET7A3,MIRLET7B,MIRLET7BHG	MIR143,MIR143HG	coexpression_network
primary_recist	melanoma_recist_supported_primary	PRJEB23709_PD1_PRE	EcoNiche-Opt-WordNoBioObjective	word_no_bio_objective	myeloid_suppression|tcell_dysfunction|MIR4763,MIRLET7A3,MIRLET7B,MIRLET7BHG|CUZD1,FAM24B,FAM24B-CUZD1|coexpression_network	myeloid_suppression	tcell_dysfunction	MIR4763,MIRLET7A3,MIRLET7B,MIRLET7BHG	CUZD1,FAM24B,FAM24B-CUZD1	coexpression_network
primary_recist	melanoma_recist_supported_primary	PRJEB23709_PD1_PRE	EcoNiche-Opt-WordNoBioObjective	word_no_bio_objective	myeloid_suppression|tnk_effector|IL10|NKG7|coexpression_network	myeloid_suppression	tnk_effector	IL10	NKG7	coexpression_network
primary_recist	melanoma_recist_supported_primary	PRJEB23709_PD1_PRE	EcoNiche-Opt-WordNoBioObjective	word_no_bio_objective	myeloid_suppression|tnk_effector|IL10|CD8A|coexpression_network	myeloid_suppression	tnk_effector	IL10	CD8A	coexpression_network
primary_recist	melanoma_recist_supported_primary	PRJEB23709_PD1_PRE	EcoNiche-Opt-WordNoBioObjective	word_no_bio_objective	myeloid_suppression|tumor_dedifferentiation|MIR4763,MIRLET7A3,MIRLET7B,MIRLET7BHG|MIR143,MIR143HG|coexpression_network	myeloid_suppression	tumor_dedifferentiation	MIR4763,MIRLET7A3,MIRLET7B,MIRLET7BHG	MIR143,MIR143HG	coexpression_network
primary_recist	melanoma_recist_supported_primary	PRJEB23709_PD1_PRE	EcoNiche-Opt-WordNoBioObjective	word_no_bio_objective	myeloid_suppression|tumor_dedifferentiation|MIR4763,MIRLET7A3,MIRLET7B,MIRLET7BHG|CASC14,CASC15|coexpression_network	myeloid_suppression	tumor_dedifferentiation	MIR4763,MIRLET7A3,MIRLET7B,MIRLET7BHG	CASC14,CASC15	coexpression_network
primary_recist	melanoma_recist_supported_primary	PRJEB23709_PD1_PRE	EcoNiche-Opt-WordNoBioObjective	word_no_bio_objective	tcell_dysfunction|tcell_dysfunction|CUZD1,FAM24B,FAM24B-CUZD1|MIR143,MIR143HG|coexpression_network	tcell_dysfunction	tcell_dysfunction	CUZD1,FAM24B,FAM24B-CUZD1	MIR143,MIR143HG	coexpression_network
primary_recist	melanoma_recist_supported_primary	PRJEB23709_PD1_PRE	EcoNiche-Opt-WordNoBioObjective	word_no_bio_objective	tcell_dysfunction|tnk_effector|PDCD1|PRF1|coexpression_network	tcell_dysfunction	tnk_effector	PDCD1	PRF1	coexpression_network
primary_recist	melanoma_recist_supported_primary	PRJEB23709_PD1_PRE	EcoNiche-Opt-WordNoBioObjective	word_no_bio_objective	tcell_dysfunction|tnk_effector|PDCD1|NKG7|coexpression_network	tcell_dysfunction	tnk_effector	PDCD1	NKG7	coexpression_network
primary_recist	melanoma_recist_supported_primary	PRJEB23709_PD1_PRE	EcoNiche-Opt-WordNoBioObjective	word_no_bio_objective	tcell_dysfunction|tumor_dedifferentiation|MIR143,MIR143HG|MIR143,MIR143HG|coexpression_network	tcell_dysfunction	tumor_dedifferentiation	MIR143,MIR143HG	MIR143,MIR143HG	coexpression_network
primary_recist	melanoma_recist_supported_primary	PRJEB23709_PD1_PRE	EcoNiche-Opt-WordNoBioObjective	word_no_bio_objective	tcell_dysfunction|tumor_dedifferentiation|MIR143,MIR143HG|CASC14,CASC15|coexpression_network	tcell_dysfunction	tumor_dedifferentiation	MIR143,MIR143HG	CASC14,CASC15	coexpression_network
primary_recist	melanoma_recist_supported_primary	PRJEB23709_PD1_PRE	EcoNiche-Opt-WordNoBioObjective	word_no_bio_objective	tnk_effector|tnk_effector|CD8A|NKG7|coexpression_network	tnk_effector	tnk_effector	CD8A	NKG7	coexpression_network
primary_recist	melanoma_recist_supported_primary	PRJEB23709_PD1_PRE	EcoNiche-Opt-WordNoBioObjective	word_no_bio_objective	tnk_effector|tnk_effector|NKG7|PRF1|coexpression_network	tnk_effector	tnk_effector	NKG7	PRF1	coexpression_network
primary_recist	melanoma_recist_supported_primary	PRJEB23709_PD1_PRE	EcoNiche-Opt-WordNoBioObjective	word_no_bio_objective	tnk_effector|tumor_dedifferentiation|MIR548N,OSBPL6|LOC100288974,MBL1P|coexpression_network	tnk_effector	tumor_dedifferentiation	MIR548N,OSBPL6	LOC100288974,MBL1P	coexpression_network
primary_recist	melanoma_recist_supported_primary	PRJEB23709_PD1_PRE	EcoNiche-Opt-WordNoBioObjective	word_no_bio_objective	tnk_effector|tumor_dedifferentiation|IFNG|APOC1,APOC1P1|coexpression_network	tnk_effector	tumor_dedifferentiation	IFNG	APOC1,APOC1P1	coexpression_network
primary_recist	melanoma_recist_supported_primary	PRJEB23709_PD1_PRE	EcoNiche-Opt-WordNoBioObjective	word_no_bio_objective	tumor_dedifferentiation|tumor_dedifferentiation|CASC14,CASC15|ITGA3|coexpression_network	tumor_dedifferentiation	tumor_dedifferentiation	CASC14,CASC15	ITGA3	coexpression_network
primary_recist	melanoma_recist_supported_primary	PRJEB23709_PD1_PRE	EcoNiche-Opt-WordNoBioObjective	word_no_bio_objective	tumor_dedifferentiation|tumor_dedifferentiation|HNRNPC,LINC00641|ITGA3|coexpression_network	tumor_dedifferentiation	tumor_dedifferentiation	HNRNPC,LINC00641	ITGA3	coexpression_network
primary_recist	melanoma_core_high_evidence	GSE91061	EcoNiche-Opt-WordFullGraph	word_full_graph	antigen_presentation_mhc|antigen_presentation_mhc|HLA-C|TAP1|coexpression_network	antigen_presentation_mhc	antigen_presentation_mhc	HLA-C	TAP1	coexpression_network
primary_recist	melanoma_core_high_evidence	GSE91061	EcoNiche-Opt-WordFullGraph	word_full_graph	antigen_presentation_mhc|caf_ecm_exclusion|TAP1|COL3A1|coexpression_network	antigen_presentation_mhc	caf_ecm_exclusion	TAP1	COL3A1	coexpression_network
primary_recist	melanoma_core_high_evidence	GSE91061	EcoNiche-Opt-WordFullGraph	word_full_graph	antigen_presentation_mhc|caf_ecm_exclusion|HLA-C|COL3A1|coexpression_network	antigen_presentation_mhc	caf_ecm_exclusion	HLA-C	COL3A1	coexpression_network
primary_recist	melanoma_core_high_evidence	GSE91061	EcoNiche-Opt-WordFullGraph	word_full_graph	antigen_presentation_mhc|myeloid_suppression|TAP1|CD68|coexpression_network	antigen_presentation_mhc	myeloid_suppression	TAP1	CD68	coexpression_network
primary_recist	melanoma_core_high_evidence	GSE91061	EcoNiche-Opt-WordFullGraph	word_full_graph	antigen_presentation_mhc|myeloid_suppression|HLA-C|CD68|coexpression_network	antigen_presentation_mhc	myeloid_suppression	HLA-C	CD68	coexpression_network
primary_recist	melanoma_core_high_evidence	GSE91061	EcoNiche-Opt-WordFullGraph	word_full_graph	antigen_presentation_mhc|tcell_dysfunction|TAP1|HAVCR2|coexpression_network	antigen_presentation_mhc	tcell_dysfunction	TAP1	HAVCR2	coexpression_network
primary_recist	melanoma_core_high_evidence	GSE91061	EcoNiche-Opt-WordFullGraph	word_full_graph	antigen_presentation_mhc|tcell_dysfunction|TAP1|PDCD1|coexpression_network	antigen_presentation_mhc	tcell_dysfunction	TAP1	PDCD1	coexpression_network
primary_recist	melanoma_core_high_evidence	GSE91061	EcoNiche-Opt-WordFullGraph	word_full_graph	antigen_presentation_mhc|tnk_effector|TAP1|CD8A|coexpression_network	antigen_presentation_mhc	tnk_effector	TAP1	CD8A	coexpression_network
primary_recist	melanoma_core_high_evidence	GSE91061	EcoNiche-Opt-WordFullGraph	word_full_graph	antigen_presentation_mhc|tnk_effector|TAP1|GZMB|coexpression_network	antigen_presentation_mhc	tnk_effector	TAP1	GZMB	coexpression_network
primary_recist	melanoma_core_high_evidence	GSE91061	EcoNiche-Opt-WordFullGraph	word_full_graph	antigen_presentation_mhc|tumor_dedifferentiation|HLA-C|ZEB1|coexpression_network	antigen_presentation_mhc	tumor_dedifferentiation	HLA-C	ZEB1	coexpression_network
primary_recist	melanoma_core_high_evidence	GSE91061	EcoNiche-Opt-WordFullGraph	word_full_graph	antigen_presentation_mhc|tumor_dedifferentiation|TAP1|ZEB1|coexpression_network	antigen_presentation_mhc	tumor_dedifferentiation	TAP1	ZEB1	coexpression_network
primary_recist	melanoma_core_high_evidence	GSE91061	EcoNiche-Opt-WordFullGraph	word_full_graph	caf_ecm_exclusion|caf_ecm_exclusion|COL1A1|COL3A1|coexpression_network	caf_ecm_exclusion	caf_ecm_exclusion	COL1A1	COL3A1	coexpression_network
primary_recist	melanoma_core_high_evidence	GSE91061	EcoNiche-Opt-WordFullGraph	word_full_graph	caf_ecm_exclusion|caf_ecm_exclusion|ACTA2|COL1A1|coexpression_network	caf_ecm_exclusion	caf_ecm_exclusion	ACTA2	COL1A1	coexpression_network
primary_recist	melanoma_core_high_evidence	GSE91061	EcoNiche-Opt-WordFullGraph	word_full_graph	caf_ecm_exclusion|myeloid_suppression|IGKV4-1|IGLV1-40|coexpression_network	caf_ecm_exclusion	myeloid_suppression	IGKV4-1	IGLV1-40	coexpression_network
primary_recist	melanoma_core_high_evidence	GSE91061	EcoNiche-Opt-WordFullGraph	word_full_graph	caf_ecm_exclusion|myeloid_suppression|COL3A1|CD68|coexpression_network	caf_ecm_exclusion	myeloid_suppression	COL3A1	CD68	coexpression_network
primary_recist	melanoma_core_high_evidence	GSE91061	EcoNiche-Opt-WordFullGraph	word_full_graph	caf_ecm_exclusion|tcell_dysfunction|IGKV4-1|PDCD1|coexpression_network	caf_ecm_exclusion	tcell_dysfunction	IGKV4-1	PDCD1	coexpression_network
primary_recist	melanoma_core_high_evidence	GSE91061	EcoNiche-Opt-WordFullGraph	word_full_graph	caf_ecm_exclusion|tcell_dysfunction|IGKV4-1|TIGIT|coexpression_network	caf_ecm_exclusion	tcell_dysfunction	IGKV4-1	TIGIT	coexpression_network
primary_recist	melanoma_core_high_evidence	GSE91061	EcoNiche-Opt-WordFullGraph	word_full_graph	caf_ecm_exclusion|tnk_effector|LOC102724050|LOC102724050|coexpression_network	caf_ecm_exclusion	tnk_effector	LOC102724050	LOC102724050	coexpression_network
primary_recist	melanoma_core_high_evidence	GSE91061	EcoNiche-Opt-WordFullGraph	word_full_graph	caf_ecm_exclusion|tnk_effector|IGKV4-1|CD8A|coexpression_network	caf_ecm_exclusion	tnk_effector	IGKV4-1	CD8A	coexpression_network
primary_recist	melanoma_core_high_evidence	GSE91061	EcoNiche-Opt-WordFullGraph	word_full_graph	caf_ecm_exclusion|tumor_dedifferentiation|IGKV4-1|IGLV1-40|coexpression_network	caf_ecm_exclusion	tumor_dedifferentiation	IGKV4-1	IGLV1-40	coexpression_network
primary_recist	melanoma_core_high_evidence	GSE91061	EcoNiche-Opt-WordFullGraph	word_full_graph	caf_ecm_exclusion|tumor_dedifferentiation|COL3A1|ZEB1|coexpression_network	caf_ecm_exclusion	tumor_dedifferentiation	COL3A1	ZEB1	coexpression_network
primary_recist	melanoma_core_high_evidence	GSE91061	EcoNiche-Opt-WordFullGraph	word_full_graph	myeloid_suppression|myeloid_suppression|CD68|S100A9|coexpression_network	myeloid_suppression	myeloid_suppression	CD68	S100A9	coexpression_network
primary_recist	melanoma_core_high_evidence	GSE91061	EcoNiche-Opt-WordFullGraph	word_full_graph	myeloid_suppression|tcell_dysfunction|IGLV1-40|IGHD2-2|coexpression_network	myeloid_suppression	tcell_dysfunction	IGLV1-40	IGHD2-2	coexpression_network
primary_recist	melanoma_core_high_evidence	GSE91061	EcoNiche-Opt-WordFullGraph	word_full_graph	myeloid_suppression|tcell_dysfunction|IGLV1-40|PDCD1|coexpression_network	myeloid_suppression	tcell_dysfunction	IGLV1-40	PDCD1	coexpression_network
primary_recist	melanoma_core_high_evidence	GSE91061	EcoNiche-Opt-WordFullGraph	word_full_graph	myeloid_suppression|tnk_effector|IGLV1-40|IFNG|coexpression_network	myeloid_suppression	tnk_effector	IGLV1-40	IFNG	coexpression_network
primary_recist	melanoma_core_high_evidence	GSE91061	EcoNiche-Opt-WordFullGraph	word_full_graph	myeloid_suppression|tnk_effector|IGLV1-40|CD8A|coexpression_network	myeloid_suppression	tnk_effector	IGLV1-40	CD8A	coexpression_network
primary_recist	melanoma_core_high_evidence	GSE91061	EcoNiche-Opt-WordFullGraph	word_full_graph	myeloid_suppression|tumor_dedifferentiation|IGLV1-40|IGLV1-40|coexpression_network	myeloid_suppression	tumor_dedifferentiation	IGLV1-40	IGLV1-40	coexpression_network
primary_recist	melanoma_core_high_evidence	GSE91061	EcoNiche-Opt-WordFullGraph	word_full_graph	myeloid_suppression|tumor_dedifferentiation|CD68|ZEB1|coexpression_network	myeloid_suppression	tumor_dedifferentiation	CD68	ZEB1	coexpression_network
primary_recist	melanoma_core_high_evidence	GSE91061	EcoNiche-Opt-WordFullGraph	word_full_graph	tcell_dysfunction|tcell_dysfunction|PDCD1|TIGIT|coexpression_network	tcell_dysfunction	tcell_dysfunction	PDCD1	TIGIT	coexpression_network
primary_recist	melanoma_core_high_evidence	GSE91061	EcoNiche-Opt-WordFullGraph	word_full_graph	tcell_dysfunction|tcell_dysfunction|HAVCR2|PDCD1|coexpression_network	tcell_dysfunction	tcell_dysfunction	HAVCR2	PDCD1	coexpression_network
primary_recist	melanoma_core_high_evidence	GSE91061	EcoNiche-Opt-WordFullGraph	word_full_graph	tcell_dysfunction|tnk_effector|PDCD1|CD8A|coexpression_network	tcell_dysfunction	tnk_effector	PDCD1	CD8A	coexpression_network
primary_recist	melanoma_core_high_evidence	GSE91061	EcoNiche-Opt-WordFullGraph	word_full_graph	tcell_dysfunction|tnk_effector|HAVCR2|CD8A|coexpression_network	tcell_dysfunction	tnk_effector	HAVCR2	CD8A	coexpression_network
primary_recist	melanoma_core_high_evidence	GSE91061	EcoNiche-Opt-WordFullGraph	word_full_graph	tcell_dysfunction|tumor_dedifferentiation|IGHD2-2|IGLV1-40|coexpression_network	tcell_dysfunction	tumor_dedifferentiation	IGHD2-2	IGLV1-40	coexpression_network
primary_recist	melanoma_core_high_evidence	GSE91061	EcoNiche-Opt-WordFullGraph	word_full_graph	tcell_dysfunction|tumor_dedifferentiation|PDCD1|IGLV1-40|coexpression_network	tcell_dysfunction	tumor_dedifferentiation	PDCD1	IGLV1-40	coexpression_network
primary_recist	melanoma_core_high_evidence	GSE91061	EcoNiche-Opt-WordFullGraph	word_full_graph	tnk_effector|tnk_effector|CD8A|IFNG|coexpression_network	tnk_effector	tnk_effector	CD8A	IFNG	coexpression_network
primary_recist	melanoma_core_high_evidence	GSE91061	EcoNiche-Opt-WordFullGraph	word_full_graph	tnk_effector|tnk_effector|CD8A|CXCL9|coexpression_network	tnk_effector	tnk_effector	CD8A	CXCL9	coexpression_network
primary_recist	melanoma_core_high_evidence	GSE91061	EcoNiche-Opt-WordFullGraph	word_full_graph	tnk_effector|tumor_dedifferentiation|IFNG|IGLV1-40|coexpression_network	tnk_effector	tumor_dedifferentiation	IFNG	IGLV1-40	coexpression_network
primary_recist	melanoma_core_high_evidence	GSE91061	EcoNiche-Opt-WordFullGraph	word_full_graph	tnk_effector|tumor_dedifferentiation|CD8A|IGLV1-40|coexpression_network	tnk_effector	tumor_dedifferentiation	CD8A	IGLV1-40	coexpression_network
primary_recist	melanoma_core_high_evidence	GSE91061	EcoNiche-Opt-WordFullGraph	word_full_graph	tumor_dedifferentiation|tumor_dedifferentiation|AXL|ZEB1|coexpression_network	tumor_dedifferentiation	tumor_dedifferentiation	AXL	ZEB1	coexpression_network
primary_recist	melanoma_core_high_evidence	GSE91061	EcoNiche-Opt-WordFullGraph	word_full_graph	tumor_dedifferentiation|tumor_dedifferentiation|IGHD2-15|IGLV1-40|coexpression_network	tumor_dedifferentiation	tumor_dedifferentiation	IGHD2-15	IGLV1-40	coexpression_network
primary_recist	melanoma_core_high_evidence	GSE91061	EcoNiche-Opt-WordUnsignedGraph	word_unsigned_graph	antigen_presentation_mhc|tnk_effector|HLA-A|B2M|pathway	antigen_presentation_mhc	tnk_effector	HLA-A	B2M	pathway
primary_recist	melanoma_core_high_evidence	GSE91061	EcoNiche-Opt-WordUnsignedGraph	word_unsigned_graph	tnk_effector|antigen_presentation_mhc|IFNG|HLA-A|regulatory	tnk_effector	antigen_presentation_mhc	IFNG	HLA-A	regulatory
primary_recist	melanoma_core_high_evidence	GSE91061	EcoNiche-Opt-WordUnsignedGraph	word_unsigned_graph	antigen_presentation_mhc|antigen_presentation_mhc|HLA-A|PSMB8|coexpression_network	antigen_presentation_mhc	antigen_presentation_mhc	HLA-A	PSMB8	coexpression_network
primary_recist	melanoma_core_high_evidence	GSE91061	EcoNiche-Opt-WordUnsignedGraph	word_unsigned_graph	antigen_presentation_mhc|caf_ecm_exclusion|PSMB8|COL3A1|coexpression_network	antigen_presentation_mhc	caf_ecm_exclusion	PSMB8	COL3A1	coexpression_network
primary_recist	melanoma_core_high_evidence	GSE91061	EcoNiche-Opt-WordUnsignedGraph	word_unsigned_graph	antigen_presentation_mhc|caf_ecm_exclusion|PSMB8|COL1A2|coexpression_network	antigen_presentation_mhc	caf_ecm_exclusion	PSMB8	COL1A2	coexpression_network
primary_recist	melanoma_core_high_evidence	GSE91061	EcoNiche-Opt-WordUnsignedGraph	word_unsigned_graph	antigen_presentation_mhc|myeloid_suppression|PSMB8|ITGAM|coexpression_network	antigen_presentation_mhc	myeloid_suppression	PSMB8	ITGAM	coexpression_network
primary_recist	melanoma_core_high_evidence	GSE91061	EcoNiche-Opt-WordUnsignedGraph	word_unsigned_graph	antigen_presentation_mhc|myeloid_suppression|HLA-A|ITGAM|coexpression_network	antigen_presentation_mhc	myeloid_suppression	HLA-A	ITGAM	coexpression_network
primary_recist	melanoma_core_high_evidence	GSE91061	EcoNiche-Opt-WordUnsignedGraph	word_unsigned_graph	antigen_presentation_mhc|tcell_dysfunction|PSMB8|PDCD1|coexpression_network	antigen_presentation_mhc	tcell_dysfunction	PSMB8	PDCD1	coexpression_network
primary_recist	melanoma_core_high_evidence	GSE91061	EcoNiche-Opt-WordUnsignedGraph	word_unsigned_graph	antigen_presentation_mhc|tcell_dysfunction|PSMB8|IGKV4-1|coexpression_network	antigen_presentation_mhc	tcell_dysfunction	PSMB8	IGKV4-1	coexpression_network
primary_recist	melanoma_core_high_evidence	GSE91061	EcoNiche-Opt-WordUnsignedGraph	word_unsigned_graph	antigen_presentation_mhc|tnk_effector|PSMB8|PRF1|coexpression_network	antigen_presentation_mhc	tnk_effector	PSMB8	PRF1	coexpression_network
primary_recist	melanoma_core_high_evidence	GSE91061	EcoNiche-Opt-WordUnsignedGraph	word_unsigned_graph	antigen_presentation_mhc|tnk_effector|PSMB8|IFNG|coexpression_network	antigen_presentation_mhc	tnk_effector	PSMB8	IFNG	coexpression_network
primary_recist	melanoma_core_high_evidence	GSE91061	EcoNiche-Opt-WordUnsignedGraph	word_unsigned_graph	antigen_presentation_mhc|tumor_dedifferentiation|PSMB8|VIM|coexpression_network	antigen_presentation_mhc	tumor_dedifferentiation	PSMB8	VIM	coexpression_network
primary_recist	melanoma_core_high_evidence	GSE91061	EcoNiche-Opt-WordUnsignedGraph	word_unsigned_graph	antigen_presentation_mhc|tumor_dedifferentiation|HLA-A|VIM|coexpression_network	antigen_presentation_mhc	tumor_dedifferentiation	HLA-A	VIM	coexpression_network
primary_recist	melanoma_core_high_evidence	GSE91061	EcoNiche-Opt-WordUnsignedGraph	word_unsigned_graph	caf_ecm_exclusion|caf_ecm_exclusion|COL1A2|COL3A1|coexpression_network	caf_ecm_exclusion	caf_ecm_exclusion	COL1A2	COL3A1	coexpression_network
primary_recist	melanoma_core_high_evidence	GSE91061	EcoNiche-Opt-WordUnsignedGraph	word_unsigned_graph	caf_ecm_exclusion|caf_ecm_exclusion|COL1A1|COL1A2|coexpression_network	caf_ecm_exclusion	caf_ecm_exclusion	COL1A1	COL1A2	coexpression_network
primary_recist	melanoma_core_high_evidence	GSE91061	EcoNiche-Opt-WordUnsignedGraph	word_unsigned_graph	caf_ecm_exclusion|myeloid_suppression|LOC102724050|LOC102724050|coexpression_network	caf_ecm_exclusion	myeloid_suppression	LOC102724050	LOC102724050	coexpression_network
primary_recist	melanoma_core_high_evidence	GSE91061	EcoNiche-Opt-WordUnsignedGraph	word_unsigned_graph	caf_ecm_exclusion|myeloid_suppression|COL3A1|ITGAM|coexpression_network	caf_ecm_exclusion	myeloid_suppression	COL3A1	ITGAM	coexpression_network
primary_recist	melanoma_core_high_evidence	GSE91061	EcoNiche-Opt-WordUnsignedGraph	word_unsigned_graph	caf_ecm_exclusion|tcell_dysfunction|TRAJ1|TRAJ1|coexpression_network	caf_ecm_exclusion	tcell_dysfunction	TRAJ1	TRAJ1	coexpression_network
primary_recist	melanoma_core_high_evidence	GSE91061	EcoNiche-Opt-WordUnsignedGraph	word_unsigned_graph	caf_ecm_exclusion|tcell_dysfunction|RP11-444B24|RP11-444B24|coexpression_network	caf_ecm_exclusion	tcell_dysfunction	RP11-444B24	RP11-444B24	coexpression_network
primary_recist	melanoma_core_high_evidence	GSE91061	EcoNiche-Opt-WordUnsignedGraph	word_unsigned_graph	caf_ecm_exclusion|tnk_effector|TRAJ1|TRAJ1|coexpression_network	caf_ecm_exclusion	tnk_effector	TRAJ1	TRAJ1	coexpression_network
primary_recist	melanoma_core_high_evidence	GSE91061	EcoNiche-Opt-WordUnsignedGraph	word_unsigned_graph	caf_ecm_exclusion|tnk_effector|TRAJ1|PRF1|coexpression_network	caf_ecm_exclusion	tnk_effector	TRAJ1	PRF1	coexpression_network
primary_recist	melanoma_core_high_evidence	GSE91061	EcoNiche-Opt-WordUnsignedGraph	word_unsigned_graph	caf_ecm_exclusion|tumor_dedifferentiation|RP11-444B24|IGHGP|coexpression_network	caf_ecm_exclusion	tumor_dedifferentiation	RP11-444B24	IGHGP	coexpression_network
primary_recist	melanoma_core_high_evidence	GSE91061	EcoNiche-Opt-WordUnsignedGraph	word_unsigned_graph	caf_ecm_exclusion|tumor_dedifferentiation|TRAJ1|IGHGP|coexpression_network	caf_ecm_exclusion	tumor_dedifferentiation	TRAJ1	IGHGP	coexpression_network
primary_recist	melanoma_core_high_evidence	GSE91061	EcoNiche-Opt-WordUnsignedGraph	word_unsigned_graph	myeloid_suppression|myeloid_suppression|CSF1R|ITGAM|coexpression_network	myeloid_suppression	myeloid_suppression	CSF1R	ITGAM	coexpression_network
primary_recist	melanoma_core_high_evidence	GSE91061	EcoNiche-Opt-WordUnsignedGraph	word_unsigned_graph	myeloid_suppression|myeloid_suppression|IGLV1-40|ITGAM|coexpression_network	myeloid_suppression	myeloid_suppression	IGLV1-40	ITGAM	coexpression_network
primary_recist	melanoma_core_high_evidence	GSE91061	EcoNiche-Opt-WordUnsignedGraph	word_unsigned_graph	myeloid_suppression|tcell_dysfunction|IGLV1-40|IGKV4-1|coexpression_network	myeloid_suppression	tcell_dysfunction	IGLV1-40	IGKV4-1	coexpression_network
primary_recist	melanoma_core_high_evidence	GSE91061	EcoNiche-Opt-WordUnsignedGraph	word_unsigned_graph	myeloid_suppression|tcell_dysfunction|IGLV1-40|TRAJ1|coexpression_network	myeloid_suppression	tcell_dysfunction	IGLV1-40	TRAJ1	coexpression_network
primary_recist	melanoma_core_high_evidence	GSE91061	EcoNiche-Opt-WordUnsignedGraph	word_unsigned_graph	myeloid_suppression|tnk_effector|IGLV1-40|CD8B|coexpression_network	myeloid_suppression	tnk_effector	IGLV1-40	CD8B	coexpression_network
primary_recist	melanoma_core_high_evidence	GSE91061	EcoNiche-Opt-WordUnsignedGraph	word_unsigned_graph	myeloid_suppression|tnk_effector|IGLV1-40|IFNG|coexpression_network	myeloid_suppression	tnk_effector	IGLV1-40	IFNG	coexpression_network
primary_recist	melanoma_core_high_evidence	GSE91061	EcoNiche-Opt-WordUnsignedGraph	word_unsigned_graph	myeloid_suppression|tumor_dedifferentiation|IGLV1-40|IGHGP|coexpression_network	myeloid_suppression	tumor_dedifferentiation	IGLV1-40	IGHGP	coexpression_network
primary_recist	melanoma_core_high_evidence	GSE91061	EcoNiche-Opt-WordUnsignedGraph	word_unsigned_graph	myeloid_suppression|tumor_dedifferentiation|ITGAM|VIM|coexpression_network	myeloid_suppression	tumor_dedifferentiation	ITGAM	VIM	coexpression_network
primary_recist	melanoma_core_high_evidence	GSE91061	EcoNiche-Opt-WordUnsignedGraph	word_unsigned_graph	tcell_dysfunction|tcell_dysfunction|PDCD1|TRAJ1|coexpression_network	tcell_dysfunction	tcell_dysfunction	PDCD1	TRAJ1	coexpression_network
primary_recist	melanoma_core_high_evidence	GSE91061	EcoNiche-Opt-WordUnsignedGraph	word_unsigned_graph	tcell_dysfunction|tcell_dysfunction|IGKV4-1|PDCD1|coexpression_network	tcell_dysfunction	tcell_dysfunction	IGKV4-1	PDCD1	coexpression_network
primary_recist	melanoma_core_high_evidence	GSE91061	EcoNiche-Opt-WordUnsignedGraph	word_unsigned_graph	tcell_dysfunction|tnk_effector|TRAJ1|TRAJ1|coexpression_network	tcell_dysfunction	tnk_effector	TRAJ1	TRAJ1	coexpression_network
primary_recist	melanoma_core_high_evidence	GSE91061	EcoNiche-Opt-WordUnsignedGraph	word_unsigned_graph	tcell_dysfunction|tnk_effector|PDCD1|PRF1|coexpression_network	tcell_dysfunction	tnk_effector	PDCD1	PRF1	coexpression_network
primary_recist	melanoma_core_high_evidence	GSE91061	EcoNiche-Opt-WordUnsignedGraph	word_unsigned_graph	tcell_dysfunction|tumor_dedifferentiation|IGKV4-1|IGHGP|coexpression_network	tcell_dysfunction	tumor_dedifferentiation	IGKV4-1	IGHGP	coexpression_network
primary_recist	melanoma_core_high_evidence	GSE91061	EcoNiche-Opt-WordUnsignedGraph	word_unsigned_graph	tcell_dysfunction|tumor_dedifferentiation|RP11-444B24|IGHGP|coexpression_network	tcell_dysfunction	tumor_dedifferentiation	RP11-444B24	IGHGP	coexpression_network
primary_recist	melanoma_core_high_evidence	GSE91061	EcoNiche-Opt-WordUnsignedGraph	word_unsigned_graph	tnk_effector|tnk_effector|IFNG|PRF1|coexpression_network	tnk_effector	tnk_effector	IFNG	PRF1	coexpression_network
primary_recist	melanoma_core_high_evidence	GSE91061	EcoNiche-Opt-WordUnsignedGraph	word_unsigned_graph	tnk_effector|tnk_effector|PRF1|TRAJ1|coexpression_network	tnk_effector	tnk_effector	PRF1	TRAJ1	coexpression_network
primary_recist	melanoma_core_high_evidence	GSE91061	EcoNiche-Opt-WordUnsignedGraph	word_unsigned_graph	tnk_effector|tumor_dedifferentiation|IGHD2-2|IGHGP|coexpression_network	tnk_effector	tumor_dedifferentiation	IGHD2-2	IGHGP	coexpression_network
primary_recist	melanoma_core_high_evidence	GSE91061	EcoNiche-Opt-WordUnsignedGraph	word_unsigned_graph	tnk_effector|tumor_dedifferentiation|CD8B|IGHGP|coexpression_network	tnk_effector	tumor_dedifferentiation	CD8B	IGHGP	coexpression_network
primary_recist	melanoma_core_high_evidence	GSE91061	EcoNiche-Opt-WordUnsignedGraph	word_unsigned_graph	tumor_dedifferentiation|tumor_dedifferentiation|ITGA3|VIM|coexpression_network	tumor_dedifferentiation	tumor_dedifferentiation	ITGA3	VIM	coexpression_network
primary_recist	melanoma_core_high_evidence	GSE91061	EcoNiche-Opt-WordUnsignedGraph	word_unsigned_graph	tumor_dedifferentiation|tumor_dedifferentiation|IGHGP|VIM|coexpression_network	tumor_dedifferentiation	tumor_dedifferentiation	IGHGP	VIM	coexpression_network
primary_recist	melanoma_core_high_evidence	GSE91061	EcoNiche-Opt-WordNoBioObjective	word_no_bio_objective	antigen_presentation_mhc|antigen_presentation_mhc|CARMIL2|TAP1|coexpression_network	antigen_presentation_mhc	antigen_presentation_mhc	CARMIL2	TAP1	coexpression_network
primary_recist	melanoma_core_high_evidence	GSE91061	EcoNiche-Opt-WordNoBioObjective	word_no_bio_objective	antigen_presentation_mhc|antigen_presentation_mhc|CARMIL2|IGHV6-1|coexpression_network	antigen_presentation_mhc	antigen_presentation_mhc	CARMIL2	IGHV6-1	coexpression_network
primary_recist	melanoma_core_high_evidence	GSE91061	EcoNiche-Opt-WordNoBioObjective	word_no_bio_objective	antigen_presentation_mhc|caf_ecm_exclusion|IGHV6-1|IGHV6-1|coexpression_network	antigen_presentation_mhc	caf_ecm_exclusion	IGHV6-1	IGHV6-1	coexpression_network
primary_recist	melanoma_core_high_evidence	GSE91061	EcoNiche-Opt-WordNoBioObjective	word_no_bio_objective	antigen_presentation_mhc|caf_ecm_exclusion|CARMIL2|IGLV1-40|coexpression_network	antigen_presentation_mhc	caf_ecm_exclusion	CARMIL2	IGLV1-40	coexpression_network
primary_recist	melanoma_core_high_evidence	GSE91061	EcoNiche-Opt-WordNoBioObjective	word_no_bio_objective	antigen_presentation_mhc|myeloid_suppression|TAP1|MRC1|coexpression_network	antigen_presentation_mhc	myeloid_suppression	TAP1	MRC1	coexpression_network
primary_recist	melanoma_core_high_evidence	GSE91061	EcoNiche-Opt-WordNoBioObjective	word_no_bio_objective	antigen_presentation_mhc|myeloid_suppression|CARMIL2|RP11-444B24|coexpression_network	antigen_presentation_mhc	myeloid_suppression	CARMIL2	RP11-444B24	coexpression_network
primary_recist	melanoma_core_high_evidence	GSE91061	EcoNiche-Opt-WordNoBioObjective	word_no_bio_objective	antigen_presentation_mhc|tcell_dysfunction|CARMIL2|PDCD1|coexpression_network	antigen_presentation_mhc	tcell_dysfunction	CARMIL2	PDCD1	coexpression_network
primary_recist	melanoma_core_high_evidence	GSE91061	EcoNiche-Opt-WordNoBioObjective	word_no_bio_objective	antigen_presentation_mhc|tcell_dysfunction|CARMIL2|TIGIT|coexpression_network	antigen_presentation_mhc	tcell_dysfunction	CARMIL2	TIGIT	coexpression_network
primary_recist	melanoma_core_high_evidence	GSE91061	EcoNiche-Opt-WordNoBioObjective	word_no_bio_objective	antigen_presentation_mhc|tnk_effector|IGHV6-1|IGHV6-1|coexpression_network	antigen_presentation_mhc	tnk_effector	IGHV6-1	IGHV6-1	coexpression_network
primary_recist	melanoma_core_high_evidence	GSE91061	EcoNiche-Opt-WordNoBioObjective	word_no_bio_objective	antigen_presentation_mhc|tnk_effector|CARMIL2|CD8B|coexpression_network	antigen_presentation_mhc	tnk_effector	CARMIL2	CD8B	coexpression_network
primary_recist	melanoma_core_high_evidence	GSE91061	EcoNiche-Opt-WordNoBioObjective	word_no_bio_objective	antigen_presentation_mhc|tumor_dedifferentiation|TAP1|AXL|coexpression_network	antigen_presentation_mhc	tumor_dedifferentiation	TAP1	AXL	coexpression_network
primary_recist	melanoma_core_high_evidence	GSE91061	EcoNiche-Opt-WordNoBioObjective	word_no_bio_objective	antigen_presentation_mhc|tumor_dedifferentiation|CARMIL2|IGHD3-10|coexpression_network	antigen_presentation_mhc	tumor_dedifferentiation	CARMIL2	IGHD3-10	coexpression_network
primary_recist	melanoma_core_high_evidence	GSE91061	EcoNiche-Opt-WordNoBioObjective	word_no_bio_objective	caf_ecm_exclusion|caf_ecm_exclusion|IGHV6-1|IGLV1-40|coexpression_network	caf_ecm_exclusion	caf_ecm_exclusion	IGHV6-1	IGLV1-40	coexpression_network
primary_recist	melanoma_core_high_evidence	GSE91061	EcoNiche-Opt-WordNoBioObjective	word_no_bio_objective	caf_ecm_exclusion|caf_ecm_exclusion|IGLV1-40|TRAJ10|coexpression_network	caf_ecm_exclusion	caf_ecm_exclusion	IGLV1-40	TRAJ10	coexpression_network
primary_recist	melanoma_core_high_evidence	GSE91061	EcoNiche-Opt-WordNoBioObjective	word_no_bio_objective	caf_ecm_exclusion|myeloid_suppression|COL1A1|MRC1|coexpression_network	caf_ecm_exclusion	myeloid_suppression	COL1A1	MRC1	coexpression_network
primary_recist	melanoma_core_high_evidence	GSE91061	EcoNiche-Opt-WordNoBioObjective	word_no_bio_objective	caf_ecm_exclusion|myeloid_suppression|IGLV1-40|RP11-444B24|coexpression_network	caf_ecm_exclusion	myeloid_suppression	IGLV1-40	RP11-444B24	coexpression_network
primary_recist	melanoma_core_high_evidence	GSE91061	EcoNiche-Opt-WordNoBioObjective	word_no_bio_objective	caf_ecm_exclusion|tcell_dysfunction|RP11-428O18|RP11-428O18|coexpression_network	caf_ecm_exclusion	tcell_dysfunction	RP11-428O18	RP11-428O18	coexpression_network
primary_recist	melanoma_core_high_evidence	GSE91061	EcoNiche-Opt-WordNoBioObjective	word_no_bio_objective	caf_ecm_exclusion|tcell_dysfunction|IGLV1-40|IGHD2-2|coexpression_network	caf_ecm_exclusion	tcell_dysfunction	IGLV1-40	IGHD2-2	coexpression_network
primary_recist	melanoma_core_high_evidence	GSE91061	EcoNiche-Opt-WordNoBioObjective	word_no_bio_objective	caf_ecm_exclusion|tnk_effector|IGLV1-40|IGLV1-40|coexpression_network	caf_ecm_exclusion	tnk_effector	IGLV1-40	IGLV1-40	coexpression_network
primary_recist	melanoma_core_high_evidence	GSE91061	EcoNiche-Opt-WordNoBioObjective	word_no_bio_objective	caf_ecm_exclusion|tnk_effector|IGHV6-1|IGHV6-1|coexpression_network	caf_ecm_exclusion	tnk_effector	IGHV6-1	IGHV6-1	coexpression_network
primary_recist	melanoma_core_high_evidence	GSE91061	EcoNiche-Opt-WordNoBioObjective	word_no_bio_objective	caf_ecm_exclusion|tumor_dedifferentiation|COL1A1|AXL|coexpression_network	caf_ecm_exclusion	tumor_dedifferentiation	COL1A1	AXL	coexpression_network
primary_recist	melanoma_core_high_evidence	GSE91061	EcoNiche-Opt-WordNoBioObjective	word_no_bio_objective	caf_ecm_exclusion|tumor_dedifferentiation|IGLV1-40|IGHD3-10|coexpression_network	caf_ecm_exclusion	tumor_dedifferentiation	IGLV1-40	IGHD3-10	coexpression_network
primary_recist	melanoma_core_high_evidence	GSE91061	EcoNiche-Opt-WordNoBioObjective	word_no_bio_objective	myeloid_suppression|tcell_dysfunction|RP11-444B24|PDCD1|coexpression_network	myeloid_suppression	tcell_dysfunction	RP11-444B24	PDCD1	coexpression_network
primary_recist	melanoma_core_high_evidence	GSE91061	EcoNiche-Opt-WordNoBioObjective	word_no_bio_objective	myeloid_suppression|tcell_dysfunction|RP11-444B24|CXCL13|coexpression_network	myeloid_suppression	tcell_dysfunction	RP11-444B24	CXCL13	coexpression_network
primary_recist	melanoma_core_high_evidence	GSE91061	EcoNiche-Opt-WordNoBioObjective	word_no_bio_objective	myeloid_suppression|tnk_effector|MRC1|GZMB|coexpression_network	myeloid_suppression	tnk_effector	MRC1	GZMB	coexpression_network
primary_recist	melanoma_core_high_evidence	GSE91061	EcoNiche-Opt-WordNoBioObjective	word_no_bio_objective	myeloid_suppression|tnk_effector|RP11-444B24|IGLV1-40|coexpression_network	myeloid_suppression	tnk_effector	RP11-444B24	IGLV1-40	coexpression_network
primary_recist	melanoma_core_high_evidence	GSE91061	EcoNiche-Opt-WordNoBioObjective	word_no_bio_objective	myeloid_suppression|tumor_dedifferentiation|MRC1|AXL|coexpression_network	myeloid_suppression	tumor_dedifferentiation	MRC1	AXL	coexpression_network
primary_recist	melanoma_core_high_evidence	GSE91061	EcoNiche-Opt-WordNoBioObjective	word_no_bio_objective	myeloid_suppression|tumor_dedifferentiation|RP11-444B24|IGHD3-10|coexpression_network	myeloid_suppression	tumor_dedifferentiation	RP11-444B24	IGHD3-10	coexpression_network
primary_recist	melanoma_core_high_evidence	GSE91061	EcoNiche-Opt-WordNoBioObjective	word_no_bio_objective	tcell_dysfunction|tcell_dysfunction|PDCD1|TIGIT|coexpression_network	tcell_dysfunction	tcell_dysfunction	PDCD1	TIGIT	coexpression_network
primary_recist	melanoma_core_high_evidence	GSE91061	EcoNiche-Opt-WordNoBioObjective	word_no_bio_objective	tcell_dysfunction|tcell_dysfunction|CXCL13|TIGIT|coexpression_network	tcell_dysfunction	tcell_dysfunction	CXCL13	TIGIT	coexpression_network
primary_recist	melanoma_core_high_evidence	GSE91061	EcoNiche-Opt-WordNoBioObjective	word_no_bio_objective	tcell_dysfunction|tnk_effector|IGHD2-2|IGHD2-2|coexpression_network	tcell_dysfunction	tnk_effector	IGHD2-2	IGHD2-2	coexpression_network
primary_recist	melanoma_core_high_evidence	GSE91061	EcoNiche-Opt-WordNoBioObjective	word_no_bio_objective	tcell_dysfunction|tnk_effector|TIGIT|CD8B|coexpression_network	tcell_dysfunction	tnk_effector	TIGIT	CD8B	coexpression_network
primary_recist	melanoma_core_high_evidence	GSE91061	EcoNiche-Opt-WordNoBioObjective	word_no_bio_objective	tcell_dysfunction|tumor_dedifferentiation|IGHD2-2|IGHD3-10|coexpression_network	tcell_dysfunction	tumor_dedifferentiation	IGHD2-2	IGHD3-10	coexpression_network
primary_recist	melanoma_core_high_evidence	GSE91061	EcoNiche-Opt-WordNoBioObjective	word_no_bio_objective	tcell_dysfunction|tumor_dedifferentiation|PDCD1|IGHD3-10|coexpression_network	tcell_dysfunction	tumor_dedifferentiation	PDCD1	IGHD3-10	coexpression_network
primary_recist	melanoma_core_high_evidence	GSE91061	EcoNiche-Opt-WordNoBioObjective	word_no_bio_objective	tnk_effector|tnk_effector|CD8B|CXCL9|coexpression_network	tnk_effector	tnk_effector	CD8B	CXCL9	coexpression_network
primary_recist	melanoma_core_high_evidence	GSE91061	EcoNiche-Opt-WordNoBioObjective	word_no_bio_objective	tnk_effector|tnk_effector|CD8B|IFNG|coexpression_network	tnk_effector	tnk_effector	CD8B	IFNG	coexpression_network
primary_recist	melanoma_core_high_evidence	GSE91061	EcoNiche-Opt-WordNoBioObjective	word_no_bio_objective	tnk_effector|tumor_dedifferentiation|IGHD2-2|IGHD3-10|coexpression_network	tnk_effector	tumor_dedifferentiation	IGHD2-2	IGHD3-10	coexpression_network
primary_recist	melanoma_core_high_evidence	GSE91061	EcoNiche-Opt-WordNoBioObjective	word_no_bio_objective	tnk_effector|tumor_dedifferentiation|IGLV1-40|IGHD3-10|coexpression_network	tnk_effector	tumor_dedifferentiation	IGLV1-40	IGHD3-10	coexpression_network
primary_recist	melanoma_core_high_evidence	GSE91061	EcoNiche-Opt-WordNoBioObjective	word_no_bio_objective	tumor_dedifferentiation|tumor_dedifferentiation|AXL|VIM|coexpression_network	tumor_dedifferentiation	tumor_dedifferentiation	AXL	VIM	coexpression_network
primary_recist	melanoma_core_high_evidence	GSE91061	EcoNiche-Opt-WordNoBioObjective	word_no_bio_objective	tumor_dedifferentiation|tumor_dedifferentiation|IGHD3-10|VIM|coexpression_network	tumor_dedifferentiation	tumor_dedifferentiation	IGHD3-10	VIM	coexpression_network
primary_recist	melanoma_core_high_evidence	GSE78220	EcoNiche-Opt-WordFullGraph	word_full_graph	antigen_presentation_mhc|tnk_effector|HLA-A|B2M|pathway	antigen_presentation_mhc	tnk_effector	HLA-A	B2M	pathway
primary_recist	melanoma_core_high_evidence	GSE78220	EcoNiche-Opt-WordFullGraph	word_full_graph	tnk_effector|tnk_effector|GZMB|PRF1|pathway	tnk_effector	tnk_effector	GZMB	PRF1	pathway
primary_recist	melanoma_core_high_evidence	GSE78220	EcoNiche-Opt-WordFullGraph	word_full_graph	caf_ecm_exclusion|caf_ecm_exclusion|COL1A1|FN1|network	caf_ecm_exclusion	caf_ecm_exclusion	COL1A1	FN1	network
primary_recist	melanoma_core_high_evidence	GSE78220	EcoNiche-Opt-WordFullGraph	word_full_graph	antigen_presentation_mhc|antigen_presentation_mhc|PSMB8|TAP1|coexpression_network	antigen_presentation_mhc	antigen_presentation_mhc	PSMB8	TAP1	coexpression_network
primary_recist	melanoma_core_high_evidence	GSE78220	EcoNiche-Opt-WordFullGraph	word_full_graph	antigen_presentation_mhc|antigen_presentation_mhc|HLA-A|PSMB8|coexpression_network	antigen_presentation_mhc	antigen_presentation_mhc	HLA-A	PSMB8	coexpression_network
primary_recist	melanoma_core_high_evidence	GSE78220	EcoNiche-Opt-WordFullGraph	word_full_graph	antigen_presentation_mhc|caf_ecm_exclusion|HLA-DRB1|PRF1|coexpression_network	antigen_presentation_mhc	caf_ecm_exclusion	HLA-DRB1	PRF1	coexpression_network
primary_recist	melanoma_core_high_evidence	GSE78220	EcoNiche-Opt-WordFullGraph	word_full_graph	antigen_presentation_mhc|caf_ecm_exclusion|GZMB|PRF1|coexpression_network	antigen_presentation_mhc	caf_ecm_exclusion	GZMB	PRF1	coexpression_network
primary_recist	melanoma_core_high_evidence	GSE78220	EcoNiche-Opt-WordFullGraph	word_full_graph	antigen_presentation_mhc|myeloid_suppression|HLA-DRB1|ITGAM|coexpression_network	antigen_presentation_mhc	myeloid_suppression	HLA-DRB1	ITGAM	coexpression_network
primary_recist	melanoma_core_high_evidence	GSE78220	EcoNiche-Opt-WordFullGraph	word_full_graph	antigen_presentation_mhc|myeloid_suppression|HLA-DRB1|IL10|coexpression_network	antigen_presentation_mhc	myeloid_suppression	HLA-DRB1	IL10	coexpression_network
primary_recist	melanoma_core_high_evidence	GSE78220	EcoNiche-Opt-WordFullGraph	word_full_graph	antigen_presentation_mhc|tcell_dysfunction|TAP1|PDCD1|coexpression_network	antigen_presentation_mhc	tcell_dysfunction	TAP1	PDCD1	coexpression_network
primary_recist	melanoma_core_high_evidence	GSE78220	EcoNiche-Opt-WordFullGraph	word_full_graph	antigen_presentation_mhc|tcell_dysfunction|TOX|PDCD1|coexpression_network	antigen_presentation_mhc	tcell_dysfunction	TOX	PDCD1	coexpression_network
primary_recist	melanoma_core_high_evidence	GSE78220	EcoNiche-Opt-WordFullGraph	word_full_graph	antigen_presentation_mhc|tnk_effector|HLA-DRB1|PRF1|coexpression_network	antigen_presentation_mhc	tnk_effector	HLA-DRB1	PRF1	coexpression_network
primary_recist	melanoma_core_high_evidence	GSE78220	EcoNiche-Opt-WordFullGraph	word_full_graph	antigen_presentation_mhc|tnk_effector|GZMB|PRF1|coexpression_network	antigen_presentation_mhc	tnk_effector	GZMB	PRF1	coexpression_network
primary_recist	melanoma_core_high_evidence	GSE78220	EcoNiche-Opt-WordFullGraph	word_full_graph	antigen_presentation_mhc|tumor_dedifferentiation|HLA-DRB1|AXL|coexpression_network	antigen_presentation_mhc	tumor_dedifferentiation	HLA-DRB1	AXL	coexpression_network
primary_recist	melanoma_core_high_evidence	GSE78220	EcoNiche-Opt-WordFullGraph	word_full_graph	antigen_presentation_mhc|tumor_dedifferentiation|PSMB8|AXL|coexpression_network	antigen_presentation_mhc	tumor_dedifferentiation	PSMB8	AXL	coexpression_network
primary_recist	melanoma_core_high_evidence	GSE78220	EcoNiche-Opt-WordFullGraph	word_full_graph	caf_ecm_exclusion|caf_ecm_exclusion|COL1A1|FAP|coexpression_network	caf_ecm_exclusion	caf_ecm_exclusion	COL1A1	FAP	coexpression_network
primary_recist	melanoma_core_high_evidence	GSE78220	EcoNiche-Opt-WordFullGraph	word_full_graph	caf_ecm_exclusion|caf_ecm_exclusion|COL1A1|FN1|coexpression_network	caf_ecm_exclusion	caf_ecm_exclusion	COL1A1	FN1	coexpression_network
primary_recist	melanoma_core_high_evidence	GSE78220	EcoNiche-Opt-WordFullGraph	word_full_graph	caf_ecm_exclusion|myeloid_suppression|TGFB1|TGFB1|coexpression_network	caf_ecm_exclusion	myeloid_suppression	TGFB1	TGFB1	coexpression_network
primary_recist	melanoma_core_high_evidence	GSE78220	EcoNiche-Opt-WordFullGraph	word_full_graph	caf_ecm_exclusion|myeloid_suppression|CXCL13|CXCL13|coexpression_network	caf_ecm_exclusion	myeloid_suppression	CXCL13	CXCL13	coexpression_network
primary_recist	melanoma_core_high_evidence	GSE78220	EcoNiche-Opt-WordFullGraph	word_full_graph	caf_ecm_exclusion|tcell_dysfunction|PRF1|PDCD1|coexpression_network	caf_ecm_exclusion	tcell_dysfunction	PRF1	PDCD1	coexpression_network
primary_recist	melanoma_core_high_evidence	GSE78220	EcoNiche-Opt-WordFullGraph	word_full_graph	caf_ecm_exclusion|tcell_dysfunction|CXCL13|IGLV2-11|coexpression_network	caf_ecm_exclusion	tcell_dysfunction	CXCL13	IGLV2-11	coexpression_network
primary_recist	melanoma_core_high_evidence	GSE78220	EcoNiche-Opt-WordFullGraph	word_full_graph	caf_ecm_exclusion|tnk_effector|PRF1|PRF1|coexpression_network	caf_ecm_exclusion	tnk_effector	PRF1	PRF1	coexpression_network
primary_recist	melanoma_core_high_evidence	GSE78220	EcoNiche-Opt-WordFullGraph	word_full_graph	caf_ecm_exclusion|tnk_effector|CXCL13|CXCL13|coexpression_network	caf_ecm_exclusion	tnk_effector	CXCL13	CXCL13	coexpression_network
primary_recist	melanoma_core_high_evidence	GSE78220	EcoNiche-Opt-WordFullGraph	word_full_graph	caf_ecm_exclusion|tumor_dedifferentiation|FAP|AXL|coexpression_network	caf_ecm_exclusion	tumor_dedifferentiation	FAP	AXL	coexpression_network
primary_recist	melanoma_core_high_evidence	GSE78220	EcoNiche-Opt-WordFullGraph	word_full_graph	caf_ecm_exclusion|tumor_dedifferentiation|COL1A1|AXL|coexpression_network	caf_ecm_exclusion	tumor_dedifferentiation	COL1A1	AXL	coexpression_network
primary_recist	melanoma_core_high_evidence	GSE78220	EcoNiche-Opt-WordFullGraph	word_full_graph	myeloid_suppression|myeloid_suppression|IL10|ITGAM|coexpression_network	myeloid_suppression	myeloid_suppression	IL10	ITGAM	coexpression_network
primary_recist	melanoma_core_high_evidence	GSE78220	EcoNiche-Opt-WordFullGraph	word_full_graph	myeloid_suppression|myeloid_suppression|CD163|ITGAM|coexpression_network	myeloid_suppression	myeloid_suppression	CD163	ITGAM	coexpression_network
primary_recist	melanoma_core_high_evidence	GSE78220	EcoNiche-Opt-WordFullGraph	word_full_graph	myeloid_suppression|tcell_dysfunction|ITGAM|PDCD1|coexpression_network	myeloid_suppression	tcell_dysfunction	ITGAM	PDCD1	coexpression_network
primary_recist	melanoma_core_high_evidence	GSE78220	EcoNiche-Opt-WordFullGraph	word_full_graph	myeloid_suppression|tcell_dysfunction|TRAJ6|IGLV2-11|coexpression_network	myeloid_suppression	tcell_dysfunction	TRAJ6	IGLV2-11	coexpression_network
primary_recist	melanoma_core_high_evidence	GSE78220	EcoNiche-Opt-WordFullGraph	word_full_graph	myeloid_suppression|tnk_effector|CXCL13|CXCL13|coexpression_network	myeloid_suppression	tnk_effector	CXCL13	CXCL13	coexpression_network
primary_recist	melanoma_core_high_evidence	GSE78220	EcoNiche-Opt-WordFullGraph	word_full_graph	myeloid_suppression|tnk_effector|IGHV6-1|IGHV6-1|coexpression_network	myeloid_suppression	tnk_effector	IGHV6-1	IGHV6-1	coexpression_network
primary_recist	melanoma_core_high_evidence	GSE78220	EcoNiche-Opt-WordFullGraph	word_full_graph	myeloid_suppression|tumor_dedifferentiation|ITGAM|AXL|coexpression_network	myeloid_suppression	tumor_dedifferentiation	ITGAM	AXL	coexpression_network
primary_recist	melanoma_core_high_evidence	GSE78220	EcoNiche-Opt-WordFullGraph	word_full_graph	myeloid_suppression|tumor_dedifferentiation|TGFB1|AXL|coexpression_network	myeloid_suppression	tumor_dedifferentiation	TGFB1	AXL	coexpression_network
primary_recist	melanoma_core_high_evidence	GSE78220	EcoNiche-Opt-WordFullGraph	word_full_graph	tcell_dysfunction|tcell_dysfunction|PDCD1|RP11-444B24|coexpression_network	tcell_dysfunction	tcell_dysfunction	PDCD1	RP11-444B24	coexpression_network
primary_recist	melanoma_core_high_evidence	GSE78220	EcoNiche-Opt-WordFullGraph	word_full_graph	tcell_dysfunction|tcell_dysfunction|IGLV2-11|PDCD1|coexpression_network	tcell_dysfunction	tcell_dysfunction	IGLV2-11	PDCD1	coexpression_network
primary_recist	melanoma_core_high_evidence	GSE78220	EcoNiche-Opt-WordFullGraph	word_full_graph	tcell_dysfunction|tnk_effector|PDCD1|PRF1|coexpression_network	tcell_dysfunction	tnk_effector	PDCD1	PRF1	coexpression_network
primary_recist	melanoma_core_high_evidence	GSE78220	EcoNiche-Opt-WordFullGraph	word_full_graph	tcell_dysfunction|tnk_effector|IGLV2-11|CXCL13|coexpression_network	tcell_dysfunction	tnk_effector	IGLV2-11	CXCL13	coexpression_network
primary_recist	melanoma_core_high_evidence	GSE78220	EcoNiche-Opt-WordFullGraph	word_full_graph	tcell_dysfunction|tumor_dedifferentiation|PDCD1|AXL|coexpression_network	tcell_dysfunction	tumor_dedifferentiation	PDCD1	AXL	coexpression_network
primary_recist	melanoma_core_high_evidence	GSE78220	EcoNiche-Opt-WordFullGraph	word_full_graph	tnk_effector|tnk_effector|CXCL13|PRF1|coexpression_network	tnk_effector	tnk_effector	CXCL13	PRF1	coexpression_network
primary_recist	melanoma_core_high_evidence	GSE78220	EcoNiche-Opt-WordFullGraph	word_full_graph	tnk_effector|tnk_effector|IGHV6-1|PRF1|coexpression_network	tnk_effector	tnk_effector	IGHV6-1	PRF1	coexpression_network
primary_recist	melanoma_core_high_evidence	GSE78220	EcoNiche-Opt-WordFullGraph	word_full_graph	tnk_effector|tumor_dedifferentiation|PRF1|AXL|coexpression_network	tnk_effector	tumor_dedifferentiation	PRF1	AXL	coexpression_network
primary_recist	melanoma_core_high_evidence	GSE78220	EcoNiche-Opt-WordFullGraph	word_full_graph	tnk_effector|tumor_dedifferentiation|CXCL13|AXL|coexpression_network	tnk_effector	tumor_dedifferentiation	CXCL13	AXL	coexpression_network
primary_recist	melanoma_core_high_evidence	GSE78220	EcoNiche-Opt-WordFullGraph	word_full_graph	tumor_dedifferentiation|tumor_dedifferentiation|AXL|NGFR|coexpression_network	tumor_dedifferentiation	tumor_dedifferentiation	AXL	NGFR	coexpression_network
primary_recist	melanoma_core_high_evidence	GSE78220	EcoNiche-Opt-WordFullGraph	word_full_graph	tumor_dedifferentiation|tumor_dedifferentiation|ITGA3|NGFR|coexpression_network	tumor_dedifferentiation	tumor_dedifferentiation	ITGA3	NGFR	coexpression_network
primary_recist	melanoma_core_high_evidence	GSE78220	EcoNiche-Opt-WordUnsignedGraph	word_unsigned_graph	tnk_effector|tnk_effector|GZMB|PRF1|pathway	tnk_effector	tnk_effector	GZMB	PRF1	pathway
primary_recist	melanoma_core_high_evidence	GSE78220	EcoNiche-Opt-WordUnsignedGraph	word_unsigned_graph	tcell_dysfunction|tcell_dysfunction|PDCD1|LAG3|checkpoint	tcell_dysfunction	tcell_dysfunction	PDCD1	LAG3	checkpoint
primary_recist	melanoma_core_high_evidence	GSE78220	EcoNiche-Opt-WordUnsignedGraph	word_unsigned_graph	tnk_effector|antigen_presentation_mhc|IFNG|HLA-A|regulatory	tnk_effector	antigen_presentation_mhc	IFNG	HLA-A	regulatory
primary_recist	melanoma_core_high_evidence	GSE78220	EcoNiche-Opt-WordUnsignedGraph	word_unsigned_graph	antigen_presentation_mhc|antigen_presentation_mhc|PDCD1|PSMB9|coexpression_network	antigen_presentation_mhc	antigen_presentation_mhc	PDCD1	PSMB9	coexpression_network
primary_recist	melanoma_core_high_evidence	GSE78220	EcoNiche-Opt-WordUnsignedGraph	word_unsigned_graph	antigen_presentation_mhc|antigen_presentation_mhc|HLA-A|PSMB9|coexpression_network	antigen_presentation_mhc	antigen_presentation_mhc	HLA-A	PSMB9	coexpression_network
primary_recist	melanoma_core_high_evidence	GSE78220	EcoNiche-Opt-WordUnsignedGraph	word_unsigned_graph	antigen_presentation_mhc|caf_ecm_exclusion|FRMPD3|FRMPD3|coexpression_network	antigen_presentation_mhc	caf_ecm_exclusion	FRMPD3	FRMPD3	coexpression_network
primary_recist	melanoma_core_high_evidence	GSE78220	EcoNiche-Opt-WordUnsignedGraph	word_unsigned_graph	antigen_presentation_mhc|caf_ecm_exclusion|PDCD1|LAG3|coexpression_network	antigen_presentation_mhc	caf_ecm_exclusion	PDCD1	LAG3	coexpression_network
primary_recist	melanoma_core_high_evidence	GSE78220	EcoNiche-Opt-WordUnsignedGraph	word_unsigned_graph	antigen_presentation_mhc|myeloid_suppression|PSMB9|TOX|coexpression_network	antigen_presentation_mhc	myeloid_suppression	PSMB9	TOX	coexpression_network
primary_recist	melanoma_core_high_evidence	GSE78220	EcoNiche-Opt-WordUnsignedGraph	word_unsigned_graph	antigen_presentation_mhc|myeloid_suppression|PDCD1|TOX|coexpression_network	antigen_presentation_mhc	myeloid_suppression	PDCD1	TOX	coexpression_network
primary_recist	melanoma_core_high_evidence	GSE78220	EcoNiche-Opt-WordUnsignedGraph	word_unsigned_graph	antigen_presentation_mhc|tcell_dysfunction|PDCD1|PDCD1|coexpression_network	antigen_presentation_mhc	tcell_dysfunction	PDCD1	PDCD1	coexpression_network
primary_recist	melanoma_core_high_evidence	GSE78220	EcoNiche-Opt-WordUnsignedGraph	word_unsigned_graph	antigen_presentation_mhc|tcell_dysfunction|IGLV2-11|IGLV2-11|coexpression_network	antigen_presentation_mhc	tcell_dysfunction	IGLV2-11	IGLV2-11	coexpression_network
primary_recist	melanoma_core_high_evidence	GSE78220	EcoNiche-Opt-WordUnsignedGraph	word_unsigned_graph	antigen_presentation_mhc|tnk_effector|PDCD1|PDCD1|coexpression_network	antigen_presentation_mhc	tnk_effector	PDCD1	PDCD1	coexpression_network
primary_recist	melanoma_core_high_evidence	GSE78220	EcoNiche-Opt-WordUnsignedGraph	word_unsigned_graph	antigen_presentation_mhc|tnk_effector|IGHV6-1|IGHV6-1|coexpression_network	antigen_presentation_mhc	tnk_effector	IGHV6-1	IGHV6-1	coexpression_network
primary_recist	melanoma_core_high_evidence	GSE78220	EcoNiche-Opt-WordUnsignedGraph	word_unsigned_graph	antigen_presentation_mhc|tumor_dedifferentiation|PDCD1|LAG3|coexpression_network	antigen_presentation_mhc	tumor_dedifferentiation	PDCD1	LAG3	coexpression_network
primary_recist	melanoma_core_high_evidence	GSE78220	EcoNiche-Opt-WordUnsignedGraph	word_unsigned_graph	antigen_presentation_mhc|tumor_dedifferentiation|PSMB9|LAG3|coexpression_network	antigen_presentation_mhc	tumor_dedifferentiation	PSMB9	LAG3	coexpression_network
primary_recist	melanoma_core_high_evidence	GSE78220	EcoNiche-Opt-WordUnsignedGraph	word_unsigned_graph	caf_ecm_exclusion|caf_ecm_exclusion|ACTA2|COL1A2|coexpression_network	caf_ecm_exclusion	caf_ecm_exclusion	ACTA2	COL1A2	coexpression_network
primary_recist	melanoma_core_high_evidence	GSE78220	EcoNiche-Opt-WordUnsignedGraph	word_unsigned_graph	caf_ecm_exclusion|caf_ecm_exclusion|FRMPD3|LAG3|coexpression_network	caf_ecm_exclusion	caf_ecm_exclusion	FRMPD3	LAG3	coexpression_network
primary_recist	melanoma_core_high_evidence	GSE78220	EcoNiche-Opt-WordUnsignedGraph	word_unsigned_graph	caf_ecm_exclusion|myeloid_suppression|LAG3|IFNG|coexpression_network	caf_ecm_exclusion	myeloid_suppression	LAG3	IFNG	coexpression_network
primary_recist	melanoma_core_high_evidence	GSE78220	EcoNiche-Opt-WordUnsignedGraph	word_unsigned_graph	caf_ecm_exclusion|myeloid_suppression|LAG3|TOX|coexpression_network	caf_ecm_exclusion	myeloid_suppression	LAG3	TOX	coexpression_network
primary_recist	melanoma_core_high_evidence	GSE78220	EcoNiche-Opt-WordUnsignedGraph	word_unsigned_graph	caf_ecm_exclusion|tcell_dysfunction|LAG3|LAG3|coexpression_network	caf_ecm_exclusion	tcell_dysfunction	LAG3	LAG3	coexpression_network
primary_recist	melanoma_core_high_evidence	GSE78220	EcoNiche-Opt-WordUnsignedGraph	word_unsigned_graph	caf_ecm_exclusion|tcell_dysfunction|FRMPD3|FRMPD3|coexpression_network	caf_ecm_exclusion	tcell_dysfunction	FRMPD3	FRMPD3	coexpression_network
primary_recist	melanoma_core_high_evidence	GSE78220	EcoNiche-Opt-WordUnsignedGraph	word_unsigned_graph	caf_ecm_exclusion|tnk_effector|RP11-444B24|RP11-444B24|coexpression_network	caf_ecm_exclusion	tnk_effector	RP11-444B24	RP11-444B24	coexpression_network
primary_recist	melanoma_core_high_evidence	GSE78220	EcoNiche-Opt-WordUnsignedGraph	word_unsigned_graph	caf_ecm_exclusion|tnk_effector|TRAJ6|TRAJ6|coexpression_network	caf_ecm_exclusion	tnk_effector	TRAJ6	TRAJ6	coexpression_network
primary_recist	melanoma_core_high_evidence	GSE78220	EcoNiche-Opt-WordUnsignedGraph	word_unsigned_graph	caf_ecm_exclusion|tumor_dedifferentiation|LAG3|LAG3|coexpression_network	caf_ecm_exclusion	tumor_dedifferentiation	LAG3	LAG3	coexpression_network
primary_recist	melanoma_core_high_evidence	GSE78220	EcoNiche-Opt-WordUnsignedGraph	word_unsigned_graph	caf_ecm_exclusion|tumor_dedifferentiation|COL1A2|AXL|coexpression_network	caf_ecm_exclusion	tumor_dedifferentiation	COL1A2	AXL	coexpression_network
primary_recist	melanoma_core_high_evidence	GSE78220	EcoNiche-Opt-WordUnsignedGraph	word_unsigned_graph	myeloid_suppression|myeloid_suppression|CSF1R|TGFB1|coexpression_network	myeloid_suppression	myeloid_suppression	CSF1R	TGFB1	coexpression_network
primary_recist	melanoma_core_high_evidence	GSE78220	EcoNiche-Opt-WordUnsignedGraph	word_unsigned_graph	myeloid_suppression|myeloid_suppression|IFNG|TOX|coexpression_network	myeloid_suppression	myeloid_suppression	IFNG	TOX	coexpression_network
primary_recist	melanoma_core_high_evidence	GSE78220	EcoNiche-Opt-WordUnsignedGraph	word_unsigned_graph	myeloid_suppression|tcell_dysfunction|TOX|PDCD1|coexpression_network	myeloid_suppression	tcell_dysfunction	TOX	PDCD1	coexpression_network
primary_recist	melanoma_core_high_evidence	GSE78220	EcoNiche-Opt-WordUnsignedGraph	word_unsigned_graph	myeloid_suppression|tcell_dysfunction|IFNG|PRF1|coexpression_network	myeloid_suppression	tcell_dysfunction	IFNG	PRF1	coexpression_network
primary_recist	melanoma_core_high_evidence	GSE78220	EcoNiche-Opt-WordUnsignedGraph	word_unsigned_graph	myeloid_suppression|tnk_effector|IFNG|IFNG|coexpression_network	myeloid_suppression	tnk_effector	IFNG	IFNG	coexpression_network
primary_recist	melanoma_core_high_evidence	GSE78220	EcoNiche-Opt-WordUnsignedGraph	word_unsigned_graph	myeloid_suppression|tnk_effector|TOX|PDCD1|coexpression_network	myeloid_suppression	tnk_effector	TOX	PDCD1	coexpression_network
primary_recist	melanoma_core_high_evidence	GSE78220	EcoNiche-Opt-WordUnsignedGraph	word_unsigned_graph	myeloid_suppression|tumor_dedifferentiation|IFNG|LAG3|coexpression_network	myeloid_suppression	tumor_dedifferentiation	IFNG	LAG3	coexpression_network
primary_recist	melanoma_core_high_evidence	GSE78220	EcoNiche-Opt-WordUnsignedGraph	word_unsigned_graph	myeloid_suppression|tumor_dedifferentiation|TOX|LAG3|coexpression_network	myeloid_suppression	tumor_dedifferentiation	TOX	LAG3	coexpression_network
primary_recist	melanoma_core_high_evidence	GSE78220	EcoNiche-Opt-WordUnsignedGraph	word_unsigned_graph	tcell_dysfunction|tcell_dysfunction|PDCD1|PRF1|coexpression_network	tcell_dysfunction	tcell_dysfunction	PDCD1	PRF1	coexpression_network
primary_recist	melanoma_core_high_evidence	GSE78220	EcoNiche-Opt-WordUnsignedGraph	word_unsigned_graph	tcell_dysfunction|tcell_dysfunction|LAG3|PRF1|coexpression_network	tcell_dysfunction	tcell_dysfunction	LAG3	PRF1	coexpression_network
primary_recist	melanoma_core_high_evidence	GSE78220	EcoNiche-Opt-WordUnsignedGraph	word_unsigned_graph	tcell_dysfunction|tnk_effector|PRF1|PRF1|coexpression_network	tcell_dysfunction	tnk_effector	PRF1	PRF1	coexpression_network
primary_recist	melanoma_core_high_evidence	GSE78220	EcoNiche-Opt-WordUnsignedGraph	word_unsigned_graph	tcell_dysfunction|tnk_effector|PDCD1|PDCD1|coexpression_network	tcell_dysfunction	tnk_effector	PDCD1	PDCD1	coexpression_network
primary_recist	melanoma_core_high_evidence	GSE78220	EcoNiche-Opt-WordUnsignedGraph	word_unsigned_graph	tcell_dysfunction|tumor_dedifferentiation|LAG3|LAG3|coexpression_network	tcell_dysfunction	tumor_dedifferentiation	LAG3	LAG3	coexpression_network
primary_recist	melanoma_core_high_evidence	GSE78220	EcoNiche-Opt-WordUnsignedGraph	word_unsigned_graph	tcell_dysfunction|tumor_dedifferentiation|PRF1|LAG3|coexpression_network	tcell_dysfunction	tumor_dedifferentiation	PRF1	LAG3	coexpression_network
primary_recist	melanoma_core_high_evidence	GSE78220	EcoNiche-Opt-WordUnsignedGraph	word_unsigned_graph	tnk_effector|tnk_effector|PDCD1|PRF1|coexpression_network	tnk_effector	tnk_effector	PDCD1	PRF1	coexpression_network
primary_recist	melanoma_core_high_evidence	GSE78220	EcoNiche-Opt-WordUnsignedGraph	word_unsigned_graph	tnk_effector|tnk_effector|IFNG|PRF1|coexpression_network	tnk_effector	tnk_effector	IFNG	PRF1	coexpression_network
primary_recist	melanoma_core_high_evidence	GSE78220	EcoNiche-Opt-WordUnsignedGraph	word_unsigned_graph	tnk_effector|tumor_dedifferentiation|PRF1|LAG3|coexpression_network	tnk_effector	tumor_dedifferentiation	PRF1	LAG3	coexpression_network
primary_recist	melanoma_core_high_evidence	GSE78220	EcoNiche-Opt-WordUnsignedGraph	word_unsigned_graph	tnk_effector|tumor_dedifferentiation|PDCD1|LAG3|coexpression_network	tnk_effector	tumor_dedifferentiation	PDCD1	LAG3	coexpression_network
primary_recist	melanoma_core_high_evidence	GSE78220	EcoNiche-Opt-WordUnsignedGraph	word_unsigned_graph	tumor_dedifferentiation|tumor_dedifferentiation|AXL|SOX10|coexpression_network	tumor_dedifferentiation	tumor_dedifferentiation	AXL	SOX10	coexpression_network
primary_recist	melanoma_core_high_evidence	GSE78220	EcoNiche-Opt-WordUnsignedGraph	word_unsigned_graph	tumor_dedifferentiation|tumor_dedifferentiation|LAG3|TRAJ1|coexpression_network	tumor_dedifferentiation	tumor_dedifferentiation	LAG3	TRAJ1	coexpression_network
primary_recist	melanoma_core_high_evidence	GSE78220	EcoNiche-Opt-WordNoBioObjective	word_no_bio_objective	antigen_presentation_mhc|tnk_effector|HLA-A|B2M|pathway	antigen_presentation_mhc	tnk_effector	HLA-A	B2M	pathway
primary_recist	melanoma_core_high_evidence	GSE78220	EcoNiche-Opt-WordNoBioObjective	word_no_bio_objective	tcell_dysfunction|tcell_dysfunction|PDCD1|LAG3|checkpoint	tcell_dysfunction	tcell_dysfunction	PDCD1	LAG3	checkpoint
primary_recist	melanoma_core_high_evidence	GSE78220	EcoNiche-Opt-WordNoBioObjective	word_no_bio_objective	antigen_presentation_mhc|caf_ecm_exclusion|HLA-A|COL1A2|coexpression_network	antigen_presentation_mhc	caf_ecm_exclusion	HLA-A	COL1A2	coexpression_network
primary_recist	melanoma_core_high_evidence	GSE78220	EcoNiche-Opt-WordNoBioObjective	word_no_bio_objective	antigen_presentation_mhc|caf_ecm_exclusion|RP11-444B24|CXCL13|coexpression_network	antigen_presentation_mhc	caf_ecm_exclusion	RP11-444B24	CXCL13	coexpression_network
primary_recist	melanoma_core_high_evidence	GSE78220	EcoNiche-Opt-WordNoBioObjective	word_no_bio_objective	antigen_presentation_mhc|myeloid_suppression|RP11-444B24|RP11-444B24|coexpression_network	antigen_presentation_mhc	myeloid_suppression	RP11-444B24	RP11-444B24	coexpression_network
primary_recist	melanoma_core_high_evidence	GSE78220	EcoNiche-Opt-WordNoBioObjective	word_no_bio_objective	antigen_presentation_mhc|myeloid_suppression|HLA-A|TGFB1|coexpression_network	antigen_presentation_mhc	myeloid_suppression	HLA-A	TGFB1	coexpression_network
primary_recist	melanoma_core_high_evidence	GSE78220	EcoNiche-Opt-WordNoBioObjective	word_no_bio_objective	antigen_presentation_mhc|tcell_dysfunction|HLA-A|PDCD1|coexpression_network	antigen_presentation_mhc	tcell_dysfunction	HLA-A	PDCD1	coexpression_network
primary_recist	melanoma_core_high_evidence	GSE78220	EcoNiche-Opt-WordNoBioObjective	word_no_bio_objective	antigen_presentation_mhc|tcell_dysfunction|HLA-A|LAG3|coexpression_network	antigen_presentation_mhc	tcell_dysfunction	HLA-A	LAG3	coexpression_network
primary_recist	melanoma_core_high_evidence	GSE78220	EcoNiche-Opt-WordNoBioObjective	word_no_bio_objective	antigen_presentation_mhc|tnk_effector|HLA-A|PRF1|coexpression_network	antigen_presentation_mhc	tnk_effector	HLA-A	PRF1	coexpression_network
primary_recist	melanoma_core_high_evidence	GSE78220	EcoNiche-Opt-WordNoBioObjective	word_no_bio_objective	antigen_presentation_mhc|tnk_effector|HLA-A|CD8A|coexpression_network	antigen_presentation_mhc	tnk_effector	HLA-A	CD8A	coexpression_network
primary_recist	melanoma_core_high_evidence	GSE78220	EcoNiche-Opt-WordNoBioObjective	word_no_bio_objective	antigen_presentation_mhc|tumor_dedifferentiation|HLA-A|PDCD1|coexpression_network	antigen_presentation_mhc	tumor_dedifferentiation	HLA-A	PDCD1	coexpression_network
primary_recist	melanoma_core_high_evidence	GSE78220	EcoNiche-Opt-WordNoBioObjective	word_no_bio_objective	antigen_presentation_mhc|tumor_dedifferentiation|HLA-A|AXL|coexpression_network	antigen_presentation_mhc	tumor_dedifferentiation	HLA-A	AXL	coexpression_network
primary_recist	melanoma_core_high_evidence	GSE78220	EcoNiche-Opt-WordNoBioObjective	word_no_bio_objective	caf_ecm_exclusion|caf_ecm_exclusion|ACTA2|COL1A2|coexpression_network	caf_ecm_exclusion	caf_ecm_exclusion	ACTA2	COL1A2	coexpression_network
primary_recist	melanoma_core_high_evidence	GSE78220	EcoNiche-Opt-WordNoBioObjective	word_no_bio_objective	caf_ecm_exclusion|caf_ecm_exclusion|COL1A2|FN1|coexpression_network	caf_ecm_exclusion	caf_ecm_exclusion	COL1A2	FN1	coexpression_network
primary_recist	melanoma_core_high_evidence	GSE78220	EcoNiche-Opt-WordNoBioObjective	word_no_bio_objective	caf_ecm_exclusion|myeloid_suppression|CXCL13|RP11-444B24|coexpression_network	caf_ecm_exclusion	myeloid_suppression	CXCL13	RP11-444B24	coexpression_network
primary_recist	melanoma_core_high_evidence	GSE78220	EcoNiche-Opt-WordNoBioObjective	word_no_bio_objective	caf_ecm_exclusion|myeloid_suppression|FRMPD3|IGHV6-1|coexpression_network	caf_ecm_exclusion	myeloid_suppression	FRMPD3	IGHV6-1	coexpression_network
primary_recist	melanoma_core_high_evidence	GSE78220	EcoNiche-Opt-WordNoBioObjective	word_no_bio_objective	caf_ecm_exclusion|tcell_dysfunction|CXCL13|CXCL13|coexpression_network	caf_ecm_exclusion	tcell_dysfunction	CXCL13	CXCL13	coexpression_network
primary_recist	melanoma_core_high_evidence	GSE78220	EcoNiche-Opt-WordNoBioObjective	word_no_bio_objective	caf_ecm_exclusion|tcell_dysfunction|CXCL13|TIGIT|coexpression_network	caf_ecm_exclusion	tcell_dysfunction	CXCL13	TIGIT	coexpression_network
primary_recist	melanoma_core_high_evidence	GSE78220	EcoNiche-Opt-WordNoBioObjective	word_no_bio_objective	caf_ecm_exclusion|tnk_effector|CXCL13|CD8A|coexpression_network	caf_ecm_exclusion	tnk_effector	CXCL13	CD8A	coexpression_network
primary_recist	melanoma_core_high_evidence	GSE78220	EcoNiche-Opt-WordNoBioObjective	word_no_bio_objective	caf_ecm_exclusion|tnk_effector|CXCL13|CCL5|coexpression_network	caf_ecm_exclusion	tnk_effector	CXCL13	CCL5	coexpression_network
primary_recist	melanoma_core_high_evidence	GSE78220	EcoNiche-Opt-WordNoBioObjective	word_no_bio_objective	caf_ecm_exclusion|tumor_dedifferentiation|FRMPD3|PDCD1|coexpression_network	caf_ecm_exclusion	tumor_dedifferentiation	FRMPD3	PDCD1	coexpression_network
primary_recist	melanoma_core_high_evidence	GSE78220	EcoNiche-Opt-WordNoBioObjective	word_no_bio_objective	caf_ecm_exclusion|tumor_dedifferentiation|COL1A2|AXL|coexpression_network	caf_ecm_exclusion	tumor_dedifferentiation	COL1A2	AXL	coexpression_network
primary_recist	melanoma_core_high_evidence	GSE78220	EcoNiche-Opt-WordNoBioObjective	word_no_bio_objective	myeloid_suppression|myeloid_suppression|IGHV6-1|RP11-444B24|coexpression_network	myeloid_suppression	myeloid_suppression	IGHV6-1	RP11-444B24	coexpression_network
primary_recist	melanoma_core_high_evidence	GSE78220	EcoNiche-Opt-WordNoBioObjective	word_no_bio_objective	myeloid_suppression|tcell_dysfunction|IGHV6-1|IGKV4-1|coexpression_network	myeloid_suppression	tcell_dysfunction	IGHV6-1	IGKV4-1	coexpression_network
primary_recist	melanoma_core_high_evidence	GSE78220	EcoNiche-Opt-WordNoBioObjective	word_no_bio_objective	myeloid_suppression|tcell_dysfunction|TGFB1|LAG3|coexpression_network	myeloid_suppression	tcell_dysfunction	TGFB1	LAG3	coexpression_network
primary_recist	melanoma_core_high_evidence	GSE78220	EcoNiche-Opt-WordNoBioObjective	word_no_bio_objective	myeloid_suppression|tnk_effector|TGFB1|PRF1|coexpression_network	myeloid_suppression	tnk_effector	TGFB1	PRF1	coexpression_network
primary_recist	melanoma_core_high_evidence	GSE78220	EcoNiche-Opt-WordNoBioObjective	word_no_bio_objective	myeloid_suppression|tnk_effector|IGHV6-1|NKG7|coexpression_network	myeloid_suppression	tnk_effector	IGHV6-1	NKG7	coexpression_network
primary_recist	melanoma_core_high_evidence	GSE78220	EcoNiche-Opt-WordNoBioObjective	word_no_bio_objective	myeloid_suppression|tumor_dedifferentiation|TGFB1|AXL|coexpression_network	myeloid_suppression	tumor_dedifferentiation	TGFB1	AXL	coexpression_network
primary_recist	melanoma_core_high_evidence	GSE78220	EcoNiche-Opt-WordNoBioObjective	word_no_bio_objective	myeloid_suppression|tumor_dedifferentiation|RP11-444B24|PDCD1|coexpression_network	myeloid_suppression	tumor_dedifferentiation	RP11-444B24	PDCD1	coexpression_network
primary_recist	melanoma_core_high_evidence	GSE78220	EcoNiche-Opt-WordNoBioObjective	word_no_bio_objective	tcell_dysfunction|tcell_dysfunction|CD8A|PDCD1|coexpression_network	tcell_dysfunction	tcell_dysfunction	CD8A	PDCD1	coexpression_network
primary_recist	melanoma_core_high_evidence	GSE78220	EcoNiche-Opt-WordNoBioObjective	word_no_bio_objective	tcell_dysfunction|tcell_dysfunction|CD8A|LAG3|coexpression_network	tcell_dysfunction	tcell_dysfunction	CD8A	LAG3	coexpression_network
primary_recist	melanoma_core_high_evidence	GSE78220	EcoNiche-Opt-WordNoBioObjective	word_no_bio_objective	tcell_dysfunction|tnk_effector|CD8A|CD8A|coexpression_network	tcell_dysfunction	tnk_effector	CD8A	CD8A	coexpression_network
primary_recist	melanoma_core_high_evidence	GSE78220	EcoNiche-Opt-WordNoBioObjective	word_no_bio_objective	tcell_dysfunction|tnk_effector|CD8A|PRF1|coexpression_network	tcell_dysfunction	tnk_effector	CD8A	PRF1	coexpression_network
primary_recist	melanoma_core_high_evidence	GSE78220	EcoNiche-Opt-WordNoBioObjective	word_no_bio_objective	tcell_dysfunction|tumor_dedifferentiation|PDCD1|PDCD1|coexpression_network	tcell_dysfunction	tumor_dedifferentiation	PDCD1	PDCD1	coexpression_network
primary_recist	melanoma_core_high_evidence	GSE78220	EcoNiche-Opt-WordNoBioObjective	word_no_bio_objective	tcell_dysfunction|tumor_dedifferentiation|CD8A|PDCD1|coexpression_network	tcell_dysfunction	tumor_dedifferentiation	CD8A	PDCD1	coexpression_network
primary_recist	melanoma_core_high_evidence	GSE78220	EcoNiche-Opt-WordNoBioObjective	word_no_bio_objective	tnk_effector|tnk_effector|CD8A|PRF1|coexpression_network	tnk_effector	tnk_effector	CD8A	PRF1	coexpression_network
primary_recist	melanoma_core_high_evidence	GSE78220	EcoNiche-Opt-WordNoBioObjective	word_no_bio_objective	tnk_effector|tnk_effector|CCL5|NKG7|coexpression_network	tnk_effector	tnk_effector	CCL5	NKG7	coexpression_network
primary_recist	melanoma_core_high_evidence	GSE78220	EcoNiche-Opt-WordNoBioObjective	word_no_bio_objective	tnk_effector|tumor_dedifferentiation|PRF1|PDCD1|coexpression_network	tnk_effector	tumor_dedifferentiation	PRF1	PDCD1	coexpression_network
primary_recist	melanoma_core_high_evidence	GSE78220	EcoNiche-Opt-WordNoBioObjective	word_no_bio_objective	tnk_effector|tumor_dedifferentiation|CD8A|PDCD1|coexpression_network	tnk_effector	tumor_dedifferentiation	CD8A	PDCD1	coexpression_network
primary_recist	melanoma_core_high_evidence	GSE78220	EcoNiche-Opt-WordNoBioObjective	word_no_bio_objective	tumor_dedifferentiation|tumor_dedifferentiation|CTLA4|PDCD1|coexpression_network	tumor_dedifferentiation	tumor_dedifferentiation	CTLA4	PDCD1	coexpression_network
primary_recist	melanoma_core_high_evidence	GSE78220	EcoNiche-Opt-WordNoBioObjective	word_no_bio_objective	tumor_dedifferentiation|tumor_dedifferentiation|AXL|PDCD1|coexpression_network	tumor_dedifferentiation	tumor_dedifferentiation	AXL	PDCD1	coexpression_network
primary_recist	melanoma_core_high_evidence	PRJEB23709_PD1_PRE	EcoNiche-Opt-WordFullGraph	word_full_graph	antigen_presentation_mhc|antigen_presentation_mhc|PSMB9|TAP1|coexpression_network	antigen_presentation_mhc	antigen_presentation_mhc	PSMB9	TAP1	coexpression_network
primary_recist	melanoma_core_high_evidence	PRJEB23709_PD1_PRE	EcoNiche-Opt-WordFullGraph	word_full_graph	antigen_presentation_mhc|antigen_presentation_mhc|LINC00945|LOC102724050|coexpression_network	antigen_presentation_mhc	antigen_presentation_mhc	LINC00945	LOC102724050	coexpression_network
primary_recist	melanoma_core_high_evidence	PRJEB23709_PD1_PRE	EcoNiche-Opt-WordFullGraph	word_full_graph	antigen_presentation_mhc|caf_ecm_exclusion|LOC102724050|RASGRF2-AS1|coexpression_network	antigen_presentation_mhc	caf_ecm_exclusion	LOC102724050	RASGRF2-AS1	coexpression_network
primary_recist	melanoma_core_high_evidence	PRJEB23709_PD1_PRE	EcoNiche-Opt-WordFullGraph	word_full_graph	antigen_presentation_mhc|caf_ecm_exclusion|LOC102724050|H1F0|coexpression_network	antigen_presentation_mhc	caf_ecm_exclusion	LOC102724050	H1F0	coexpression_network
primary_recist	melanoma_core_high_evidence	PRJEB23709_PD1_PRE	EcoNiche-Opt-WordFullGraph	word_full_graph	antigen_presentation_mhc|myeloid_suppression|LINC00945|LINC00945|coexpression_network	antigen_presentation_mhc	myeloid_suppression	LINC00945	LINC00945	coexpression_network
primary_recist	melanoma_core_high_evidence	PRJEB23709_PD1_PRE	EcoNiche-Opt-WordFullGraph	word_full_graph	antigen_presentation_mhc|myeloid_suppression|LOC102724050|IL10|coexpression_network	antigen_presentation_mhc	myeloid_suppression	LOC102724050	IL10	coexpression_network
primary_recist	melanoma_core_high_evidence	PRJEB23709_PD1_PRE	EcoNiche-Opt-WordFullGraph	word_full_graph	antigen_presentation_mhc|tcell_dysfunction|LINC00945|LINC00945|coexpression_network	antigen_presentation_mhc	tcell_dysfunction	LINC00945	LINC00945	coexpression_network
primary_recist	melanoma_core_high_evidence	PRJEB23709_PD1_PRE	EcoNiche-Opt-WordFullGraph	word_full_graph	antigen_presentation_mhc|tcell_dysfunction|PSMB9|PDCD1|coexpression_network	antigen_presentation_mhc	tcell_dysfunction	PSMB9	PDCD1	coexpression_network
primary_recist	melanoma_core_high_evidence	PRJEB23709_PD1_PRE	EcoNiche-Opt-WordFullGraph	word_full_graph	antigen_presentation_mhc|tnk_effector|LINC00945|LINC00945|coexpression_network	antigen_presentation_mhc	tnk_effector	LINC00945	LINC00945	coexpression_network
primary_recist	melanoma_core_high_evidence	PRJEB23709_PD1_PRE	EcoNiche-Opt-WordFullGraph	word_full_graph	antigen_presentation_mhc|tnk_effector|TAP1|PRF1|coexpression_network	antigen_presentation_mhc	tnk_effector	TAP1	PRF1	coexpression_network
primary_recist	melanoma_core_high_evidence	PRJEB23709_PD1_PRE	EcoNiche-Opt-WordFullGraph	word_full_graph	antigen_presentation_mhc|tumor_dedifferentiation|LOC102724050|LOC102724050|coexpression_network	antigen_presentation_mhc	tumor_dedifferentiation	LOC102724050	LOC102724050	coexpression_network
primary_recist	melanoma_core_high_evidence	PRJEB23709_PD1_PRE	EcoNiche-Opt-WordFullGraph	word_full_graph	antigen_presentation_mhc|tumor_dedifferentiation|LOC102724050|RASGRF2-AS1|coexpression_network	antigen_presentation_mhc	tumor_dedifferentiation	LOC102724050	RASGRF2-AS1	coexpression_network
primary_recist	melanoma_core_high_evidence	PRJEB23709_PD1_PRE	EcoNiche-Opt-WordFullGraph	word_full_graph	caf_ecm_exclusion|caf_ecm_exclusion|H1F0|LOXL2|coexpression_network	caf_ecm_exclusion	caf_ecm_exclusion	H1F0	LOXL2	coexpression_network
primary_recist	melanoma_core_high_evidence	PRJEB23709_PD1_PRE	EcoNiche-Opt-WordFullGraph	word_full_graph	caf_ecm_exclusion|myeloid_suppression|H1F0|LOC100507600|coexpression_network	caf_ecm_exclusion	myeloid_suppression	H1F0	LOC100507600	coexpression_network
primary_recist	melanoma_core_high_evidence	PRJEB23709_PD1_PRE	EcoNiche-Opt-WordFullGraph	word_full_graph	caf_ecm_exclusion|myeloid_suppression|H1F0|LOC101927843|coexpression_network	caf_ecm_exclusion	myeloid_suppression	H1F0	LOC101927843	coexpression_network
primary_recist	melanoma_core_high_evidence	PRJEB23709_PD1_PRE	EcoNiche-Opt-WordFullGraph	word_full_graph	caf_ecm_exclusion|tcell_dysfunction|H1F0|LOC100507600|coexpression_network	caf_ecm_exclusion	tcell_dysfunction	H1F0	LOC100507600	coexpression_network
primary_recist	melanoma_core_high_evidence	PRJEB23709_PD1_PRE	EcoNiche-Opt-WordFullGraph	word_full_graph	caf_ecm_exclusion|tcell_dysfunction|H1F0|WISP1|coexpression_network	caf_ecm_exclusion	tcell_dysfunction	H1F0	WISP1	coexpression_network
primary_recist	melanoma_core_high_evidence	PRJEB23709_PD1_PRE	EcoNiche-Opt-WordFullGraph	word_full_graph	caf_ecm_exclusion|tnk_effector|RASGRF2-AS1|RASGRF2-AS1|coexpression_network	caf_ecm_exclusion	tnk_effector	RASGRF2-AS1	RASGRF2-AS1	coexpression_network
primary_recist	melanoma_core_high_evidence	PRJEB23709_PD1_PRE	EcoNiche-Opt-WordFullGraph	word_full_graph	caf_ecm_exclusion|tnk_effector|H1F0|WISP1|coexpression_network	caf_ecm_exclusion	tnk_effector	H1F0	WISP1	coexpression_network
primary_recist	melanoma_core_high_evidence	PRJEB23709_PD1_PRE	EcoNiche-Opt-WordFullGraph	word_full_graph	caf_ecm_exclusion|tumor_dedifferentiation|VIM|VIM|coexpression_network	caf_ecm_exclusion	tumor_dedifferentiation	VIM	VIM	coexpression_network
primary_recist	melanoma_core_high_evidence	PRJEB23709_PD1_PRE	EcoNiche-Opt-WordFullGraph	word_full_graph	caf_ecm_exclusion|tumor_dedifferentiation|RASGRF2-AS1|RASGRF2-AS1|coexpression_network	caf_ecm_exclusion	tumor_dedifferentiation	RASGRF2-AS1	RASGRF2-AS1	coexpression_network
primary_recist	melanoma_core_high_evidence	PRJEB23709_PD1_PRE	EcoNiche-Opt-WordFullGraph	word_full_graph	myeloid_suppression|myeloid_suppression|CD163|ITGAM|coexpression_network	myeloid_suppression	myeloid_suppression	CD163	ITGAM	coexpression_network
primary_recist	melanoma_core_high_evidence	PRJEB23709_PD1_PRE	EcoNiche-Opt-WordFullGraph	word_full_graph	myeloid_suppression|myeloid_suppression|CD68|ITGAM|coexpression_network	myeloid_suppression	myeloid_suppression	CD68	ITGAM	coexpression_network
primary_recist	melanoma_core_high_evidence	PRJEB23709_PD1_PRE	EcoNiche-Opt-WordFullGraph	word_full_graph	myeloid_suppression|tcell_dysfunction|LOC100507600|LOC100507600|coexpression_network	myeloid_suppression	tcell_dysfunction	LOC100507600	LOC100507600	coexpression_network
primary_recist	melanoma_core_high_evidence	PRJEB23709_PD1_PRE	EcoNiche-Opt-WordFullGraph	word_full_graph	myeloid_suppression|tcell_dysfunction|LINC00945|LINC00945|coexpression_network	myeloid_suppression	tcell_dysfunction	LINC00945	LINC00945	coexpression_network
primary_recist	melanoma_core_high_evidence	PRJEB23709_PD1_PRE	EcoNiche-Opt-WordFullGraph	word_full_graph	myeloid_suppression|tnk_effector|LINC00945|LINC00945|coexpression_network	myeloid_suppression	tnk_effector	LINC00945	LINC00945	coexpression_network
primary_recist	melanoma_core_high_evidence	PRJEB23709_PD1_PRE	EcoNiche-Opt-WordFullGraph	word_full_graph	myeloid_suppression|tnk_effector|IL10|LOC101927356|coexpression_network	myeloid_suppression	tnk_effector	IL10	LOC101927356	coexpression_network
primary_recist	melanoma_core_high_evidence	PRJEB23709_PD1_PRE	EcoNiche-Opt-WordFullGraph	word_full_graph	myeloid_suppression|tumor_dedifferentiation|LOC100507600|AXL|coexpression_network	myeloid_suppression	tumor_dedifferentiation	LOC100507600	AXL	coexpression_network
primary_recist	melanoma_core_high_evidence	PRJEB23709_PD1_PRE	EcoNiche-Opt-WordFullGraph	word_full_graph	myeloid_suppression|tumor_dedifferentiation|IL10|LOC102724050|coexpression_network	myeloid_suppression	tumor_dedifferentiation	IL10	LOC102724050	coexpression_network
primary_recist	melanoma_core_high_evidence	PRJEB23709_PD1_PRE	EcoNiche-Opt-WordFullGraph	word_full_graph	tcell_dysfunction|tcell_dysfunction|PDCD1|TIGIT|coexpression_network	tcell_dysfunction	tcell_dysfunction	PDCD1	TIGIT	coexpression_network
primary_recist	melanoma_core_high_evidence	PRJEB23709_PD1_PRE	EcoNiche-Opt-WordFullGraph	word_full_graph	tcell_dysfunction|tcell_dysfunction|LINC00945|TIGIT|coexpression_network	tcell_dysfunction	tcell_dysfunction	LINC00945	TIGIT	coexpression_network
primary_recist	melanoma_core_high_evidence	PRJEB23709_PD1_PRE	EcoNiche-Opt-WordFullGraph	word_full_graph	tcell_dysfunction|tnk_effector|WISP1|WISP1|coexpression_network	tcell_dysfunction	tnk_effector	WISP1	WISP1	coexpression_network
primary_recist	melanoma_core_high_evidence	PRJEB23709_PD1_PRE	EcoNiche-Opt-WordFullGraph	word_full_graph	tcell_dysfunction|tnk_effector|LINC00945|LINC00945|coexpression_network	tcell_dysfunction	tnk_effector	LINC00945	LINC00945	coexpression_network
primary_recist	melanoma_core_high_evidence	PRJEB23709_PD1_PRE	EcoNiche-Opt-WordFullGraph	word_full_graph	tcell_dysfunction|tumor_dedifferentiation|WISP1|LOC102724050|coexpression_network	tcell_dysfunction	tumor_dedifferentiation	WISP1	LOC102724050	coexpression_network
primary_recist	melanoma_core_high_evidence	PRJEB23709_PD1_PRE	EcoNiche-Opt-WordFullGraph	word_full_graph	tcell_dysfunction|tumor_dedifferentiation|LOC100507600|AXL|coexpression_network	tcell_dysfunction	tumor_dedifferentiation	LOC100507600	AXL	coexpression_network
primary_recist	melanoma_core_high_evidence	PRJEB23709_PD1_PRE	EcoNiche-Opt-WordFullGraph	word_full_graph	tnk_effector|tnk_effector|CCL5|PRF1|coexpression_network	tnk_effector	tnk_effector	CCL5	PRF1	coexpression_network
primary_recist	melanoma_core_high_evidence	PRJEB23709_PD1_PRE	EcoNiche-Opt-WordFullGraph	word_full_graph	tnk_effector|tnk_effector|CCL5|IFNG|coexpression_network	tnk_effector	tnk_effector	CCL5	IFNG	coexpression_network
primary_recist	melanoma_core_high_evidence	PRJEB23709_PD1_PRE	EcoNiche-Opt-WordFullGraph	word_full_graph	tnk_effector|tumor_dedifferentiation|RASGRF2-AS1|RASGRF2-AS1|coexpression_network	tnk_effector	tumor_dedifferentiation	RASGRF2-AS1	RASGRF2-AS1	coexpression_network
primary_recist	melanoma_core_high_evidence	PRJEB23709_PD1_PRE	EcoNiche-Opt-WordFullGraph	word_full_graph	tnk_effector|tumor_dedifferentiation|LOC101927356|LOC102724050|coexpression_network	tnk_effector	tumor_dedifferentiation	LOC101927356	LOC102724050	coexpression_network
primary_recist	melanoma_core_high_evidence	PRJEB23709_PD1_PRE	EcoNiche-Opt-WordFullGraph	word_full_graph	tumor_dedifferentiation|tumor_dedifferentiation|LOC102724050|RASGRF2-AS1|coexpression_network	tumor_dedifferentiation	tumor_dedifferentiation	LOC102724050	RASGRF2-AS1	coexpression_network
primary_recist	melanoma_core_high_evidence	PRJEB23709_PD1_PRE	EcoNiche-Opt-WordFullGraph	word_full_graph	tumor_dedifferentiation|tumor_dedifferentiation|AXL|LOC102724050|coexpression_network	tumor_dedifferentiation	tumor_dedifferentiation	AXL	LOC102724050	coexpression_network
primary_recist	melanoma_core_high_evidence	PRJEB23709_PD1_PRE	EcoNiche-Opt-WordUnsignedGraph	word_unsigned_graph	antigen_presentation_mhc|antigen_presentation_mhc|B2M|HLA-C|coexpression_network	antigen_presentation_mhc	antigen_presentation_mhc	B2M	HLA-C	coexpression_network
primary_recist	melanoma_core_high_evidence	PRJEB23709_PD1_PRE	EcoNiche-Opt-WordUnsignedGraph	word_unsigned_graph	antigen_presentation_mhc|caf_ecm_exclusion|PSMB9|VIM|coexpression_network	antigen_presentation_mhc	caf_ecm_exclusion	PSMB9	VIM	coexpression_network
primary_recist	melanoma_core_high_evidence	PRJEB23709_PD1_PRE	EcoNiche-Opt-WordUnsignedGraph	word_unsigned_graph	antigen_presentation_mhc|caf_ecm_exclusion|B2M|FAP|coexpression_network	antigen_presentation_mhc	caf_ecm_exclusion	B2M	FAP	coexpression_network
primary_recist	melanoma_core_high_evidence	PRJEB23709_PD1_PRE	EcoNiche-Opt-WordUnsignedGraph	word_unsigned_graph	antigen_presentation_mhc|myeloid_suppression|B2M|CSF1R|coexpression_network	antigen_presentation_mhc	myeloid_suppression	B2M	CSF1R	coexpression_network
primary_recist	melanoma_core_high_evidence	PRJEB23709_PD1_PRE	EcoNiche-Opt-WordUnsignedGraph	word_unsigned_graph	antigen_presentation_mhc|myeloid_suppression|PSMB9|TGFB1|coexpression_network	antigen_presentation_mhc	myeloid_suppression	PSMB9	TGFB1	coexpression_network
primary_recist	melanoma_core_high_evidence	PRJEB23709_PD1_PRE	EcoNiche-Opt-WordUnsignedGraph	word_unsigned_graph	antigen_presentation_mhc|tcell_dysfunction|PSMB9|PDCD1|coexpression_network	antigen_presentation_mhc	tcell_dysfunction	PSMB9	PDCD1	coexpression_network
primary_recist	melanoma_core_high_evidence	PRJEB23709_PD1_PRE	EcoNiche-Opt-WordUnsignedGraph	word_unsigned_graph	antigen_presentation_mhc|tcell_dysfunction|PSMB9|CXCL13|coexpression_network	antigen_presentation_mhc	tcell_dysfunction	PSMB9	CXCL13	coexpression_network
primary_recist	melanoma_core_high_evidence	PRJEB23709_PD1_PRE	EcoNiche-Opt-WordUnsignedGraph	word_unsigned_graph	antigen_presentation_mhc|tnk_effector|PSMB9|PRF1|coexpression_network	antigen_presentation_mhc	tnk_effector	PSMB9	PRF1	coexpression_network
primary_recist	melanoma_core_high_evidence	PRJEB23709_PD1_PRE	EcoNiche-Opt-WordUnsignedGraph	word_unsigned_graph	antigen_presentation_mhc|tnk_effector|PSMB9|IFNG|coexpression_network	antigen_presentation_mhc	tnk_effector	PSMB9	IFNG	coexpression_network
primary_recist	melanoma_core_high_evidence	PRJEB23709_PD1_PRE	EcoNiche-Opt-WordUnsignedGraph	word_unsigned_graph	antigen_presentation_mhc|tumor_dedifferentiation|PSMB9|VIM|coexpression_network	antigen_presentation_mhc	tumor_dedifferentiation	PSMB9	VIM	coexpression_network
primary_recist	melanoma_core_high_evidence	PRJEB23709_PD1_PRE	EcoNiche-Opt-WordUnsignedGraph	word_unsigned_graph	caf_ecm_exclusion|caf_ecm_exclusion|ACTA2|COL1A1|coexpression_network	caf_ecm_exclusion	caf_ecm_exclusion	ACTA2	COL1A1	coexpression_network
primary_recist	melanoma_core_high_evidence	PRJEB23709_PD1_PRE	EcoNiche-Opt-WordUnsignedGraph	word_unsigned_graph	caf_ecm_exclusion|caf_ecm_exclusion|COL1A1|FAP|coexpression_network	caf_ecm_exclusion	caf_ecm_exclusion	COL1A1	FAP	coexpression_network
primary_recist	melanoma_core_high_evidence	PRJEB23709_PD1_PRE	EcoNiche-Opt-WordUnsignedGraph	word_unsigned_graph	caf_ecm_exclusion|myeloid_suppression|LOC100507600|IL10|coexpression_network	caf_ecm_exclusion	myeloid_suppression	LOC100507600	IL10	coexpression_network
primary_recist	melanoma_core_high_evidence	PRJEB23709_PD1_PRE	EcoNiche-Opt-WordUnsignedGraph	word_unsigned_graph	caf_ecm_exclusion|myeloid_suppression|FAP|CD163|coexpression_network	caf_ecm_exclusion	myeloid_suppression	FAP	CD163	coexpression_network
primary_recist	melanoma_core_high_evidence	PRJEB23709_PD1_PRE	EcoNiche-Opt-WordUnsignedGraph	word_unsigned_graph	caf_ecm_exclusion|tcell_dysfunction|VIM|VIM|coexpression_network	caf_ecm_exclusion	tcell_dysfunction	VIM	VIM	coexpression_network
primary_recist	melanoma_core_high_evidence	PRJEB23709_PD1_PRE	EcoNiche-Opt-WordUnsignedGraph	word_unsigned_graph	caf_ecm_exclusion|tcell_dysfunction|EFCAB1|PAPD7|coexpression_network	caf_ecm_exclusion	tcell_dysfunction	EFCAB1	PAPD7	coexpression_network
primary_recist	melanoma_core_high_evidence	PRJEB23709_PD1_PRE	EcoNiche-Opt-WordUnsignedGraph	word_unsigned_graph	caf_ecm_exclusion|tnk_effector|VIM|VIM|coexpression_network	caf_ecm_exclusion	tnk_effector	VIM	VIM	coexpression_network
primary_recist	melanoma_core_high_evidence	PRJEB23709_PD1_PRE	EcoNiche-Opt-WordUnsignedGraph	word_unsigned_graph	caf_ecm_exclusion|tumor_dedifferentiation|VIM|VIM|coexpression_network	caf_ecm_exclusion	tumor_dedifferentiation	VIM	VIM	coexpression_network
primary_recist	melanoma_core_high_evidence	PRJEB23709_PD1_PRE	EcoNiche-Opt-WordUnsignedGraph	word_unsigned_graph	caf_ecm_exclusion|tumor_dedifferentiation|FAP|AXL|coexpression_network	caf_ecm_exclusion	tumor_dedifferentiation	FAP	AXL	coexpression_network
primary_recist	melanoma_core_high_evidence	PRJEB23709_PD1_PRE	EcoNiche-Opt-WordUnsignedGraph	word_unsigned_graph	myeloid_suppression|myeloid_suppression|CD163|CSF1R|coexpression_network	myeloid_suppression	myeloid_suppression	CD163	CSF1R	coexpression_network
primary_recist	melanoma_core_high_evidence	PRJEB23709_PD1_PRE	EcoNiche-Opt-WordUnsignedGraph	word_unsigned_graph	myeloid_suppression|myeloid_suppression|CD163|IL10|coexpression_network	myeloid_suppression	myeloid_suppression	CD163	IL10	coexpression_network
primary_recist	melanoma_core_high_evidence	PRJEB23709_PD1_PRE	EcoNiche-Opt-WordUnsignedGraph	word_unsigned_graph	myeloid_suppression|tcell_dysfunction|IL10|PAPD7|coexpression_network	myeloid_suppression	tcell_dysfunction	IL10	PAPD7	coexpression_network
primary_recist	melanoma_core_high_evidence	PRJEB23709_PD1_PRE	EcoNiche-Opt-WordUnsignedGraph	word_unsigned_graph	myeloid_suppression|tcell_dysfunction|TGFB1|PDCD1|coexpression_network	myeloid_suppression	tcell_dysfunction	TGFB1	PDCD1	coexpression_network
primary_recist	melanoma_core_high_evidence	PRJEB23709_PD1_PRE	EcoNiche-Opt-WordUnsignedGraph	word_unsigned_graph	myeloid_suppression|tnk_effector|CSF1R|PRF1|coexpression_network	myeloid_suppression	tnk_effector	CSF1R	PRF1	coexpression_network
primary_recist	melanoma_core_high_evidence	PRJEB23709_PD1_PRE	EcoNiche-Opt-WordUnsignedGraph	word_unsigned_graph	myeloid_suppression|tnk_effector|TGFB1|PRF1|coexpression_network	myeloid_suppression	tnk_effector	TGFB1	PRF1	coexpression_network
primary_recist	melanoma_core_high_evidence	PRJEB23709_PD1_PRE	EcoNiche-Opt-WordUnsignedGraph	word_unsigned_graph	myeloid_suppression|tumor_dedifferentiation|CSF1R|AXL|coexpression_network	myeloid_suppression	tumor_dedifferentiation	CSF1R	AXL	coexpression_network
primary_recist	melanoma_core_high_evidence	PRJEB23709_PD1_PRE	EcoNiche-Opt-WordUnsignedGraph	word_unsigned_graph	myeloid_suppression|tumor_dedifferentiation|TGFB1|AXL|coexpression_network	myeloid_suppression	tumor_dedifferentiation	TGFB1	AXL	coexpression_network
primary_recist	melanoma_core_high_evidence	PRJEB23709_PD1_PRE	EcoNiche-Opt-WordUnsignedGraph	word_unsigned_graph	tcell_dysfunction|tcell_dysfunction|CXCL13|PDCD1|coexpression_network	tcell_dysfunction	tcell_dysfunction	CXCL13	PDCD1	coexpression_network
primary_recist	melanoma_core_high_evidence	PRJEB23709_PD1_PRE	EcoNiche-Opt-WordUnsignedGraph	word_unsigned_graph	tcell_dysfunction|tcell_dysfunction|PDCD1|VIM|coexpression_network	tcell_dysfunction	tcell_dysfunction	PDCD1	VIM	coexpression_network
primary_recist	melanoma_core_high_evidence	PRJEB23709_PD1_PRE	EcoNiche-Opt-WordUnsignedGraph	word_unsigned_graph	tcell_dysfunction|tnk_effector|VIM|VIM|coexpression_network	tcell_dysfunction	tnk_effector	VIM	VIM	coexpression_network
primary_recist	melanoma_core_high_evidence	PRJEB23709_PD1_PRE	EcoNiche-Opt-WordUnsignedGraph	word_unsigned_graph	tcell_dysfunction|tnk_effector|PDCD1|PRF1|coexpression_network	tcell_dysfunction	tnk_effector	PDCD1	PRF1	coexpression_network
primary_recist	melanoma_core_high_evidence	PRJEB23709_PD1_PRE	EcoNiche-Opt-WordUnsignedGraph	word_unsigned_graph	tcell_dysfunction|tumor_dedifferentiation|VIM|VIM|coexpression_network	tcell_dysfunction	tumor_dedifferentiation	VIM	VIM	coexpression_network
primary_recist	melanoma_core_high_evidence	PRJEB23709_PD1_PRE	EcoNiche-Opt-WordUnsignedGraph	word_unsigned_graph	tcell_dysfunction|tumor_dedifferentiation|PDCD1|VIM|coexpression_network	tcell_dysfunction	tumor_dedifferentiation	PDCD1	VIM	coexpression_network
primary_recist	melanoma_core_high_evidence	PRJEB23709_PD1_PRE	EcoNiche-Opt-WordUnsignedGraph	word_unsigned_graph	tnk_effector|tnk_effector|IFNG|PRF1|coexpression_network	tnk_effector	tnk_effector	IFNG	PRF1	coexpression_network
primary_recist	melanoma_core_high_evidence	PRJEB23709_PD1_PRE	EcoNiche-Opt-WordUnsignedGraph	word_unsigned_graph	tnk_effector|tumor_dedifferentiation|VIM|VIM|coexpression_network	tnk_effector	tumor_dedifferentiation	VIM	VIM	coexpression_network
primary_recist	melanoma_core_high_evidence	PRJEB23709_PD1_PRE	EcoNiche-Opt-WordUnsignedGraph	word_unsigned_graph	tumor_dedifferentiation|tumor_dedifferentiation|AXL|NGFR|coexpression_network	tumor_dedifferentiation	tumor_dedifferentiation	AXL	NGFR	coexpression_network
primary_recist	melanoma_core_high_evidence	PRJEB23709_PD1_PRE	EcoNiche-Opt-WordNoBioObjective	word_no_bio_objective	tcell_dysfunction|tcell_dysfunction|PDCD1|LAG3|checkpoint	tcell_dysfunction	tcell_dysfunction	PDCD1	LAG3	checkpoint
primary_recist	melanoma_core_high_evidence	PRJEB23709_PD1_PRE	EcoNiche-Opt-WordNoBioObjective	word_no_bio_objective	antigen_presentation_mhc|antigen_presentation_mhc|PSMB8|PSMB9|coexpression_network	antigen_presentation_mhc	antigen_presentation_mhc	PSMB8	PSMB9	coexpression_network
primary_recist	melanoma_core_high_evidence	PRJEB23709_PD1_PRE	EcoNiche-Opt-WordNoBioObjective	word_no_bio_objective	antigen_presentation_mhc|antigen_presentation_mhc|B2M|HLA-B|coexpression_network	antigen_presentation_mhc	antigen_presentation_mhc	B2M	HLA-B	coexpression_network
primary_recist	melanoma_core_high_evidence	PRJEB23709_PD1_PRE	EcoNiche-Opt-WordNoBioObjective	word_no_bio_objective	antigen_presentation_mhc|caf_ecm_exclusion|LINC00945|RASGRF2-AS1|coexpression_network	antigen_presentation_mhc	caf_ecm_exclusion	LINC00945	RASGRF2-AS1	coexpression_network
primary_recist	melanoma_core_high_evidence	PRJEB23709_PD1_PRE	EcoNiche-Opt-WordNoBioObjective	word_no_bio_objective	antigen_presentation_mhc|caf_ecm_exclusion|HLA-B|CXCL12|coexpression_network	antigen_presentation_mhc	caf_ecm_exclusion	HLA-B	CXCL12	coexpression_network
primary_recist	melanoma_core_high_evidence	PRJEB23709_PD1_PRE	EcoNiche-Opt-WordNoBioObjective	word_no_bio_objective	antigen_presentation_mhc|myeloid_suppression|GRAMD3|GRAMD3|coexpression_network	antigen_presentation_mhc	myeloid_suppression	GRAMD3	GRAMD3	coexpression_network
primary_recist	melanoma_core_high_evidence	PRJEB23709_PD1_PRE	EcoNiche-Opt-WordNoBioObjective	word_no_bio_objective	antigen_presentation_mhc|myeloid_suppression|LINC00945|LOC102724050|coexpression_network	antigen_presentation_mhc	myeloid_suppression	LINC00945	LOC102724050	coexpression_network
primary_recist	melanoma_core_high_evidence	PRJEB23709_PD1_PRE	EcoNiche-Opt-WordNoBioObjective	word_no_bio_objective	antigen_presentation_mhc|tcell_dysfunction|LINC00945|LINC00945|coexpression_network	antigen_presentation_mhc	tcell_dysfunction	LINC00945	LINC00945	coexpression_network
primary_recist	melanoma_core_high_evidence	PRJEB23709_PD1_PRE	EcoNiche-Opt-WordNoBioObjective	word_no_bio_objective	antigen_presentation_mhc|tcell_dysfunction|PSMB9|PDCD1|coexpression_network	antigen_presentation_mhc	tcell_dysfunction	PSMB9	PDCD1	coexpression_network
primary_recist	melanoma_core_high_evidence	PRJEB23709_PD1_PRE	EcoNiche-Opt-WordNoBioObjective	word_no_bio_objective	antigen_presentation_mhc|tnk_effector|LINC00945|LINC00945|coexpression_network	antigen_presentation_mhc	tnk_effector	LINC00945	LINC00945	coexpression_network
primary_recist	melanoma_core_high_evidence	PRJEB23709_PD1_PRE	EcoNiche-Opt-WordNoBioObjective	word_no_bio_objective	antigen_presentation_mhc|tnk_effector|PSMB9|IFNG|coexpression_network	antigen_presentation_mhc	tnk_effector	PSMB9	IFNG	coexpression_network
primary_recist	melanoma_core_high_evidence	PRJEB23709_PD1_PRE	EcoNiche-Opt-WordNoBioObjective	word_no_bio_objective	antigen_presentation_mhc|tumor_dedifferentiation|GRAMD3|GRAMD3|coexpression_network	antigen_presentation_mhc	tumor_dedifferentiation	GRAMD3	GRAMD3	coexpression_network
primary_recist	melanoma_core_high_evidence	PRJEB23709_PD1_PRE	EcoNiche-Opt-WordNoBioObjective	word_no_bio_objective	antigen_presentation_mhc|tumor_dedifferentiation|PSMB8|LOC388849|coexpression_network	antigen_presentation_mhc	tumor_dedifferentiation	PSMB8	LOC388849	coexpression_network
primary_recist	melanoma_core_high_evidence	PRJEB23709_PD1_PRE	EcoNiche-Opt-WordNoBioObjective	word_no_bio_objective	caf_ecm_exclusion|caf_ecm_exclusion|EFCAB1|H1F0|coexpression_network	caf_ecm_exclusion	caf_ecm_exclusion	EFCAB1	H1F0	coexpression_network
primary_recist	melanoma_core_high_evidence	PRJEB23709_PD1_PRE	EcoNiche-Opt-WordNoBioObjective	word_no_bio_objective	caf_ecm_exclusion|caf_ecm_exclusion|LOC101927356|TGFBI|coexpression_network	caf_ecm_exclusion	caf_ecm_exclusion	LOC101927356	TGFBI	coexpression_network
primary_recist	melanoma_core_high_evidence	PRJEB23709_PD1_PRE	EcoNiche-Opt-WordNoBioObjective	word_no_bio_objective	caf_ecm_exclusion|myeloid_suppression|LOC101927356|LOC102724050|coexpression_network	caf_ecm_exclusion	myeloid_suppression	LOC101927356	LOC102724050	coexpression_network
primary_recist	melanoma_core_high_evidence	PRJEB23709_PD1_PRE	EcoNiche-Opt-WordNoBioObjective	word_no_bio_objective	caf_ecm_exclusion|myeloid_suppression|LOC101927356|WISP1|coexpression_network	caf_ecm_exclusion	myeloid_suppression	LOC101927356	WISP1	coexpression_network
primary_recist	melanoma_core_high_evidence	PRJEB23709_PD1_PRE	EcoNiche-Opt-WordNoBioObjective	word_no_bio_objective	caf_ecm_exclusion|tcell_dysfunction|H1F0|LOC100996635|coexpression_network	caf_ecm_exclusion	tcell_dysfunction	H1F0	LOC100996635	coexpression_network
primary_recist	melanoma_core_high_evidence	PRJEB23709_PD1_PRE	EcoNiche-Opt-WordNoBioObjective	word_no_bio_objective	caf_ecm_exclusion|tcell_dysfunction|RASGRF2-AS1|LINC00945|coexpression_network	caf_ecm_exclusion	tcell_dysfunction	RASGRF2-AS1	LINC00945	coexpression_network
primary_recist	melanoma_core_high_evidence	PRJEB23709_PD1_PRE	EcoNiche-Opt-WordNoBioObjective	word_no_bio_objective	caf_ecm_exclusion|tnk_effector|SERTM2|SERTM2|coexpression_network	caf_ecm_exclusion	tnk_effector	SERTM2	SERTM2	coexpression_network
primary_recist	melanoma_core_high_evidence	PRJEB23709_PD1_PRE	EcoNiche-Opt-WordNoBioObjective	word_no_bio_objective	caf_ecm_exclusion|tnk_effector|LOC101927356|LOC101927356|coexpression_network	caf_ecm_exclusion	tnk_effector	LOC101927356	LOC101927356	coexpression_network
primary_recist	melanoma_core_high_evidence	PRJEB23709_PD1_PRE	EcoNiche-Opt-WordNoBioObjective	word_no_bio_objective	caf_ecm_exclusion|tumor_dedifferentiation|VIM|VIM|coexpression_network	caf_ecm_exclusion	tumor_dedifferentiation	VIM	VIM	coexpression_network
primary_recist	melanoma_core_high_evidence	PRJEB23709_PD1_PRE	EcoNiche-Opt-WordNoBioObjective	word_no_bio_objective	caf_ecm_exclusion|tumor_dedifferentiation|LOC101927356|LOC101927356|coexpression_network	caf_ecm_exclusion	tumor_dedifferentiation	LOC101927356	LOC101927356	coexpression_network
primary_recist	melanoma_core_high_evidence	PRJEB23709_PD1_PRE	EcoNiche-Opt-WordNoBioObjective	word_no_bio_objective	myeloid_suppression|myeloid_suppression|IL10|LOC100507600|coexpression_network	myeloid_suppression	myeloid_suppression	IL10	LOC100507600	coexpression_network
primary_recist	melanoma_core_high_evidence	PRJEB23709_PD1_PRE	EcoNiche-Opt-WordNoBioObjective	word_no_bio_objective	myeloid_suppression|myeloid_suppression|LOC102724050|WISP1|coexpression_network	myeloid_suppression	myeloid_suppression	LOC102724050	WISP1	coexpression_network
primary_recist	melanoma_core_high_evidence	PRJEB23709_PD1_PRE	EcoNiche-Opt-WordNoBioObjective	word_no_bio_objective	myeloid_suppression|tcell_dysfunction|MARCH3|MARCH3|coexpression_network	myeloid_suppression	tcell_dysfunction	MARCH3	MARCH3	coexpression_network
primary_recist	melanoma_core_high_evidence	PRJEB23709_PD1_PRE	EcoNiche-Opt-WordNoBioObjective	word_no_bio_objective	myeloid_suppression|tcell_dysfunction|LOC100507600|LOC100996635|coexpression_network	myeloid_suppression	tcell_dysfunction	LOC100507600	LOC100996635	coexpression_network
primary_recist	melanoma_core_high_evidence	PRJEB23709_PD1_PRE	EcoNiche-Opt-WordNoBioObjective	word_no_bio_objective	myeloid_suppression|tnk_effector|LOC102724050|LOC102724050|coexpression_network	myeloid_suppression	tnk_effector	LOC102724050	LOC102724050	coexpression_network
primary_recist	melanoma_core_high_evidence	PRJEB23709_PD1_PRE	EcoNiche-Opt-WordNoBioObjective	word_no_bio_objective	myeloid_suppression|tnk_effector|LOC102724050|LOC101927356|coexpression_network	myeloid_suppression	tnk_effector	LOC102724050	LOC101927356	coexpression_network
primary_recist	melanoma_core_high_evidence	PRJEB23709_PD1_PRE	EcoNiche-Opt-WordNoBioObjective	word_no_bio_objective	myeloid_suppression|tumor_dedifferentiation|LOC101927697|LOC101927697|coexpression_network	myeloid_suppression	tumor_dedifferentiation	LOC101927697	LOC101927697	coexpression_network
primary_recist	melanoma_core_high_evidence	PRJEB23709_PD1_PRE	EcoNiche-Opt-WordNoBioObjective	word_no_bio_objective	myeloid_suppression|tumor_dedifferentiation|GRAMD3|GRAMD3|coexpression_network	myeloid_suppression	tumor_dedifferentiation	GRAMD3	GRAMD3	coexpression_network
primary_recist	melanoma_core_high_evidence	PRJEB23709_PD1_PRE	EcoNiche-Opt-WordNoBioObjective	word_no_bio_objective	tcell_dysfunction|tcell_dysfunction|LAG3|PDCD1|coexpression_network	tcell_dysfunction	tcell_dysfunction	LAG3	PDCD1	coexpression_network
primary_recist	melanoma_core_high_evidence	PRJEB23709_PD1_PRE	EcoNiche-Opt-WordNoBioObjective	word_no_bio_objective	tcell_dysfunction|tcell_dysfunction|LOC100996635|MARCH3|coexpression_network	tcell_dysfunction	tcell_dysfunction	LOC100996635	MARCH3	coexpression_network
primary_recist	melanoma_core_high_evidence	PRJEB23709_PD1_PRE	EcoNiche-Opt-WordNoBioObjective	word_no_bio_objective	tcell_dysfunction|tnk_effector|LINC00945|LINC00945|coexpression_network	tcell_dysfunction	tnk_effector	LINC00945	LINC00945	coexpression_network
primary_recist	melanoma_core_high_evidence	PRJEB23709_PD1_PRE	EcoNiche-Opt-WordNoBioObjective	word_no_bio_objective	tcell_dysfunction|tnk_effector|LOC100996635|LOC100996635|coexpression_network	tcell_dysfunction	tnk_effector	LOC100996635	LOC100996635	coexpression_network
primary_recist	melanoma_core_high_evidence	PRJEB23709_PD1_PRE	EcoNiche-Opt-WordNoBioObjective	word_no_bio_objective	tcell_dysfunction|tumor_dedifferentiation|MARCH3|GRAMD3|coexpression_network	tcell_dysfunction	tumor_dedifferentiation	MARCH3	GRAMD3	coexpression_network
primary_recist	melanoma_core_high_evidence	PRJEB23709_PD1_PRE	EcoNiche-Opt-WordNoBioObjective	word_no_bio_objective	tcell_dysfunction|tumor_dedifferentiation|LOC100996635|LOC388849|coexpression_network	tcell_dysfunction	tumor_dedifferentiation	LOC100996635	LOC388849	coexpression_network
primary_recist	melanoma_core_high_evidence	PRJEB23709_PD1_PRE	EcoNiche-Opt-WordNoBioObjective	word_no_bio_objective	tnk_effector|tnk_effector|GZMA|IFNG|coexpression_network	tnk_effector	tnk_effector	GZMA	IFNG	coexpression_network
primary_recist	melanoma_core_high_evidence	PRJEB23709_PD1_PRE	EcoNiche-Opt-WordNoBioObjective	word_no_bio_objective	tnk_effector|tnk_effector|LOC101927356|LOC102724050|coexpression_network	tnk_effector	tnk_effector	LOC101927356	LOC102724050	coexpression_network
primary_recist	melanoma_core_high_evidence	PRJEB23709_PD1_PRE	EcoNiche-Opt-WordNoBioObjective	word_no_bio_objective	tnk_effector|tumor_dedifferentiation|LOC101927356|LOC101927356|coexpression_network	tnk_effector	tumor_dedifferentiation	LOC101927356	LOC101927356	coexpression_network
primary_recist	melanoma_core_high_evidence	PRJEB23709_PD1_PRE	EcoNiche-Opt-WordNoBioObjective	word_no_bio_objective	tnk_effector|tumor_dedifferentiation|H1F0|LOC388849|coexpression_network	tnk_effector	tumor_dedifferentiation	H1F0	LOC388849	coexpression_network
primary_recist	melanoma_core_high_evidence	PRJEB23709_PD1_PRE	EcoNiche-Opt-WordNoBioObjective	word_no_bio_objective	tumor_dedifferentiation|tumor_dedifferentiation|LOC101927356|LOC101927697|coexpression_network	tumor_dedifferentiation	tumor_dedifferentiation	LOC101927356	LOC101927697	coexpression_network
primary_recist	melanoma_core_high_evidence	PRJEB23709_PD1_PRE	EcoNiche-Opt-WordNoBioObjective	word_no_bio_objective	tumor_dedifferentiation|tumor_dedifferentiation|GRAMD3|LOC388849|coexpression_network	tumor_dedifferentiation	tumor_dedifferentiation	GRAMD3	LOC388849	coexpression_network
