endpoint	stratum	holdout	model_name	selected_model	state	gene	direction	selection_frequency	training_abs_correlation	direction_stability	state_prior_seed	state_candidate_score
primary_recist	melanoma_recist_supported_primary	GSE91061	EcoNiche-Opt-WordFullGraph	word_full_graph	tumor_dedifferentiation	APOC1,APOC1P1	-1.0	0.25	0.615843543085776	1.0	0.0	0.9135403294867299
primary_recist	melanoma_recist_supported_primary	GSE91061	EcoNiche-Opt-WordFullGraph	word_full_graph	tumor_dedifferentiation	CUZD1,FAM24B,FAM24B-CUZD1	1.0	0.5	0.6145871641088533	1.0	0.0	0.912186644561935
primary_recist	melanoma_recist_supported_primary	GSE91061	EcoNiche-Opt-WordFullGraph	word_full_graph	tumor_dedifferentiation	IGHD2-15	1.0	0.25	0.6388147763670191	1.0	0.0	0.9382906737442641
primary_recist	melanoma_recist_supported_primary	GSE91061	EcoNiche-Opt-WordFullGraph	word_full_graph	tumor_dedifferentiation	MIR548N,OSBPL6	-1.0	1.0	0.635297935276771	1.0	0.0	0.9345014550019793
primary_recist	melanoma_recist_supported_primary	GSE91061	EcoNiche-Opt-WordFullGraph	word_full_graph	tumor_dedifferentiation	MITF	-1.0	0.25	0.0025740512474360737	0.6666666666666666	1.0	1.3694400769459745
primary_recist	melanoma_recist_supported_primary	GSE91061	EcoNiche-Opt-WordFullGraph	word_full_graph	tumor_dedifferentiation	TRAJ1	1.0	0.25	0.5959427509288164	1.0	0.0	0.8920982305427183
primary_recist	melanoma_recist_supported_primary	GSE91061	EcoNiche-Opt-WordFullGraph	word_full_graph	tumor_dedifferentiation	TRAJ10	1.0	0.25	0.6296396874096398	1.0	0.0	0.9284049785572294
primary_recist	melanoma_recist_supported_primary	GSE91061	EcoNiche-Opt-WordFullGraph	word_full_graph	tumor_dedifferentiation	VIM	-1.0	0.5	0.1404377553823342	1.0	1.0	1.6013145920339569
primary_recist	melanoma_recist_supported_primary	GSE91061	EcoNiche-Opt-WordFullGraph	word_full_graph	tumor_dedifferentiation	ZEB1	-1.0	0.25	0.13253392181592838	0.6666666666666666	1.0	1.5094652770235524
primary_recist	melanoma_recist_supported_primary	GSE91061	EcoNiche-Opt-WordFullGraph	word_full_graph	antigen_presentation_mhc	ATP5E,SLMO2,SLMO2-ATP5E	-1.0	0.25	0.6086872170121767	1.0	0.0	0.9058297493984863
primary_recist	melanoma_recist_supported_primary	GSE91061	EcoNiche-Opt-WordFullGraph	word_full_graph	antigen_presentation_mhc	B2M	1.0	0.5	0.24682893619627436	1.0	1.0	1.8359457186640067
primary_recist	melanoma_recist_supported_primary	GSE91061	EcoNiche-Opt-WordFullGraph	word_full_graph	antigen_presentation_mhc	HLA-B	1.0	0.25	0.14895855806494526	1.0	1.0	1.6104953267887316
primary_recist	melanoma_recist_supported_primary	GSE91061	EcoNiche-Opt-WordFullGraph	word_full_graph	antigen_presentation_mhc	PSMB9	1.0	0.5	0.21937248236257675	1.0	1.0	1.6863627756780941
primary_recist	melanoma_recist_supported_primary	GSE91061	EcoNiche-Opt-WordFullGraph	word_full_graph	antigen_presentation_mhc	TAP1	1.0	0.5	0.13660789962167788	1.0	1.0	1.5971881157854944
primary_recist	melanoma_recist_supported_primary	GSE91061	EcoNiche-Opt-WordFullGraph	word_full_graph	antigen_presentation_mhc	TAP2	1.0	0.25	0.09349417261506827	0.6666666666666666	1.0	1.4674019180119113
primary_recist	melanoma_recist_supported_primary	GSE91061	EcoNiche-Opt-WordFullGraph	word_full_graph	tnk_effector	CXCL11	1.0	0.25	0.1169821311757992	0.6666666666666666	1.0	1.4927090076734608
primary_recist	melanoma_recist_supported_primary	GSE91061	EcoNiche-Opt-WordFullGraph	word_full_graph	tnk_effector	CXCL9	1.0	0.25	0.23138148971873468	1.0	1.0	1.6993018748817432
primary_recist	melanoma_recist_supported_primary	GSE91061	EcoNiche-Opt-WordFullGraph	word_full_graph	tnk_effector	IFNG	1.0	0.5	0.13887660731735282	1.0	1.0	1.7196325338017235
primary_recist	melanoma_recist_supported_primary	GSE91061	EcoNiche-Opt-WordFullGraph	word_full_graph	tcell_dysfunction	CASC14,CASC15	-1.0	0.75	0.6585910340921327	1.0	0.0	0.959598593124542
primary_recist	melanoma_recist_supported_primary	GSE91061	EcoNiche-Opt-WordFullGraph	word_full_graph	tcell_dysfunction	CTLA4	1.0	0.25	0.02709191261626165	0.6666666666666666	1.0	1.395856834893073
primary_recist	melanoma_recist_supported_primary	GSE91061	EcoNiche-Opt-WordFullGraph	word_full_graph	tcell_dysfunction	IDO1	1.0	0.5	0.13435249275539665	0.6666666666666666	1.0	1.511424695408169
primary_recist	melanoma_recist_supported_primary	GSE91061	EcoNiche-Opt-WordFullGraph	word_full_graph	tcell_dysfunction	LAG3	1.0	0.25	0.1772644095655006	0.6666666666666666	1.0	1.6776601195491958
primary_recist	melanoma_recist_supported_primary	GSE91061	EcoNiche-Opt-WordFullGraph	word_full_graph	tcell_dysfunction	MIR548N,OSBPL6	-1.0	1.0	0.635297935276771	1.0	0.0	0.9345014550019793
primary_recist	melanoma_recist_supported_primary	GSE91061	EcoNiche-Opt-WordFullGraph	word_full_graph	tcell_dysfunction	PDCD1	1.0	0.5	0.16165301315795366	1.0	1.0	1.7441729613269834
primary_recist	melanoma_recist_supported_primary	GSE91061	EcoNiche-Opt-WordFullGraph	word_full_graph	tcell_dysfunction	TOX	1.0	0.25	0.09238308934829297	0.6666666666666666	1.0	1.4662047818801769
primary_recist	melanoma_recist_supported_primary	GSE91061	EcoNiche-Opt-WordFullGraph	word_full_graph	caf_ecm_exclusion	COL1A1	-1.0	0.5	0.18365904269398503	1.0	1.0	1.7678833472731736
primary_recist	melanoma_recist_supported_primary	GSE91061	EcoNiche-Opt-WordFullGraph	word_full_graph	caf_ecm_exclusion	FAP	-1.0	0.25	0.25031305913502633	1.0	1.0	1.7196996852496884
primary_recist	melanoma_recist_supported_primary	GSE91061	EcoNiche-Opt-WordFullGraph	word_full_graph	caf_ecm_exclusion	HPN,SCN1B	-1.0	0.25	0.6203434860963829	1.0	0.0	0.918388790920568
primary_recist	melanoma_recist_supported_primary	GSE91061	EcoNiche-Opt-WordFullGraph	word_full_graph	myeloid_suppression	AL049794	-1.0	0.25	0.6092080689966051	1.0	0.0	0.9063909411187562
primary_recist	melanoma_recist_supported_primary	GSE91061	EcoNiche-Opt-WordFullGraph	word_full_graph	myeloid_suppression	IGLV2-11	1.0	0.25	0.6004243760255497	1.0	0.0	0.8969269553490579
primary_recist	melanoma_recist_supported_primary	GSE91061	EcoNiche-Opt-WordFullGraph	word_full_graph	myeloid_suppression	MIR4763,MIRLET7A3,MIRLET7B,MIRLET7BHG	-1.0	0.5	0.6960882960521982	1.0	0.0	1.0
primary_recist	melanoma_recist_supported_primary	GSE91061	EcoNiche-Opt-WordFullGraph	word_full_graph	myeloid_suppression	S100A9	-1.0	0.5	0.10118891654035457	1.0	1.0	1.6790259494889928
primary_recist	melanoma_recist_supported_primary	GSE91061	EcoNiche-Opt-WordFullGraph	word_full_graph	myeloid_suppression	SLC13A3,TP53RK	-1.0	0.25	0.6155779072387602	1.0	0.0	0.9132541202710431
primary_recist	melanoma_recist_supported_primary	GSE91061	EcoNiche-Opt-WordNoInteraction	word_no_interaction	tumor_dedifferentiation	APOC1,APOC1P1	-1.0	0.25	0.615843543085776	1.0	0.0	0.9135403294867299
primary_recist	melanoma_recist_supported_primary	GSE91061	EcoNiche-Opt-WordNoInteraction	word_no_interaction	tumor_dedifferentiation	AXL	-1.0	0.25	0.1757516890154068	0.6666666666666666	1.0	1.5560302395196006
primary_recist	melanoma_recist_supported_primary	GSE91061	EcoNiche-Opt-WordNoInteraction	word_no_interaction	tumor_dedifferentiation	CASC14,CASC15	-1.0	0.75	0.6585910340921327	1.0	0.0	0.959598593124542
primary_recist	melanoma_recist_supported_primary	GSE91061	EcoNiche-Opt-WordNoInteraction	word_no_interaction	tumor_dedifferentiation	IGKV4-1	1.0	0.25	0.5986417321957641	1.0	0.0	0.8950062466115001
primary_recist	melanoma_recist_supported_primary	GSE91061	EcoNiche-Opt-WordNoInteraction	word_no_interaction	tumor_dedifferentiation	ITGA3	1.0	0.25	0.0043257253586982385	0.6666666666666666	1.0	1.3713274173751953
primary_recist	melanoma_recist_supported_primary	GSE91061	EcoNiche-Opt-WordNoInteraction	word_no_interaction	tumor_dedifferentiation	MIR4763,MIRLET7A3,MIRLET7B,MIRLET7BHG	-1.0	0.5	0.6960882960521982	1.0	0.0	1.0
primary_recist	melanoma_recist_supported_primary	GSE91061	EcoNiche-Opt-WordNoInteraction	word_no_interaction	tumor_dedifferentiation	NGFR	-1.0	0.5	0.01836380739022356	0.6666666666666666	1.0	1.3864527421125248
primary_recist	melanoma_recist_supported_primary	GSE91061	EcoNiche-Opt-WordNoInteraction	word_no_interaction	tumor_dedifferentiation	VIM	-1.0	0.5	0.1404377553823342	1.0	1.0	1.6013145920339569
primary_recist	melanoma_recist_supported_primary	GSE91061	EcoNiche-Opt-WordNoInteraction	word_no_interaction	tumor_dedifferentiation	ZEB1	-1.0	0.25	0.13253392181592838	0.6666666666666666	1.0	1.5094652770235524
primary_recist	melanoma_recist_supported_primary	GSE91061	EcoNiche-Opt-WordNoInteraction	word_no_interaction	antigen_presentation_mhc	B2M	1.0	0.5	0.24682893619627436	1.0	1.0	1.8359457186640067
primary_recist	melanoma_recist_supported_primary	GSE91061	EcoNiche-Opt-WordNoInteraction	word_no_interaction	antigen_presentation_mhc	HLA-DRB1	1.0	0.25	0.05311839588888462	1.0	1.0	1.507232390118618
primary_recist	melanoma_recist_supported_primary	GSE91061	EcoNiche-Opt-WordNoInteraction	word_no_interaction	antigen_presentation_mhc	PSMB8	1.0	0.25	0.12144276920832435	1.0	1.0	1.5808484533108902
primary_recist	melanoma_recist_supported_primary	GSE91061	EcoNiche-Opt-WordNoInteraction	word_no_interaction	antigen_presentation_mhc	TRAJ10	1.0	0.75	0.6296396874096398	1.0	0.0	0.9284049785572294
primary_recist	melanoma_recist_supported_primary	GSE91061	EcoNiche-Opt-WordNoInteraction	word_no_interaction	tnk_effector	CD8A	1.0	0.5	0.20003123584560686	0.6666666666666666	1.0	1.5821902255816054
primary_recist	melanoma_recist_supported_primary	GSE91061	EcoNiche-Opt-WordNoInteraction	word_no_interaction	tnk_effector	CXCL10	1.0	0.5	0.1834480735089903	0.6666666666666666	1.0	1.564322705292872
primary_recist	melanoma_recist_supported_primary	GSE91061	EcoNiche-Opt-WordNoInteraction	word_no_interaction	tnk_effector	CXCL11	1.0	0.25	0.1169821311757992	0.6666666666666666	1.0	1.4927090076734608
primary_recist	melanoma_recist_supported_primary	GSE91061	EcoNiche-Opt-WordNoInteraction	word_no_interaction	tnk_effector	GNLY	1.0	0.25	0.19209462867938673	1.0	1.0	1.6569722653385002
primary_recist	melanoma_recist_supported_primary	GSE91061	EcoNiche-Opt-WordNoInteraction	word_no_interaction	tnk_effector	GZMA	1.0	0.25	0.14092370480018865	0.6666666666666666	1.0	1.5185048446673148
primary_recist	melanoma_recist_supported_primary	GSE91061	EcoNiche-Opt-WordNoInteraction	word_no_interaction	tnk_effector	GZMB	1.0	0.25	0.051293727060602215	0.6666666666666666	1.0	1.5419330682332963
primary_recist	melanoma_recist_supported_primary	GSE91061	EcoNiche-Opt-WordNoInteraction	word_no_interaction	tnk_effector	IFNG	1.0	0.5	0.13887660731735282	1.0	1.0	1.7196325338017235
primary_recist	melanoma_recist_supported_primary	GSE91061	EcoNiche-Opt-WordNoInteraction	word_no_interaction	tnk_effector	NKG7	1.0	0.25	0.20923640167625485	1.0	1.0	1.6754416604146198
primary_recist	melanoma_recist_supported_primary	GSE91061	EcoNiche-Opt-WordNoInteraction	word_no_interaction	tnk_effector	SLC13A3,TP53RK	-1.0	0.75	0.6155779072387602	1.0	0.0	0.9132541202710431
primary_recist	melanoma_recist_supported_primary	GSE91061	EcoNiche-Opt-WordNoInteraction	word_no_interaction	tcell_dysfunction	CUZD1,FAM24B,FAM24B-CUZD1	1.0	0.25	0.6145871641088533	1.0	0.0	0.912186644561935
primary_recist	melanoma_recist_supported_primary	GSE91061	EcoNiche-Opt-WordNoInteraction	word_no_interaction	tcell_dysfunction	CXCL13	1.0	0.25	0.19595763651152806	0.6666666666666666	1.0	1.5778011279371162
primary_recist	melanoma_recist_supported_primary	GSE91061	EcoNiche-Opt-WordNoInteraction	word_no_interaction	tcell_dysfunction	IDO1	1.0	0.25	0.13435249275539665	0.6666666666666666	1.0	1.511424695408169
primary_recist	melanoma_recist_supported_primary	GSE91061	EcoNiche-Opt-WordNoInteraction	word_no_interaction	tcell_dysfunction	LAG3	1.0	0.25	0.1772644095655006	0.6666666666666666	1.0	1.6776601195491958
primary_recist	melanoma_recist_supported_primary	GSE91061	EcoNiche-Opt-WordNoInteraction	word_no_interaction	tcell_dysfunction	PDCD1	1.0	0.5	0.16165301315795366	1.0	1.0	1.7441729613269834
primary_recist	melanoma_recist_supported_primary	GSE91061	EcoNiche-Opt-WordNoInteraction	word_no_interaction	caf_ecm_exclusion	COL1A1	-1.0	0.5	0.18365904269398503	1.0	1.0	1.7678833472731736
primary_recist	melanoma_recist_supported_primary	GSE91061	EcoNiche-Opt-WordNoInteraction	word_no_interaction	caf_ecm_exclusion	CTD-2201I18.1,SERINC5	-1.0	1.0	0.6697495757450568	1.0	0.0	0.9716213584650262
primary_recist	melanoma_recist_supported_primary	GSE91061	EcoNiche-Opt-WordNoInteraction	word_no_interaction	caf_ecm_exclusion	CXCL12	1.0	0.25	0.01904949511857867	0.6666666666666666	1.0	1.507191536025859
primary_recist	melanoma_recist_supported_primary	GSE91061	EcoNiche-Opt-WordNoInteraction	word_no_interaction	caf_ecm_exclusion	IGHD2-15	1.0	0.5	0.6388147763670191	1.0	0.0	0.9382906737442641
primary_recist	melanoma_recist_supported_primary	GSE91061	EcoNiche-Opt-WordNoInteraction	word_no_interaction	caf_ecm_exclusion	RILP,SCARF1	-1.0	0.25	0.6656160906435411	1.0	0.0	0.9671677369291969
primary_recist	melanoma_recist_supported_primary	GSE91061	EcoNiche-Opt-WordNoInteraction	word_no_interaction	caf_ecm_exclusion	SLC13A3,TP53RK	-1.0	0.75	0.6155779072387602	1.0	0.0	0.9132541202710431
primary_recist	melanoma_recist_supported_primary	GSE91061	EcoNiche-Opt-WordNoInteraction	word_no_interaction	caf_ecm_exclusion	TGFB1	-1.0	0.75	0.0846799756199275	0.6666666666666666	1.0	1.5779050656961242
primary_recist	melanoma_recist_supported_primary	GSE91061	EcoNiche-Opt-WordNoInteraction	word_no_interaction	myeloid_suppression	CASC14,CASC15	-1.0	0.75	0.6585910340921327	1.0	0.0	0.959598593124542
primary_recist	melanoma_recist_supported_primary	GSE91061	EcoNiche-Opt-WordNoInteraction	word_no_interaction	myeloid_suppression	CD68	1.0	0.5	0.03353620044012477	0.5	1.0	1.3611335630447197
primary_recist	melanoma_recist_supported_primary	GSE91061	EcoNiche-Opt-WordNoInteraction	word_no_interaction	myeloid_suppression	CTD-2201I18.1,SERINC5	-1.0	1.0	0.6697495757450568	1.0	0.0	0.9716213584650262
primary_recist	melanoma_recist_supported_primary	GSE91061	EcoNiche-Opt-WordNoInteraction	word_no_interaction	myeloid_suppression	IGHD2-15	1.0	0.5	0.6388147763670191	1.0	0.0	0.9382906737442641
primary_recist	melanoma_recist_supported_primary	GSE91061	EcoNiche-Opt-WordNoInteraction	word_no_interaction	myeloid_suppression	IL10	-1.0	0.25	0.05902402758170933	0.6666666666666666	1.0	1.5502620768141209
primary_recist	melanoma_recist_supported_primary	GSE91061	EcoNiche-Opt-WordNoInteraction	word_no_interaction	myeloid_suppression	MIR143,MIR143HG	-1.0	0.5	0.6257842017515911	1.0	0.0	0.9242508873881405
primary_recist	melanoma_recist_supported_primary	GSE91061	EcoNiche-Opt-WordNoInteraction	word_no_interaction	myeloid_suppression	MRC1	-1.0	0.25	0.07282136547104513	0.6666666666666666	1.0	1.4451280118911642
primary_recist	melanoma_recist_supported_primary	GSE91061	EcoNiche-Opt-WordNoInteraction	word_no_interaction	myeloid_suppression	S100A9	-1.0	0.5	0.10118891654035457	1.0	1.0	1.6790259494889928
primary_recist	melanoma_recist_supported_primary	GSE91061	EcoNiche-Opt-WordNoInteraction	word_no_interaction	myeloid_suppression	TGFB1	-1.0	0.75	0.0846799756199275	0.6666666666666666	1.0	1.5779050656961242
primary_recist	melanoma_recist_supported_primary	GSE91061	EcoNiche-Opt-WordUnsignedGraph	word_unsigned_graph	tumor_dedifferentiation	MIR143,MIR143HG	1.0	1.0	0.6257842017515911	1.0	0.0	0.9242508873881405
primary_recist	melanoma_recist_supported_primary	GSE91061	EcoNiche-Opt-WordUnsignedGraph	word_unsigned_graph	tumor_dedifferentiation	RILP,SCARF1	1.0	0.5	0.6656160906435411	1.0	0.0	0.9671677369291969
primary_recist	melanoma_recist_supported_primary	GSE91061	EcoNiche-Opt-WordUnsignedGraph	word_unsigned_graph	tumor_dedifferentiation	TRAJ1	1.0	0.25	0.5959427509288164	1.0	0.0	0.8920982305427183
primary_recist	melanoma_recist_supported_primary	GSE91061	EcoNiche-Opt-WordUnsignedGraph	word_unsigned_graph	tumor_dedifferentiation	VIM	1.0	1.0	0.1404377553823342	1.0	1.0	1.6013145920339569
primary_recist	melanoma_recist_supported_primary	GSE91061	EcoNiche-Opt-WordUnsignedGraph	word_unsigned_graph	tumor_dedifferentiation	ZEB1	1.0	0.25	0.13253392181592838	0.6666666666666666	1.0	1.5094652770235524
primary_recist	melanoma_recist_supported_primary	GSE91061	EcoNiche-Opt-WordUnsignedGraph	word_unsigned_graph	antigen_presentation_mhc	B2M	1.0	0.5	0.24682893619627436	1.0	1.0	1.8359457186640067
primary_recist	melanoma_recist_supported_primary	GSE91061	EcoNiche-Opt-WordUnsignedGraph	word_unsigned_graph	antigen_presentation_mhc	CUZD1,FAM24B,FAM24B-CUZD1	1.0	0.25	0.6145871641088533	1.0	0.0	0.912186644561935
primary_recist	melanoma_recist_supported_primary	GSE91061	EcoNiche-Opt-WordUnsignedGraph	word_unsigned_graph	antigen_presentation_mhc	HLA-A	1.0	0.25	0.14007578656736994	1.0	1.0	1.7209245889082576
primary_recist	melanoma_recist_supported_primary	GSE91061	EcoNiche-Opt-WordUnsignedGraph	word_unsigned_graph	antigen_presentation_mhc	HLA-B	1.0	0.25	0.14895855806494526	1.0	1.0	1.6104953267887316
primary_recist	melanoma_recist_supported_primary	GSE91061	EcoNiche-Opt-WordUnsignedGraph	word_unsigned_graph	antigen_presentation_mhc	MIR548N,OSBPL6	1.0	0.75	0.635297935276771	1.0	0.0	0.9345014550019793
primary_recist	melanoma_recist_supported_primary	GSE91061	EcoNiche-Opt-WordUnsignedGraph	word_unsigned_graph	antigen_presentation_mhc	TAP1	1.0	0.25	0.13660789962167788	1.0	1.0	1.5971881157854944
primary_recist	melanoma_recist_supported_primary	GSE91061	EcoNiche-Opt-WordUnsignedGraph	word_unsigned_graph	tnk_effector	CD8A	1.0	0.5	0.20003123584560686	0.6666666666666666	1.0	1.5821902255816054
primary_recist	melanoma_recist_supported_primary	GSE91061	EcoNiche-Opt-WordUnsignedGraph	word_unsigned_graph	tnk_effector	CXCL10	1.0	0.5	0.1834480735089903	0.6666666666666666	1.0	1.564322705292872
primary_recist	melanoma_recist_supported_primary	GSE91061	EcoNiche-Opt-WordUnsignedGraph	word_unsigned_graph	tnk_effector	CXCL11	1.0	0.25	0.1169821311757992	0.6666666666666666	1.0	1.4927090076734608
primary_recist	melanoma_recist_supported_primary	GSE91061	EcoNiche-Opt-WordUnsignedGraph	word_unsigned_graph	tnk_effector	CXCL9	1.0	0.5	0.23138148971873468	1.0	1.0	1.6993018748817432
primary_recist	melanoma_recist_supported_primary	GSE91061	EcoNiche-Opt-WordUnsignedGraph	word_unsigned_graph	tnk_effector	GZMA	1.0	0.25	0.14092370480018865	0.6666666666666666	1.0	1.5185048446673148
primary_recist	melanoma_recist_supported_primary	GSE91061	EcoNiche-Opt-WordUnsignedGraph	word_unsigned_graph	tnk_effector	IFNG	1.0	0.5	0.13887660731735282	1.0	1.0	1.7196325338017235
primary_recist	melanoma_recist_supported_primary	GSE91061	EcoNiche-Opt-WordUnsignedGraph	word_unsigned_graph	tnk_effector	MIR143,MIR143HG	1.0	1.0	0.6257842017515911	1.0	0.0	0.9242508873881405
primary_recist	melanoma_recist_supported_primary	GSE91061	EcoNiche-Opt-WordUnsignedGraph	word_unsigned_graph	tnk_effector	NKG7	1.0	0.25	0.20923640167625485	1.0	1.0	1.6754416604146198
primary_recist	melanoma_recist_supported_primary	GSE91061	EcoNiche-Opt-WordUnsignedGraph	word_unsigned_graph	tnk_effector	RPS8,SNORD55	1.0	0.25	0.6206830299458805	1.0	0.0	0.9187546322780042
primary_recist	melanoma_recist_supported_primary	GSE91061	EcoNiche-Opt-WordUnsignedGraph	word_unsigned_graph	tcell_dysfunction	CASC14,CASC15	1.0	0.5	0.6585910340921327	1.0	0.0	0.959598593124542
primary_recist	melanoma_recist_supported_primary	GSE91061	EcoNiche-Opt-WordUnsignedGraph	word_unsigned_graph	tcell_dysfunction	IGKV4-1	1.0	0.25	0.5986417321957641	1.0	0.0	0.8950062466115001
primary_recist	melanoma_recist_supported_primary	GSE91061	EcoNiche-Opt-WordUnsignedGraph	word_unsigned_graph	tcell_dysfunction	MIR143,MIR143HG	1.0	1.0	0.6257842017515911	1.0	0.0	0.9242508873881405
primary_recist	melanoma_recist_supported_primary	GSE91061	EcoNiche-Opt-WordUnsignedGraph	word_unsigned_graph	tcell_dysfunction	PDCD1	1.0	0.5	0.16165301315795366	1.0	1.0	1.7441729613269834
primary_recist	melanoma_recist_supported_primary	GSE91061	EcoNiche-Opt-WordUnsignedGraph	word_unsigned_graph	tcell_dysfunction	RILP,SCARF1	1.0	0.5	0.6656160906435411	1.0	0.0	0.9671677369291969
primary_recist	melanoma_recist_supported_primary	GSE91061	EcoNiche-Opt-WordUnsignedGraph	word_unsigned_graph	tcell_dysfunction	TRAJ6	1.0	0.75	0.6308268177901365	1.0	0.0	0.92968405161509
primary_recist	melanoma_recist_supported_primary	GSE91061	EcoNiche-Opt-WordUnsignedGraph	word_unsigned_graph	caf_ecm_exclusion	COL1A1	1.0	0.5	0.18365904269398503	1.0	1.0	1.7678833472731736
primary_recist	melanoma_recist_supported_primary	GSE91061	EcoNiche-Opt-WordUnsignedGraph	word_unsigned_graph	caf_ecm_exclusion	CXCL12	1.0	0.25	0.01904949511857867	0.6666666666666666	1.0	1.507191536025859
primary_recist	melanoma_recist_supported_primary	GSE91061	EcoNiche-Opt-WordUnsignedGraph	word_unsigned_graph	caf_ecm_exclusion	FAP	1.0	0.25	0.25031305913502633	1.0	1.0	1.7196996852496884
primary_recist	melanoma_recist_supported_primary	GSE91061	EcoNiche-Opt-WordUnsignedGraph	word_unsigned_graph	caf_ecm_exclusion	HPN,SCN1B	1.0	0.25	0.6203434860963829	1.0	0.0	0.918388790920568
primary_recist	melanoma_recist_supported_primary	GSE91061	EcoNiche-Opt-WordUnsignedGraph	word_unsigned_graph	caf_ecm_exclusion	MIR548N,OSBPL6	1.0	0.75	0.635297935276771	1.0	0.0	0.9345014550019793
primary_recist	melanoma_recist_supported_primary	GSE91061	EcoNiche-Opt-WordUnsignedGraph	word_unsigned_graph	caf_ecm_exclusion	POSTN	1.0	0.25	0.20968348077434457	1.0	1.0	1.675923365573964
primary_recist	melanoma_recist_supported_primary	GSE91061	EcoNiche-Opt-WordUnsignedGraph	word_unsigned_graph	caf_ecm_exclusion	TGFBI	1.0	0.25	0.2545908515755244	1.0	1.0	1.7243087906585415
primary_recist	melanoma_recist_supported_primary	GSE91061	EcoNiche-Opt-WordUnsignedGraph	word_unsigned_graph	caf_ecm_exclusion	TRAJ10	1.0	0.5	0.6296396874096398	1.0	0.0	0.9284049785572294
primary_recist	melanoma_recist_supported_primary	GSE91061	EcoNiche-Opt-WordUnsignedGraph	word_unsigned_graph	caf_ecm_exclusion	VIM	1.0	1.0	0.1404377553823342	1.0	1.0	1.6013145920339569
primary_recist	melanoma_recist_supported_primary	GSE91061	EcoNiche-Opt-WordUnsignedGraph	word_unsigned_graph	myeloid_suppression	IGHD2-15	1.0	0.75	0.6388147763670191	1.0	0.0	0.9382906737442641
primary_recist	melanoma_recist_supported_primary	GSE91061	EcoNiche-Opt-WordUnsignedGraph	word_unsigned_graph	myeloid_suppression	IGHV6-1	1.0	0.5	0.6025726811475239	1.0	0.0	0.8992416456701259
primary_recist	melanoma_recist_supported_primary	GSE91061	EcoNiche-Opt-WordUnsignedGraph	word_unsigned_graph	myeloid_suppression	MIR548N,OSBPL6	1.0	0.75	0.635297935276771	1.0	0.0	0.9345014550019793
primary_recist	melanoma_recist_supported_primary	GSE91061	EcoNiche-Opt-WordUnsignedGraph	word_unsigned_graph	myeloid_suppression	S100A8	1.0	0.25	0.1439258011343337	0.6666666666666666	1.0	1.6417394519195534
primary_recist	melanoma_recist_supported_primary	GSE91061	EcoNiche-Opt-WordUnsignedGraph	word_unsigned_graph	myeloid_suppression	S100A9	1.0	0.5	0.10118891654035457	1.0	1.0	1.6790259494889928
primary_recist	melanoma_recist_supported_primary	GSE91061	EcoNiche-Opt-WordNoBioObjective	word_no_bio_objective	tumor_dedifferentiation	APOC1,APOC1P1	-1.0	0.4	0.615843543085776	1.0	0.0	0.9135403294867299
primary_recist	melanoma_recist_supported_primary	GSE91061	EcoNiche-Opt-WordNoBioObjective	word_no_bio_objective	tumor_dedifferentiation	RILP,SCARF1	-1.0	0.4	0.6656160906435411	1.0	0.0	0.9671677369291969
primary_recist	melanoma_recist_supported_primary	GSE91061	EcoNiche-Opt-WordNoBioObjective	word_no_bio_objective	tumor_dedifferentiation	RPS8,SNORD55	1.0	1.0	0.6206830299458805	1.0	0.0	0.9187546322780042
primary_recist	melanoma_recist_supported_primary	GSE91061	EcoNiche-Opt-WordNoBioObjective	word_no_bio_objective	tumor_dedifferentiation	SOX10	1.0	0.2	0.09934710535136741	0.6666666666666666	1.0	1.4737081575753692
primary_recist	melanoma_recist_supported_primary	GSE91061	EcoNiche-Opt-WordNoBioObjective	word_no_bio_objective	tumor_dedifferentiation	TRAJ10	1.0	0.4	0.6296396874096398	1.0	0.0	0.9284049785572294
primary_recist	melanoma_recist_supported_primary	GSE91061	EcoNiche-Opt-WordNoBioObjective	word_no_bio_objective	tumor_dedifferentiation	VIM	-1.0	0.4	0.1404377553823342	1.0	1.0	1.6013145920339569
primary_recist	melanoma_recist_supported_primary	GSE91061	EcoNiche-Opt-WordNoBioObjective	word_no_bio_objective	tumor_dedifferentiation	ZEB1	-1.0	0.2	0.13253392181592838	0.6666666666666666	1.0	1.5094652770235524
primary_recist	melanoma_recist_supported_primary	GSE91061	EcoNiche-Opt-WordNoBioObjective	word_no_bio_objective	antigen_presentation_mhc	B2M	1.0	0.4	0.24682893619627436	1.0	1.0	1.8359457186640067
primary_recist	melanoma_recist_supported_primary	GSE91061	EcoNiche-Opt-WordNoBioObjective	word_no_bio_objective	antigen_presentation_mhc	HLA-DRB1	1.0	0.2	0.05311839588888462	1.0	1.0	1.507232390118618
primary_recist	melanoma_recist_supported_primary	GSE91061	EcoNiche-Opt-WordNoBioObjective	word_no_bio_objective	antigen_presentation_mhc	TAP1	1.0	0.2	0.13660789962167788	1.0	1.0	1.5971881157854944
primary_recist	melanoma_recist_supported_primary	GSE91061	EcoNiche-Opt-WordNoBioObjective	word_no_bio_objective	tnk_effector	CCL5	1.0	0.2	0.24651355616526938	0.6666666666666666	1.0	1.6322725792678576
primary_recist	melanoma_recist_supported_primary	GSE91061	EcoNiche-Opt-WordNoBioObjective	word_no_bio_objective	tnk_effector	CXCL11	1.0	0.2	0.1169821311757992	0.6666666666666666	1.0	1.4927090076734608
primary_recist	melanoma_recist_supported_primary	GSE91061	EcoNiche-Opt-WordNoBioObjective	word_no_bio_objective	tnk_effector	GNLY	1.0	0.2	0.19209462867938673	1.0	1.0	1.6569722653385002
primary_recist	melanoma_recist_supported_primary	GSE91061	EcoNiche-Opt-WordNoBioObjective	word_no_bio_objective	tnk_effector	GZMA	1.0	0.2	0.14092370480018865	0.6666666666666666	1.0	1.5185048446673148
primary_recist	melanoma_recist_supported_primary	GSE91061	EcoNiche-Opt-WordNoBioObjective	word_no_bio_objective	tnk_effector	HPN,SCN1B	-1.0	0.4	0.6203434860963829	1.0	0.0	0.918388790920568
primary_recist	melanoma_recist_supported_primary	GSE91061	EcoNiche-Opt-WordNoBioObjective	word_no_bio_objective	tnk_effector	IFNG	1.0	0.4	0.13887660731735282	1.0	1.0	1.7196325338017235
primary_recist	melanoma_recist_supported_primary	GSE91061	EcoNiche-Opt-WordNoBioObjective	word_no_bio_objective	tnk_effector	NKG7	1.0	0.2	0.20923640167625485	1.0	1.0	1.6754416604146198
primary_recist	melanoma_recist_supported_primary	GSE91061	EcoNiche-Opt-WordNoBioObjective	word_no_bio_objective	tnk_effector	PRF1	1.0	0.2	0.1375919857985165	0.6666666666666666	1.0	1.6349150856303856
primary_recist	melanoma_recist_supported_primary	GSE91061	EcoNiche-Opt-WordNoBioObjective	word_no_bio_objective	tnk_effector	SLC13A3,TP53RK	-1.0	0.6	0.6155779072387602	1.0	0.0	0.9132541202710431
primary_recist	melanoma_recist_supported_primary	GSE91061	EcoNiche-Opt-WordNoBioObjective	word_no_bio_objective	tcell_dysfunction	PDCD1	1.0	0.4	0.16165301315795366	1.0	1.0	1.7441729613269834
primary_recist	melanoma_recist_supported_primary	GSE91061	EcoNiche-Opt-WordNoBioObjective	word_no_bio_objective	tcell_dysfunction	SLC13A3,TP53RK	-1.0	0.6	0.6155779072387602	1.0	0.0	0.9132541202710431
primary_recist	melanoma_recist_supported_primary	GSE91061	EcoNiche-Opt-WordNoBioObjective	word_no_bio_objective	tcell_dysfunction	TIGIT	1.0	0.2	0.14138673032887397	0.6666666666666666	1.0	1.519003731300639
primary_recist	melanoma_recist_supported_primary	GSE91061	EcoNiche-Opt-WordNoBioObjective	word_no_bio_objective	caf_ecm_exclusion	COL1A1	-1.0	0.4	0.18365904269398503	1.0	1.0	1.7678833472731736
primary_recist	melanoma_recist_supported_primary	GSE91061	EcoNiche-Opt-WordNoBioObjective	word_no_bio_objective	caf_ecm_exclusion	FAP	-1.0	0.2	0.25031305913502633	1.0	1.0	1.7196996852496884
primary_recist	melanoma_recist_supported_primary	GSE91061	EcoNiche-Opt-WordNoBioObjective	word_no_bio_objective	caf_ecm_exclusion	FN1	-1.0	0.2	0.1472907067022068	0.6666666666666666	1.0	1.6453649678062845
primary_recist	melanoma_recist_supported_primary	GSE91061	EcoNiche-Opt-WordNoBioObjective	word_no_bio_objective	caf_ecm_exclusion	MIR548N,OSBPL6	-1.0	0.8	0.635297935276771	1.0	0.0	0.9345014550019793
primary_recist	melanoma_recist_supported_primary	GSE91061	EcoNiche-Opt-WordNoBioObjective	word_no_bio_objective	caf_ecm_exclusion	RPS8,SNORD55	1.0	1.0	0.6206830299458805	1.0	0.0	0.9187546322780042
primary_recist	melanoma_recist_supported_primary	GSE91061	EcoNiche-Opt-WordNoBioObjective	word_no_bio_objective	caf_ecm_exclusion	TRAJ6	1.0	0.6	0.6308268177901365	1.0	0.0	0.92968405161509
primary_recist	melanoma_recist_supported_primary	GSE91061	EcoNiche-Opt-WordNoBioObjective	word_no_bio_objective	myeloid_suppression	ATP5E,SLMO2,SLMO2-ATP5E	-1.0	0.2	0.6086872170121767	1.0	0.0	0.9058297493984863
primary_recist	melanoma_recist_supported_primary	GSE91061	EcoNiche-Opt-WordNoBioObjective	word_no_bio_objective	myeloid_suppression	CSF1R	-1.0	0.2	0.02343305586429013	1.0	1.0	1.4752479347776588
primary_recist	melanoma_recist_supported_primary	GSE91061	EcoNiche-Opt-WordNoBioObjective	word_no_bio_objective	myeloid_suppression	CUZD1,FAM24B,FAM24B-CUZD1	1.0	0.2	0.6145871641088533	1.0	0.0	0.912186644561935
primary_recist	melanoma_recist_supported_primary	GSE91061	EcoNiche-Opt-WordNoBioObjective	word_no_bio_objective	myeloid_suppression	S100A9	-1.0	0.4	0.10118891654035457	1.0	1.0	1.6790259494889928
primary_recist	melanoma_recist_supported_primary	GSE91061	EcoNiche-Opt-WordNoBioObjective	word_no_bio_objective	myeloid_suppression	TRAJ10	1.0	0.4	0.6296396874096398	1.0	0.0	0.9284049785572294
primary_recist	melanoma_recist_supported_primary	GSE78220	EcoNiche-Opt-WordFullGraph	word_full_graph	tumor_dedifferentiation	AXL	1.0	0.125	0.08307822913831658	0.6666666666666666	1.0	1.4378223429570132
primary_recist	melanoma_recist_supported_primary	GSE78220	EcoNiche-Opt-WordFullGraph	word_full_graph	tumor_dedifferentiation	IFNG	1.0	0.25	0.2583682527785946	1.0	0.0	0.8072898366888396
primary_recist	melanoma_recist_supported_primary	GSE78220	EcoNiche-Opt-WordFullGraph	word_full_graph	tumor_dedifferentiation	LOC101927217	1.0	1.0	0.7586441801725768	1.0	0.0	0.8997711887195018
primary_recist	melanoma_recist_supported_primary	GSE78220	EcoNiche-Opt-WordFullGraph	word_full_graph	tumor_dedifferentiation	LOC101928460	-1.0	0.25	0.6680000626743775	1.0	0.0	0.8221354043603084
primary_recist	melanoma_recist_supported_primary	GSE78220	EcoNiche-Opt-WordFullGraph	word_full_graph	tumor_dedifferentiation	LOC441178	1.0	0.5	0.6697433648619487	1.0	0.0	0.8236285253310088
primary_recist	melanoma_recist_supported_primary	GSE78220	EcoNiche-Opt-WordFullGraph	word_full_graph	tumor_dedifferentiation	SOX10	-1.0	0.125	0.17114578720173607	0.6666666666666666	1.0	1.513251329807574
primary_recist	melanoma_recist_supported_primary	GSE78220	EcoNiche-Opt-WordFullGraph	word_full_graph	tumor_dedifferentiation	VIM	-1.0	0.25	0.1462317911428444	1.0	1.0	1.5752460735121612
primary_recist	melanoma_recist_supported_primary	GSE78220	EcoNiche-Opt-WordFullGraph	word_full_graph	antigen_presentation_mhc	HLA-A	1.0	0.5	0.30537556434875057	1.0	1.0	1.8315511311345443
primary_recist	melanoma_recist_supported_primary	GSE78220	EcoNiche-Opt-WordFullGraph	word_full_graph	antigen_presentation_mhc	LOC101927322	1.0	0.625	0.8756669193823792	1.0	0.0	1.0
primary_recist	melanoma_recist_supported_primary	GSE78220	EcoNiche-Opt-WordFullGraph	word_full_graph	antigen_presentation_mhc	LOC101928460	-1.0	0.25	0.6680000626743775	1.0	0.0	0.8221354043603084
primary_recist	melanoma_recist_supported_primary	GSE78220	EcoNiche-Opt-WordFullGraph	word_full_graph	antigen_presentation_mhc	RILP,SCARF1	-1.0	0.25	0.6656160906435411	1.0	0.0	0.8200935560461249
primary_recist	melanoma_recist_supported_primary	GSE78220	EcoNiche-Opt-WordFullGraph	word_full_graph	tnk_effector	CCL5	1.0	0.25	0.30446385579386787	1.0	1.0	1.7107702618324991
primary_recist	melanoma_recist_supported_primary	GSE78220	EcoNiche-Opt-WordFullGraph	word_full_graph	tnk_effector	GZMB	1.0	0.125	0.2254549094240998	1.0	1.0	1.7630998857274833
primary_recist	melanoma_recist_supported_primary	GSE78220	EcoNiche-Opt-WordFullGraph	word_full_graph	tnk_effector	LOC101927217	1.0	1.0	0.7586441801725768	1.0	0.0	0.8997711887195018
primary_recist	melanoma_recist_supported_primary	GSE78220	EcoNiche-Opt-WordFullGraph	word_full_graph	tnk_effector	LOC101927322	1.0	0.625	0.8756669193823792	1.0	0.0	1.0
primary_recist	melanoma_recist_supported_primary	GSE78220	EcoNiche-Opt-WordFullGraph	word_full_graph	tnk_effector	PRF1	1.0	0.25	0.34643230597838	1.0	1.0	1.8667158216585855
primary_recist	melanoma_recist_supported_primary	GSE78220	EcoNiche-Opt-WordFullGraph	word_full_graph	tcell_dysfunction	BCMO1	-1.0	0.5	0.6640493276756246	1.0	0.0	0.8187516391597747
primary_recist	melanoma_recist_supported_primary	GSE78220	EcoNiche-Opt-WordFullGraph	word_full_graph	tcell_dysfunction	CTLA4	1.0	0.125	0.2951243734873164	0.6666666666666666	1.0	1.6194377548694778
primary_recist	melanoma_recist_supported_primary	GSE78220	EcoNiche-Opt-WordFullGraph	word_full_graph	tcell_dysfunction	LOC100506457	1.0	0.25	0.646600198566872	1.0	0.0	0.8038066337680045
primary_recist	melanoma_recist_supported_primary	GSE78220	EcoNiche-Opt-WordFullGraph	word_full_graph	tcell_dysfunction	LOC101927217	1.0	1.0	0.7586441801725768	1.0	0.0	0.8997711887195018
primary_recist	melanoma_recist_supported_primary	GSE78220	EcoNiche-Opt-WordFullGraph	word_full_graph	tcell_dysfunction	LOC101927322	1.0	0.625	0.8756669193823792	1.0	0.0	1.0
primary_recist	melanoma_recist_supported_primary	GSE78220	EcoNiche-Opt-WordFullGraph	word_full_graph	tcell_dysfunction	PDCD1	1.0	0.375	0.3623505272055069	1.0	1.0	1.8803496196885097
primary_recist	melanoma_recist_supported_primary	GSE78220	EcoNiche-Opt-WordFullGraph	word_full_graph	caf_ecm_exclusion	ACTA2	1.0	0.25	0.1726246894465687	0.5	1.0	1.472851328192508
primary_recist	melanoma_recist_supported_primary	GSE78220	EcoNiche-Opt-WordFullGraph	word_full_graph	caf_ecm_exclusion	CTD-2201I18.1,SERINC5	-1.0	0.375	0.6697495757450568	1.0	0.0	0.8236338448905673
primary_recist	melanoma_recist_supported_primary	GSE78220	EcoNiche-Opt-WordFullGraph	word_full_graph	caf_ecm_exclusion	LOC101927217	1.0	1.0	0.7586441801725768	1.0	0.0	0.8997711887195018
primary_recist	melanoma_recist_supported_primary	GSE78220	EcoNiche-Opt-WordFullGraph	word_full_graph	caf_ecm_exclusion	LOC101927322	1.0	0.625	0.8756669193823792	1.0	0.0	1.0
primary_recist	melanoma_recist_supported_primary	GSE78220	EcoNiche-Opt-WordFullGraph	word_full_graph	caf_ecm_exclusion	LOC101928738	-1.0	0.25	0.6995428334155187	1.0	0.0	0.8491514735211049
primary_recist	melanoma_recist_supported_primary	GSE78220	EcoNiche-Opt-WordFullGraph	word_full_graph	caf_ecm_exclusion	LOC441178	1.0	0.5	0.6697433648619487	1.0	0.0	0.8236285253310088
primary_recist	melanoma_recist_supported_primary	GSE78220	EcoNiche-Opt-WordFullGraph	word_full_graph	caf_ecm_exclusion	PDCD1	1.0	0.375	0.3623505272055069	1.0	0.0	0.8963496196885097
primary_recist	melanoma_recist_supported_primary	GSE78220	EcoNiche-Opt-WordFullGraph	word_full_graph	caf_ecm_exclusion	TGFB1	1.0	0.5	0.20481675998662052	1.0	1.0	1.7454235161678948
primary_recist	melanoma_recist_supported_primary	GSE78220	EcoNiche-Opt-WordFullGraph	word_full_graph	myeloid_suppression	CSF1R	1.0	0.125	0.08291458909078846	1.0	1.0	1.5210155202185232
primary_recist	melanoma_recist_supported_primary	GSE78220	EcoNiche-Opt-WordFullGraph	word_full_graph	myeloid_suppression	GPR111	-1.0	0.125	0.6696840979406907	1.0	0.0	0.8235777638028985
primary_recist	melanoma_recist_supported_primary	GSE78220	EcoNiche-Opt-WordFullGraph	word_full_graph	myeloid_suppression	LOC101927322	1.0	0.625	0.8756669193823792	1.0	0.0	1.0
primary_recist	melanoma_recist_supported_primary	GSE78220	EcoNiche-Opt-WordFullGraph	word_full_graph	myeloid_suppression	LOC101928043	1.0	0.125	0.6581897355652404	1.0	0.0	0.8137329568440287
primary_recist	melanoma_recist_supported_primary	GSE78220	EcoNiche-Opt-WordFullGraph	word_full_graph	myeloid_suppression	LOC441178	1.0	0.5	0.6697433648619487	1.0	0.0	0.8236285253310088
primary_recist	melanoma_recist_supported_primary	GSE78220	EcoNiche-Opt-WordFullGraph	word_full_graph	myeloid_suppression	S100A9	-1.0	0.125	0.1300547361867548	0.6666666666666666	1.0	1.598057253636497
primary_recist	melanoma_recist_supported_primary	GSE78220	EcoNiche-Opt-WordFullGraph	word_full_graph	myeloid_suppression	TGFB1	1.0	0.5	0.20481675998662052	1.0	1.0	1.7454235161678948
primary_recist	melanoma_recist_supported_primary	GSE78220	EcoNiche-Opt-WordNoInteraction	word_no_interaction	tumor_dedifferentiation	AXL	1.0	0.25	0.08307822913831658	0.6666666666666666	1.0	1.4378223429570132
primary_recist	melanoma_recist_supported_primary	GSE78220	EcoNiche-Opt-WordNoInteraction	word_no_interaction	tumor_dedifferentiation	CTD-2201I18.1,SERINC5	-1.0	1.0	0.6697495757450568	1.0	0.0	0.8236338448905673
primary_recist	melanoma_recist_supported_primary	GSE78220	EcoNiche-Opt-WordNoInteraction	word_no_interaction	tumor_dedifferentiation	GPR111	-1.0	1.0	0.6696840979406907	1.0	0.0	0.8235777638028985
primary_recist	melanoma_recist_supported_primary	GSE78220	EcoNiche-Opt-WordNoInteraction	word_no_interaction	tumor_dedifferentiation	LOC101927217	1.0	0.5	0.7586441801725768	1.0	0.0	0.8997711887195018
primary_recist	melanoma_recist_supported_primary	GSE78220	EcoNiche-Opt-WordNoInteraction	word_no_interaction	tumor_dedifferentiation	LOC101927322	1.0	0.75	0.8756669193823792	1.0	0.0	1.0
primary_recist	melanoma_recist_supported_primary	GSE78220	EcoNiche-Opt-WordNoInteraction	word_no_interaction	tumor_dedifferentiation	MIR4763,MIRLET7A3,MIRLET7B,MIRLET7BHG	-1.0	0.5	0.6960882960521982	1.0	0.0	0.8461926966561324
primary_recist	melanoma_recist_supported_primary	GSE78220	EcoNiche-Opt-WordNoInteraction	word_no_interaction	tumor_dedifferentiation	MITF	-1.0	0.5	0.09106908583267447	0.6666666666666666	1.0	1.444666432174173
primary_recist	melanoma_recist_supported_primary	GSE78220	EcoNiche-Opt-WordNoInteraction	word_no_interaction	tumor_dedifferentiation	VIM	-1.0	0.75	0.1462317911428444	1.0	1.0	1.5752460735121612
primary_recist	melanoma_recist_supported_primary	GSE78220	EcoNiche-Opt-WordNoInteraction	word_no_interaction	antigen_presentation_mhc	B2M	-1.0	0.25	0.09393932566310266	0.6666666666666666	1.0	1.5671247640183625
primary_recist	melanoma_recist_supported_primary	GSE78220	EcoNiche-Opt-WordNoInteraction	word_no_interaction	antigen_presentation_mhc	GPR111	-1.0	1.0	0.6696840979406907	1.0	0.0	0.8235777638028985
primary_recist	melanoma_recist_supported_primary	GSE78220	EcoNiche-Opt-WordNoInteraction	word_no_interaction	antigen_presentation_mhc	HLA-A	1.0	0.5	0.30537556434875057	1.0	1.0	1.8315511311345443
primary_recist	melanoma_recist_supported_primary	GSE78220	EcoNiche-Opt-WordNoInteraction	word_no_interaction	antigen_presentation_mhc	LAG3	1.0	0.75	0.35609439143194954	1.0	0.0	0.8909913016724798
primary_recist	melanoma_recist_supported_primary	GSE78220	EcoNiche-Opt-WordNoInteraction	word_no_interaction	antigen_presentation_mhc	LOC101928043	1.0	0.25	0.6581897355652404	1.0	0.0	0.8137329568440287
primary_recist	melanoma_recist_supported_primary	GSE78220	EcoNiche-Opt-WordNoInteraction	word_no_interaction	antigen_presentation_mhc	LOC101928738	-1.0	0.25	0.6995428334155187	1.0	0.0	0.8491514735211049
primary_recist	melanoma_recist_supported_primary	GSE78220	EcoNiche-Opt-WordNoInteraction	word_no_interaction	antigen_presentation_mhc	MIR4763,MIRLET7A3,MIRLET7B,MIRLET7BHG	-1.0	0.5	0.6960882960521982	1.0	0.0	0.8461926966561324
primary_recist	melanoma_recist_supported_primary	GSE78220	EcoNiche-Opt-WordNoInteraction	word_no_interaction	tnk_effector	CCL5	1.0	0.25	0.30446385579386787	1.0	1.0	1.7107702618324991
primary_recist	melanoma_recist_supported_primary	GSE78220	EcoNiche-Opt-WordNoInteraction	word_no_interaction	tnk_effector	CD8B	1.0	0.25	0.33765849843956175	1.0	1.0	1.739201142836694
primary_recist	melanoma_recist_supported_primary	GSE78220	EcoNiche-Opt-WordNoInteraction	word_no_interaction	tnk_effector	CTD-2201I18.1,SERINC5	-1.0	1.0	0.6697495757450568	1.0	0.0	0.8236338448905673
primary_recist	melanoma_recist_supported_primary	GSE78220	EcoNiche-Opt-WordNoInteraction	word_no_interaction	tnk_effector	CXCL10	1.0	0.25	0.21369863805072056	0.6666666666666666	1.0	1.549697422985615
primary_recist	melanoma_recist_supported_primary	GSE78220	EcoNiche-Opt-WordNoInteraction	word_no_interaction	tnk_effector	CXCL9	1.0	0.25	0.2019788728869989	1.0	1.0	1.6229928941155995
primary_recist	melanoma_recist_supported_primary	GSE78220	EcoNiche-Opt-WordNoInteraction	word_no_interaction	tnk_effector	NKG7	1.0	0.5	0.16142771766441666	1.0	1.0	1.588261233316551
primary_recist	melanoma_recist_supported_primary	GSE78220	EcoNiche-Opt-WordNoInteraction	word_no_interaction	tnk_effector	PRF1	1.0	0.75	0.34643230597838	1.0	1.0	1.8667158216585855
primary_recist	melanoma_recist_supported_primary	GSE78220	EcoNiche-Opt-WordNoInteraction	word_no_interaction	tcell_dysfunction	GPR111	-1.0	1.0	0.6696840979406907	1.0	0.0	0.8235777638028985
primary_recist	melanoma_recist_supported_primary	GSE78220	EcoNiche-Opt-WordNoInteraction	word_no_interaction	tcell_dysfunction	GYLTL1B	1.0	0.25	0.6431568896020978	1.0	0.0	0.8008574739146186
primary_recist	melanoma_recist_supported_primary	GSE78220	EcoNiche-Opt-WordNoInteraction	word_no_interaction	tcell_dysfunction	IDO1	1.0	0.25	0.2906346592735824	0.6666666666666666	1.0	1.6155923593363504
primary_recist	melanoma_recist_supported_primary	GSE78220	EcoNiche-Opt-WordNoInteraction	word_no_interaction	tcell_dysfunction	LOC101926975	1.0	0.75	0.7645940562842825	1.0	0.0	0.9048671983836862
primary_recist	melanoma_recist_supported_primary	GSE78220	EcoNiche-Opt-WordNoInteraction	word_no_interaction	tcell_dysfunction	LOC101928303	-1.0	0.25	0.8081431912341638	1.0	0.0	0.9421665989770625
primary_recist	melanoma_recist_supported_primary	GSE78220	EcoNiche-Opt-WordNoInteraction	word_no_interaction	tcell_dysfunction	LOC101928372	-1.0	0.75	0.703913305269145	1.0	0.0	0.852894739159747
primary_recist	melanoma_recist_supported_primary	GSE78220	EcoNiche-Opt-WordNoInteraction	word_no_interaction	tcell_dysfunction	PDCD1	1.0	1.0	0.3623505272055069	1.0	1.0	1.8803496196885097
primary_recist	melanoma_recist_supported_primary	GSE78220	EcoNiche-Opt-WordNoInteraction	word_no_interaction	caf_ecm_exclusion	COL1A1	1.0	0.25	0.07305270187439346	1.0	1.0	1.6325689119836102
primary_recist	melanoma_recist_supported_primary	GSE78220	EcoNiche-Opt-WordNoInteraction	word_no_interaction	caf_ecm_exclusion	CXCL12	1.0	0.5	0.14075917639954097	1.0	1.0	1.6905588334593198
primary_recist	melanoma_recist_supported_primary	GSE78220	EcoNiche-Opt-WordNoInteraction	word_no_interaction	caf_ecm_exclusion	LOC101927217	1.0	0.5	0.7586441801725768	1.0	0.0	0.8997711887195018
primary_recist	melanoma_recist_supported_primary	GSE78220	EcoNiche-Opt-WordNoInteraction	word_no_interaction	caf_ecm_exclusion	LOC101927322	1.0	0.75	0.8756669193823792	1.0	0.0	1.0
primary_recist	melanoma_recist_supported_primary	GSE78220	EcoNiche-Opt-WordNoInteraction	word_no_interaction	caf_ecm_exclusion	TGFB1	1.0	1.0	0.20481675998662052	1.0	1.0	1.7454235161678948
primary_recist	melanoma_recist_supported_primary	GSE78220	EcoNiche-Opt-WordNoInteraction	word_no_interaction	caf_ecm_exclusion	TGFBI	-1.0	0.5	0.11781997283017047	1.0	1.0	1.5509116339406233
primary_recist	melanoma_recist_supported_primary	GSE78220	EcoNiche-Opt-WordNoInteraction	word_no_interaction	myeloid_suppression	CSF1R	1.0	0.5	0.08291458909078846	1.0	1.0	1.5210155202185232
primary_recist	melanoma_recist_supported_primary	GSE78220	EcoNiche-Opt-WordNoInteraction	word_no_interaction	myeloid_suppression	CTD-2201I18.1,SERINC5	-1.0	1.0	0.6697495757450568	1.0	0.0	0.8236338448905673
primary_recist	melanoma_recist_supported_primary	GSE78220	EcoNiche-Opt-WordNoInteraction	word_no_interaction	myeloid_suppression	LOC101926975	1.0	0.75	0.7645940562842825	1.0	0.0	0.9048671983836862
primary_recist	melanoma_recist_supported_primary	GSE78220	EcoNiche-Opt-WordNoInteraction	word_no_interaction	myeloid_suppression	LOC101928372	-1.0	0.75	0.703913305269145	1.0	0.0	0.852894739159747
primary_recist	melanoma_recist_supported_primary	GSE78220	EcoNiche-Opt-WordNoInteraction	word_no_interaction	myeloid_suppression	S100A8	-1.0	0.25	0.10969474557995905	0.6666666666666666	1.0	1.580619124346576
primary_recist	melanoma_recist_supported_primary	GSE78220	EcoNiche-Opt-WordNoInteraction	word_no_interaction	myeloid_suppression	TGFB1	1.0	1.0	0.20481675998662052	1.0	1.0	1.7454235161678948
primary_recist	melanoma_recist_supported_primary	GSE78220	EcoNiche-Opt-WordUnsignedGraph	word_unsigned_graph	tumor_dedifferentiation	AXL	1.0	0.4	0.08307822913831658	0.6666666666666666	1.0	1.4378223429570132
primary_recist	melanoma_recist_supported_primary	GSE78220	EcoNiche-Opt-WordUnsignedGraph	word_unsigned_graph	tumor_dedifferentiation	LOC101928303	1.0	0.2	0.8081431912341638	1.0	0.0	0.9421665989770625
primary_recist	melanoma_recist_supported_primary	GSE78220	EcoNiche-Opt-WordUnsignedGraph	word_unsigned_graph	tumor_dedifferentiation	VIM	1.0	0.4	0.1462317911428444	1.0	1.0	1.5752460735121612
primary_recist	melanoma_recist_supported_primary	GSE78220	EcoNiche-Opt-WordUnsignedGraph	word_unsigned_graph	antigen_presentation_mhc	BCMO1	1.0	0.8	0.6640493276756246	1.0	0.0	0.8187516391597747
primary_recist	melanoma_recist_supported_primary	GSE78220	EcoNiche-Opt-WordUnsignedGraph	word_unsigned_graph	antigen_presentation_mhc	HLA-A	1.0	1.0	0.30537556434875057	1.0	1.0	1.8315511311345443
primary_recist	melanoma_recist_supported_primary	GSE78220	EcoNiche-Opt-WordUnsignedGraph	word_unsigned_graph	antigen_presentation_mhc	TAP1	1.0	0.2	0.3874648686771206	1.0	1.0	1.7818598031689994
primary_recist	melanoma_recist_supported_primary	GSE78220	EcoNiche-Opt-WordUnsignedGraph	word_unsigned_graph	antigen_presentation_mhc	TAP2	1.0	0.2	0.27172319922792315	0.6666666666666666	1.0	1.5993948820532662
primary_recist	melanoma_recist_supported_primary	GSE78220	EcoNiche-Opt-WordUnsignedGraph	word_unsigned_graph	tnk_effector	CCL5	1.0	0.2	0.30446385579386787	1.0	1.0	1.7107702618324991
primary_recist	melanoma_recist_supported_primary	GSE78220	EcoNiche-Opt-WordUnsignedGraph	word_unsigned_graph	tnk_effector	CD8A	1.0	0.2	0.3697042474870293	1.0	1.0	1.766648007910177
primary_recist	melanoma_recist_supported_primary	GSE78220	EcoNiche-Opt-WordUnsignedGraph	word_unsigned_graph	tnk_effector	CTD-2201I18.1,SERINC5	1.0	0.4	0.6697495757450568	1.0	0.0	0.8236338448905673
primary_recist	melanoma_recist_supported_primary	GSE78220	EcoNiche-Opt-WordUnsignedGraph	word_unsigned_graph	tnk_effector	CXCL9	1.0	0.4	0.2019788728869989	1.0	1.0	1.6229928941155995
primary_recist	melanoma_recist_supported_primary	GSE78220	EcoNiche-Opt-WordUnsignedGraph	word_unsigned_graph	tnk_effector	GZMB	1.0	0.2	0.2254549094240998	1.0	1.0	1.7630998857274833
primary_recist	melanoma_recist_supported_primary	GSE78220	EcoNiche-Opt-WordUnsignedGraph	word_unsigned_graph	tnk_effector	LOC101928372	1.0	0.4	0.703913305269145	1.0	0.0	0.852894739159747
primary_recist	melanoma_recist_supported_primary	GSE78220	EcoNiche-Opt-WordUnsignedGraph	word_unsigned_graph	tnk_effector	LOC101928460	1.0	0.4	0.6680000626743775	1.0	0.0	0.8221354043603084
primary_recist	melanoma_recist_supported_primary	GSE78220	EcoNiche-Opt-WordUnsignedGraph	word_unsigned_graph	tnk_effector	NKG7	1.0	0.2	0.16142771766441666	1.0	1.0	1.588261233316551
primary_recist	melanoma_recist_supported_primary	GSE78220	EcoNiche-Opt-WordUnsignedGraph	word_unsigned_graph	tnk_effector	PRF1	1.0	0.4	0.34643230597838	1.0	1.0	1.8667158216585855
primary_recist	melanoma_recist_supported_primary	GSE78220	EcoNiche-Opt-WordUnsignedGraph	word_unsigned_graph	tcell_dysfunction	GPR111	1.0	0.4	0.6696840979406907	1.0	0.0	0.8235777638028985
primary_recist	melanoma_recist_supported_primary	GSE78220	EcoNiche-Opt-WordUnsignedGraph	word_unsigned_graph	tcell_dysfunction	LOC101928738	1.0	0.4	0.6995428334155187	1.0	0.0	0.8491514735211049
primary_recist	melanoma_recist_supported_primary	GSE78220	EcoNiche-Opt-WordUnsignedGraph	word_unsigned_graph	tcell_dysfunction	PDCD1	1.0	0.4	0.3623505272055069	1.0	1.0	1.8803496196885097
primary_recist	melanoma_recist_supported_primary	GSE78220	EcoNiche-Opt-WordUnsignedGraph	word_unsigned_graph	tcell_dysfunction	TIGIT	1.0	0.2	0.29911721869441044	1.0	1.0	1.706190920377621
primary_recist	melanoma_recist_supported_primary	GSE78220	EcoNiche-Opt-WordUnsignedGraph	word_unsigned_graph	tcell_dysfunction	TOX	1.0	0.4	0.2992697032718843	1.0	1.0	1.706321521900385
primary_recist	melanoma_recist_supported_primary	GSE78220	EcoNiche-Opt-WordUnsignedGraph	word_unsigned_graph	caf_ecm_exclusion	LOXL2	1.0	0.4	0.0936662980586585	1.0	1.0	1.5302242519262255
primary_recist	melanoma_recist_supported_primary	GSE78220	EcoNiche-Opt-WordUnsignedGraph	word_unsigned_graph	caf_ecm_exclusion	POSTN	1.0	0.2	0.07480413961745312	0.6666666666666666	1.0	1.4307356676432712
primary_recist	melanoma_recist_supported_primary	GSE78220	EcoNiche-Opt-WordUnsignedGraph	word_unsigned_graph	caf_ecm_exclusion	TGFB1	1.0	0.8	0.20481675998662052	1.0	1.0	1.7454235161678948
primary_recist	melanoma_recist_supported_primary	GSE78220	EcoNiche-Opt-WordUnsignedGraph	word_unsigned_graph	myeloid_suppression	BCMO1	1.0	0.8	0.6640493276756246	1.0	0.0	0.8187516391597747
primary_recist	melanoma_recist_supported_primary	GSE78220	EcoNiche-Opt-WordUnsignedGraph	word_unsigned_graph	myeloid_suppression	CD68	1.0	0.2	0.25250384077968513	1.0	1.0	1.666267026186549
primary_recist	melanoma_recist_supported_primary	GSE78220	EcoNiche-Opt-WordUnsignedGraph	word_unsigned_graph	myeloid_suppression	CSF1R	1.0	0.2	0.08291458909078846	1.0	1.0	1.5210155202185232
primary_recist	melanoma_recist_supported_primary	GSE78220	EcoNiche-Opt-WordUnsignedGraph	word_unsigned_graph	myeloid_suppression	HLA-A	1.0	1.0	0.30537556434875057	1.0	0.0	0.8475511311345441
primary_recist	melanoma_recist_supported_primary	GSE78220	EcoNiche-Opt-WordUnsignedGraph	word_unsigned_graph	myeloid_suppression	ITGAM	1.0	0.2	0.12738975857942209	1.0	1.0	1.5591080601765268
primary_recist	melanoma_recist_supported_primary	GSE78220	EcoNiche-Opt-WordUnsignedGraph	word_unsigned_graph	myeloid_suppression	LOC101928043	1.0	0.6	0.6581897355652404	1.0	0.0	0.8137329568440287
primary_recist	melanoma_recist_supported_primary	GSE78220	EcoNiche-Opt-WordUnsignedGraph	word_unsigned_graph	myeloid_suppression	TGFB1	1.0	0.8	0.20481675998662052	1.0	1.0	1.7454235161678948
primary_recist	melanoma_recist_supported_primary	GSE78220	EcoNiche-Opt-WordNoBioObjective	word_no_bio_objective	tumor_dedifferentiation	AXL	1.0	0.4	0.08307822913831658	0.6666666666666666	1.0	1.4378223429570132
primary_recist	melanoma_recist_supported_primary	GSE78220	EcoNiche-Opt-WordNoBioObjective	word_no_bio_objective	tumor_dedifferentiation	BCMO1	-1.0	0.6	0.6640493276756246	1.0	0.0	0.8187516391597747
primary_recist	melanoma_recist_supported_primary	GSE78220	EcoNiche-Opt-WordNoBioObjective	word_no_bio_objective	tumor_dedifferentiation	GPR111	-1.0	0.6	0.6696840979406907	1.0	0.0	0.8235777638028985
primary_recist	melanoma_recist_supported_primary	GSE78220	EcoNiche-Opt-WordNoBioObjective	word_no_bio_objective	tumor_dedifferentiation	LOC101928043	1.0	0.6	0.6581897355652404	1.0	0.0	0.8137329568440287
primary_recist	melanoma_recist_supported_primary	GSE78220	EcoNiche-Opt-WordNoBioObjective	word_no_bio_objective	tumor_dedifferentiation	MIR4763,MIRLET7A3,MIRLET7B,MIRLET7BHG	-1.0	0.4	0.6960882960521982	1.0	0.0	0.8461926966561324
primary_recist	melanoma_recist_supported_primary	GSE78220	EcoNiche-Opt-WordNoBioObjective	word_no_bio_objective	tumor_dedifferentiation	PDCD1	1.0	0.8	0.3623505272055069	1.0	0.0	0.8963496196885097
primary_recist	melanoma_recist_supported_primary	GSE78220	EcoNiche-Opt-WordNoBioObjective	word_no_bio_objective	tumor_dedifferentiation	VIM	-1.0	0.8	0.1462317911428444	1.0	1.0	1.5752460735121612
primary_recist	melanoma_recist_supported_primary	GSE78220	EcoNiche-Opt-WordNoBioObjective	word_no_bio_objective	antigen_presentation_mhc	BCMO1	-1.0	0.6	0.6640493276756246	1.0	0.0	0.8187516391597747
primary_recist	melanoma_recist_supported_primary	GSE78220	EcoNiche-Opt-WordNoBioObjective	word_no_bio_objective	antigen_presentation_mhc	HLA-A	1.0	0.6	0.30537556434875057	1.0	1.0	1.8315511311345443
primary_recist	melanoma_recist_supported_primary	GSE78220	EcoNiche-Opt-WordNoBioObjective	word_no_bio_objective	antigen_presentation_mhc	LAG3	1.0	0.4	0.35609439143194954	1.0	0.0	0.8909913016724798
primary_recist	melanoma_recist_supported_primary	GSE78220	EcoNiche-Opt-WordNoBioObjective	word_no_bio_objective	antigen_presentation_mhc	LOC101927322	1.0	0.2	0.8756669193823792	1.0	0.0	1.0
primary_recist	melanoma_recist_supported_primary	GSE78220	EcoNiche-Opt-WordNoBioObjective	word_no_bio_objective	antigen_presentation_mhc	LOC101928043	1.0	0.6	0.6581897355652404	1.0	0.0	0.8137329568440287
primary_recist	melanoma_recist_supported_primary	GSE78220	EcoNiche-Opt-WordNoBioObjective	word_no_bio_objective	antigen_presentation_mhc	LOC101928303	-1.0	0.8	0.8081431912341638	1.0	0.0	0.9421665989770625
primary_recist	melanoma_recist_supported_primary	GSE78220	EcoNiche-Opt-WordNoBioObjective	word_no_bio_objective	antigen_presentation_mhc	PRF1	1.0	1.0	0.34643230597838	1.0	0.0	0.8827158216585855
primary_recist	melanoma_recist_supported_primary	GSE78220	EcoNiche-Opt-WordNoBioObjective	word_no_bio_objective	antigen_presentation_mhc	PSMB8	1.0	0.2	0.34026492338050607	0.5	1.0	1.616433519854073
primary_recist	melanoma_recist_supported_primary	GSE78220	EcoNiche-Opt-WordNoBioObjective	word_no_bio_objective	antigen_presentation_mhc	RILP,SCARF1	-1.0	0.6	0.6656160906435411	1.0	0.0	0.8200935560461249
primary_recist	melanoma_recist_supported_primary	GSE78220	EcoNiche-Opt-WordNoBioObjective	word_no_bio_objective	tnk_effector	CTD-2201I18.1,SERINC5	-1.0	0.6	0.6697495757450568	1.0	0.0	0.8236338448905673
primary_recist	melanoma_recist_supported_primary	GSE78220	EcoNiche-Opt-WordNoBioObjective	word_no_bio_objective	tnk_effector	CXCL11	1.0	0.2	0.2084902829119416	1.0	1.0	1.628569851986923
primary_recist	melanoma_recist_supported_primary	GSE78220	EcoNiche-Opt-WordNoBioObjective	word_no_bio_objective	tnk_effector	CXCL9	1.0	0.4	0.2019788728869989	1.0	1.0	1.6229928941155995
primary_recist	melanoma_recist_supported_primary	GSE78220	EcoNiche-Opt-WordNoBioObjective	word_no_bio_objective	tnk_effector	PRF1	1.0	1.0	0.34643230597838	1.0	1.0	1.8667158216585855
primary_recist	melanoma_recist_supported_primary	GSE78220	EcoNiche-Opt-WordNoBioObjective	word_no_bio_objective	tnk_effector	RILP,SCARF1	-1.0	0.6	0.6656160906435411	1.0	0.0	0.8200935560461249
primary_recist	melanoma_recist_supported_primary	GSE78220	EcoNiche-Opt-WordNoBioObjective	word_no_bio_objective	tcell_dysfunction	CXCL13	1.0	0.2	0.32137572155550725	1.0	1.0	1.7252551065154245
primary_recist	melanoma_recist_supported_primary	GSE78220	EcoNiche-Opt-WordNoBioObjective	word_no_bio_objective	tcell_dysfunction	GPR111	-1.0	0.6	0.6696840979406907	1.0	0.0	0.8235777638028985
primary_recist	melanoma_recist_supported_primary	GSE78220	EcoNiche-Opt-WordNoBioObjective	word_no_bio_objective	tcell_dysfunction	IFNG	1.0	0.2	0.2583682527785946	1.0	0.0	0.8072898366888396
primary_recist	melanoma_recist_supported_primary	GSE78220	EcoNiche-Opt-WordNoBioObjective	word_no_bio_objective	tcell_dysfunction	LAG3	1.0	0.4	0.35609439143194954	1.0	1.0	1.8749913016724797
primary_recist	melanoma_recist_supported_primary	GSE78220	EcoNiche-Opt-WordNoBioObjective	word_no_bio_objective	tcell_dysfunction	LOC101928372	-1.0	0.4	0.703913305269145	1.0	0.0	0.852894739159747
primary_recist	melanoma_recist_supported_primary	GSE78220	EcoNiche-Opt-WordNoBioObjective	word_no_bio_objective	tcell_dysfunction	LOC441178	1.0	0.2	0.6697433648619487	1.0	0.0	0.8236285253310088
primary_recist	melanoma_recist_supported_primary	GSE78220	EcoNiche-Opt-WordNoBioObjective	word_no_bio_objective	tcell_dysfunction	PDCD1	1.0	0.8	0.3623505272055069	1.0	1.0	1.8803496196885097
primary_recist	melanoma_recist_supported_primary	GSE78220	EcoNiche-Opt-WordNoBioObjective	word_no_bio_objective	tcell_dysfunction	PRF1	1.0	1.0	0.34643230597838	1.0	0.0	0.8827158216585855
primary_recist	melanoma_recist_supported_primary	GSE78220	EcoNiche-Opt-WordNoBioObjective	word_no_bio_objective	caf_ecm_exclusion	COL3A1	1.0	0.2	0.1609740852404813	1.0	1.0	1.5878727016609397
primary_recist	melanoma_recist_supported_primary	GSE78220	EcoNiche-Opt-WordNoBioObjective	word_no_bio_objective	caf_ecm_exclusion	CXCL12	1.0	0.2	0.14075917639954097	1.0	1.0	1.6905588334593198
primary_recist	melanoma_recist_supported_primary	GSE78220	EcoNiche-Opt-WordNoBioObjective	word_no_bio_objective	caf_ecm_exclusion	LOC101928303	-1.0	0.8	0.8081431912341638	1.0	0.0	0.9421665989770625
primary_recist	melanoma_recist_supported_primary	GSE78220	EcoNiche-Opt-WordNoBioObjective	word_no_bio_objective	caf_ecm_exclusion	LOC101928460	-1.0	0.6	0.6680000626743775	1.0	0.0	0.8221354043603084
primary_recist	melanoma_recist_supported_primary	GSE78220	EcoNiche-Opt-WordNoBioObjective	word_no_bio_objective	caf_ecm_exclusion	LOXL2	1.0	0.4	0.0936662980586585	1.0	1.0	1.5302242519262255
primary_recist	melanoma_recist_supported_primary	GSE78220	EcoNiche-Opt-WordNoBioObjective	word_no_bio_objective	caf_ecm_exclusion	TGFB1	1.0	0.8	0.20481675998662052	1.0	1.0	1.7454235161678948
primary_recist	melanoma_recist_supported_primary	GSE78220	EcoNiche-Opt-WordNoBioObjective	word_no_bio_objective	caf_ecm_exclusion	TGFBI	-1.0	0.4	0.11781997283017047	1.0	1.0	1.5509116339406233
primary_recist	melanoma_recist_supported_primary	GSE78220	EcoNiche-Opt-WordNoBioObjective	word_no_bio_objective	caf_ecm_exclusion	VIM	-1.0	0.8	0.1462317911428444	1.0	1.0	1.5752460735121612
primary_recist	melanoma_recist_supported_primary	GSE78220	EcoNiche-Opt-WordNoBioObjective	word_no_bio_objective	myeloid_suppression	CD68	-1.0	0.4	0.25250384077968513	1.0	1.0	1.666267026186549
primary_recist	melanoma_recist_supported_primary	GSE78220	EcoNiche-Opt-WordNoBioObjective	word_no_bio_objective	myeloid_suppression	IL10	1.0	0.4	0.11842856951522772	0.6666666666666666	1.0	1.5880995576100267
primary_recist	melanoma_recist_supported_primary	GSE78220	EcoNiche-Opt-WordNoBioObjective	word_no_bio_objective	myeloid_suppression	LOC101928372	-1.0	0.4	0.703913305269145	1.0	0.0	0.852894739159747
primary_recist	melanoma_recist_supported_primary	GSE78220	EcoNiche-Opt-WordNoBioObjective	word_no_bio_objective	myeloid_suppression	S100A8	-1.0	0.2	0.10969474557995905	0.6666666666666666	1.0	1.580619124346576
primary_recist	melanoma_recist_supported_primary	GSE78220	EcoNiche-Opt-WordNoBioObjective	word_no_bio_objective	myeloid_suppression	TGFB1	1.0	0.8	0.20481675998662052	1.0	1.0	1.7454235161678948
primary_recist	melanoma_recist_supported_primary	GSE145996	EcoNiche-Opt-WordFullGraph	word_full_graph	tumor_dedifferentiation	AXL	1.0	0.3333333333333333	0.05552288810397815	0.6666666666666666	1.0	1.4300422148731236
primary_recist	melanoma_recist_supported_primary	GSE145996	EcoNiche-Opt-WordFullGraph	word_full_graph	tumor_dedifferentiation	ITGA3	1.0	0.16666666666666666	0.058997918614406654	0.6666666666666666	1.0	1.4340087225810825
primary_recist	melanoma_recist_supported_primary	GSE145996	EcoNiche-Opt-WordFullGraph	word_full_graph	tumor_dedifferentiation	LOC101927356	-1.0	0.16666666666666666	0.6570699150771363	1.0	0.0	1.0
primary_recist	melanoma_recist_supported_primary	GSE145996	EcoNiche-Opt-WordFullGraph	word_full_graph	tumor_dedifferentiation	MITF	-1.0	0.16666666666666666	0.023899334215146	0.6666666666666666	1.0	1.3939461087017737
primary_recist	melanoma_recist_supported_primary	GSE145996	EcoNiche-Opt-WordFullGraph	word_full_graph	tumor_dedifferentiation	VIM	-1.0	0.6666666666666666	0.2088433726534272	1.0	1.0	1.6883803091512455
primary_recist	melanoma_recist_supported_primary	GSE145996	EcoNiche-Opt-WordFullGraph	word_full_graph	antigen_presentation_mhc	HLA-A	1.0	0.16666666666666666	0.21840560366211348	1.0	1.0	1.819294936486866
primary_recist	melanoma_recist_supported_primary	GSE145996	EcoNiche-Opt-WordFullGraph	word_full_graph	antigen_presentation_mhc	HLA-B	1.0	0.16666666666666666	0.22241428212893108	1.0	1.0	1.7038705665395069
primary_recist	melanoma_recist_supported_primary	GSE145996	EcoNiche-Opt-WordFullGraph	word_full_graph	antigen_presentation_mhc	HLA-C	1.0	0.3333333333333333	0.17337967903463053	1.0	1.0	1.647900948273834
primary_recist	melanoma_recist_supported_primary	GSE145996	EcoNiche-Opt-WordFullGraph	word_full_graph	antigen_presentation_mhc	IFNG	1.0	1.0	0.31329641318560447	1.0	0.0	0.9436062523903852
primary_recist	melanoma_recist_supported_primary	GSE145996	EcoNiche-Opt-WordFullGraph	word_full_graph	antigen_presentation_mhc	PSMB9	1.0	0.3333333333333333	0.35475990322225637	1.0	1.0	1.8549339671646008
primary_recist	melanoma_recist_supported_primary	GSE145996	EcoNiche-Opt-WordFullGraph	word_full_graph	tnk_effector	CXCL11	1.0	0.16666666666666666	0.22482110627216384	0.6666666666666666	1.0	1.623284457003831
primary_recist	melanoma_recist_supported_primary	GSE145996	EcoNiche-Opt-WordFullGraph	word_full_graph	tnk_effector	GZMA	1.0	0.3333333333333333	0.2141573999508407	0.6666666666666666	1.0	1.6111125715507382
primary_recist	melanoma_recist_supported_primary	GSE145996	EcoNiche-Opt-WordFullGraph	word_full_graph	tnk_effector	IFNG	1.0	1.0	0.31329641318560447	1.0	1.0	1.9276062523903852
primary_recist	melanoma_recist_supported_primary	GSE145996	EcoNiche-Opt-WordFullGraph	word_full_graph	tcell_dysfunction	IGHD3-10	1.0	0.16666666666666666	0.571257348608386	1.0	0.0	0.9020508725559178
primary_recist	melanoma_recist_supported_primary	GSE145996	EcoNiche-Opt-WordFullGraph	word_full_graph	tcell_dysfunction	IGHV6-1	1.0	0.3333333333333333	0.6025726811475239	1.0	0.0	0.937795165309903
primary_recist	melanoma_recist_supported_primary	GSE145996	EcoNiche-Opt-WordFullGraph	word_full_graph	tcell_dysfunction	IGLV1-40	1.0	0.16666666666666666	0.5774866997426176	1.0	0.0	0.9091612473325885
primary_recist	melanoma_recist_supported_primary	GSE145996	EcoNiche-Opt-WordFullGraph	word_full_graph	tcell_dysfunction	LAG3	1.0	0.16666666666666666	0.32497741550186815	0.6666666666666666	1.0	1.8576059777410268
primary_recist	melanoma_recist_supported_primary	GSE145996	EcoNiche-Opt-WordFullGraph	word_full_graph	tcell_dysfunction	PDCD1	1.0	0.5	0.34988541514385507	1.0	1.0	1.9693700751419816
primary_recist	melanoma_recist_supported_primary	GSE145996	EcoNiche-Opt-WordFullGraph	word_full_graph	tcell_dysfunction	RP11-444B24	1.0	0.3333333333333333	0.6016462644598755	1.0	0.0	0.9367377245417395
primary_recist	melanoma_recist_supported_primary	GSE145996	EcoNiche-Opt-WordFullGraph	word_full_graph	tcell_dysfunction	TIGIT	1.0	0.16666666666666666	0.30252489949362593	0.6666666666666666	1.0	1.7119779789241811
primary_recist	melanoma_recist_supported_primary	GSE145996	EcoNiche-Opt-WordFullGraph	word_full_graph	tcell_dysfunction	TRAJ10	1.0	0.16666666666666666	0.6296396874096398	1.0	0.0	0.9686902865607426
primary_recist	melanoma_recist_supported_primary	GSE145996	EcoNiche-Opt-WordFullGraph	word_full_graph	tcell_dysfunction	TRAJ6	1.0	0.16666666666666666	0.6308268177901365	1.0	0.0	0.9700453140318572
primary_recist	melanoma_recist_supported_primary	GSE145996	EcoNiche-Opt-WordFullGraph	word_full_graph	caf_ecm_exclusion	ACTA2	1.0	0.16666666666666666	0.05243083537235201	0.6666666666666666	1.0	1.4265128498915487
primary_recist	melanoma_recist_supported_primary	GSE145996	EcoNiche-Opt-WordFullGraph	word_full_graph	caf_ecm_exclusion	COL1A2	-1.0	0.16666666666666666	0.014097569767381314	1.0	1.0	1.4660914037957358
primary_recist	melanoma_recist_supported_primary	GSE145996	EcoNiche-Opt-WordFullGraph	word_full_graph	caf_ecm_exclusion	FAP	-1.0	0.3333333333333333	0.04935629584577377	0.6666666666666666	1.0	1.4230034750259182
primary_recist	melanoma_recist_supported_primary	GSE145996	EcoNiche-Opt-WordFullGraph	word_full_graph	caf_ecm_exclusion	FN1	1.0	0.16666666666666666	0.1324169677815328	0.6666666666666666	1.0	1.6378115046166601
primary_recist	melanoma_recist_supported_primary	GSE145996	EcoNiche-Opt-WordFullGraph	word_full_graph	caf_ecm_exclusion	IFNG	1.0	1.0	0.31329641318560447	1.0	0.0	0.9436062523903852
primary_recist	melanoma_recist_supported_primary	GSE145996	EcoNiche-Opt-WordFullGraph	word_full_graph	caf_ecm_exclusion	IGHV6-1	1.0	0.3333333333333333	0.6025726811475239	1.0	0.0	0.937795165309903
primary_recist	melanoma_recist_supported_primary	GSE145996	EcoNiche-Opt-WordFullGraph	word_full_graph	caf_ecm_exclusion	IGKV4-1	1.0	0.5	0.5986417321957641	1.0	0.0	0.933308258138885
primary_recist	melanoma_recist_supported_primary	GSE145996	EcoNiche-Opt-WordFullGraph	word_full_graph	caf_ecm_exclusion	RP11-444B24	1.0	0.3333333333333333	0.6016462644598755	1.0	0.0	0.9367377245417395
primary_recist	melanoma_recist_supported_primary	GSE145996	EcoNiche-Opt-WordFullGraph	word_full_graph	caf_ecm_exclusion	VIM	-1.0	0.6666666666666666	0.2088433726534272	1.0	1.0	1.6883803091512455
primary_recist	melanoma_recist_supported_primary	GSE145996	EcoNiche-Opt-WordFullGraph	word_full_graph	myeloid_suppression	CD163	1.0	0.16666666666666666	0.012967031493903722	0.6666666666666666	1.0	1.381467638979158
primary_recist	melanoma_recist_supported_primary	GSE145996	EcoNiche-Opt-WordFullGraph	word_full_graph	myeloid_suppression	CD68	-1.0	0.3333333333333333	0.15647514194093168	0.6666666666666666	1.0	1.5452722514953707
primary_recist	melanoma_recist_supported_primary	GSE145996	EcoNiche-Opt-WordFullGraph	word_full_graph	myeloid_suppression	LOC102724050	-1.0	0.16666666666666666	0.6495316220259982	1.0	0.0	0.9913955582828811
primary_recist	melanoma_recist_supported_primary	GSE145996	EcoNiche-Opt-WordFullGraph	word_full_graph	myeloid_suppression	S100A9	-1.0	0.16666666666666666	0.08738319507113933	0.6666666666666666	1.0	1.586408558358148
primary_recist	melanoma_recist_supported_primary	GSE145996	EcoNiche-Opt-WordFullGraph	word_full_graph	myeloid_suppression	TGFB1	1.0	0.3333333333333333	0.17056561667066303	0.6666666666666666	1.0	1.6813555567948653
primary_recist	melanoma_recist_supported_primary	GSE145996	EcoNiche-Opt-WordFullGraph	word_full_graph	myeloid_suppression	TRAJ1	1.0	0.16666666666666666	0.5959427509288164	1.0	0.0	0.9302275571301146
primary_recist	melanoma_recist_supported_primary	GSE145996	EcoNiche-Opt-WordNoInteraction	word_no_interaction	tumor_dedifferentiation	AXL	1.0	0.16666666666666666	0.05552288810397815	0.6666666666666666	1.0	1.4300422148731236
primary_recist	melanoma_recist_supported_primary	GSE145996	EcoNiche-Opt-WordNoInteraction	word_no_interaction	tumor_dedifferentiation	IGHD3-10	1.0	0.16666666666666666	0.571257348608386	1.0	0.0	0.9020508725559178
primary_recist	melanoma_recist_supported_primary	GSE145996	EcoNiche-Opt-WordNoInteraction	word_no_interaction	tumor_dedifferentiation	NGFR	1.0	0.16666666666666666	0.05273363341291582	0.6666666666666666	1.0	1.4268584729755036
primary_recist	melanoma_recist_supported_primary	GSE145996	EcoNiche-Opt-WordNoInteraction	word_no_interaction	tumor_dedifferentiation	VIM	-1.0	0.6666666666666666	0.2088433726534272	1.0	1.0	1.6883803091512455
primary_recist	melanoma_recist_supported_primary	GSE145996	EcoNiche-Opt-WordNoInteraction	word_no_interaction	antigen_presentation_mhc	HLA-DRB1	1.0	0.3333333333333333	0.23052680976377185	1.0	1.0	1.7131304574377477
primary_recist	melanoma_recist_supported_primary	GSE145996	EcoNiche-Opt-WordNoInteraction	word_no_interaction	antigen_presentation_mhc	IFNG	1.0	1.0	0.31329641318560447	1.0	0.0	0.9436062523903852
primary_recist	melanoma_recist_supported_primary	GSE145996	EcoNiche-Opt-WordNoInteraction	word_no_interaction	antigen_presentation_mhc	LOC101927356	-1.0	0.5	0.6570699150771363	1.0	0.0	1.0
primary_recist	melanoma_recist_supported_primary	GSE145996	EcoNiche-Opt-WordNoInteraction	word_no_interaction	antigen_presentation_mhc	PSMB8	1.0	0.16666666666666666	0.2586137351206587	0.6666666666666666	1.0	1.661856412673717
primary_recist	melanoma_recist_supported_primary	GSE145996	EcoNiche-Opt-WordNoInteraction	word_no_interaction	antigen_presentation_mhc	PSMB9	1.0	0.3333333333333333	0.35475990322225637	1.0	1.0	1.8549339671646008
primary_recist	melanoma_recist_supported_primary	GSE145996	EcoNiche-Opt-WordNoInteraction	word_no_interaction	antigen_presentation_mhc	RP11-33B1	-1.0	0.16666666666666666	0.59235293498118	1.0	0.0	0.9261300297605786
primary_recist	melanoma_recist_supported_primary	GSE145996	EcoNiche-Opt-WordNoInteraction	word_no_interaction	antigen_presentation_mhc	TAP1	1.0	0.16666666666666666	0.27239801629390875	1.0	1.0	1.760923552475307
primary_recist	melanoma_recist_supported_primary	GSE145996	EcoNiche-Opt-WordNoInteraction	word_no_interaction	antigen_presentation_mhc	TRAJ1	1.0	0.5	0.5959427509288164	1.0	0.0	0.9302275571301146
primary_recist	melanoma_recist_supported_primary	GSE145996	EcoNiche-Opt-WordNoInteraction	word_no_interaction	tnk_effector	CCL5	1.0	0.3333333333333333	0.2686565306740959	0.6666666666666666	1.0	1.6733195712999855
primary_recist	melanoma_recist_supported_primary	GSE145996	EcoNiche-Opt-WordNoInteraction	word_no_interaction	tnk_effector	CD8A	1.0	0.16666666666666666	0.36405287200361575	0.6666666666666666	1.0	1.7822079169012912
primary_recist	melanoma_recist_supported_primary	GSE145996	EcoNiche-Opt-WordNoInteraction	word_no_interaction	tnk_effector	CXCL10	1.0	0.3333333333333333	0.24167274504761702	0.6666666666666666	1.0	1.6425194406662713
primary_recist	melanoma_recist_supported_primary	GSE145996	EcoNiche-Opt-WordNoInteraction	word_no_interaction	tnk_effector	GZMB	1.0	0.16666666666666666	0.20518584825378539	0.6666666666666666	1.0	1.7208721639192281
primary_recist	melanoma_recist_supported_primary	GSE145996	EcoNiche-Opt-WordNoInteraction	word_no_interaction	tnk_effector	IFNG	1.0	1.0	0.31329641318560447	1.0	1.0	1.9276062523903852
primary_recist	melanoma_recist_supported_primary	GSE145996	EcoNiche-Opt-WordNoInteraction	word_no_interaction	tnk_effector	RP11-444B24	1.0	0.5	0.6016462644598755	1.0	0.0	0.9367377245417395
primary_recist	melanoma_recist_supported_primary	GSE145996	EcoNiche-Opt-WordNoInteraction	word_no_interaction	tcell_dysfunction	CXCL13	1.0	0.16666666666666666	0.33192497969434354	0.6666666666666666	1.0	1.745536143199515
primary_recist	melanoma_recist_supported_primary	GSE145996	EcoNiche-Opt-WordNoInteraction	word_no_interaction	tcell_dysfunction	IDO1	1.0	0.16666666666666666	0.3085487941404952	0.6666666666666666	1.0	1.7188538392877188
primary_recist	melanoma_recist_supported_primary	GSE145996	EcoNiche-Opt-WordNoInteraction	word_no_interaction	tcell_dysfunction	IGHGP	1.0	0.16666666666666666	0.5737308864944041	1.0	0.0	0.9048742454907381
primary_recist	melanoma_recist_supported_primary	GSE145996	EcoNiche-Opt-WordNoInteraction	word_no_interaction	tcell_dysfunction	IGKV4-1	1.0	0.5	0.5986417321957641	1.0	0.0	0.933308258138885
primary_recist	melanoma_recist_supported_primary	GSE145996	EcoNiche-Opt-WordNoInteraction	word_no_interaction	tcell_dysfunction	IGLV1-40	1.0	0.16666666666666666	0.5774866997426176	1.0	0.0	0.9091612473325885
primary_recist	melanoma_recist_supported_primary	GSE145996	EcoNiche-Opt-WordNoInteraction	word_no_interaction	tcell_dysfunction	IGLV2-11	1.0	0.16666666666666666	0.6004243760255497	1.0	0.0	0.9353430231489102
primary_recist	melanoma_recist_supported_primary	GSE145996	EcoNiche-Opt-WordNoInteraction	word_no_interaction	tcell_dysfunction	PDCD1	1.0	0.8333333333333334	0.34988541514385507	1.0	1.0	1.9693700751419816
primary_recist	melanoma_recist_supported_primary	GSE145996	EcoNiche-Opt-WordNoInteraction	word_no_interaction	caf_ecm_exclusion	IGKV4-1	1.0	0.5	0.5986417321957641	1.0	0.0	0.933308258138885
primary_recist	melanoma_recist_supported_primary	GSE145996	EcoNiche-Opt-WordNoInteraction	word_no_interaction	caf_ecm_exclusion	LOC101927356	-1.0	0.5	0.6570699150771363	1.0	0.0	1.0
primary_recist	melanoma_recist_supported_primary	GSE145996	EcoNiche-Opt-WordNoInteraction	word_no_interaction	caf_ecm_exclusion	PDCD1	1.0	0.8333333333333334	0.34988541514385507	1.0	0.0	0.9853700751419816
primary_recist	melanoma_recist_supported_primary	GSE145996	EcoNiche-Opt-WordNoInteraction	word_no_interaction	caf_ecm_exclusion	VIM	-1.0	0.6666666666666666	0.2088433726534272	1.0	1.0	1.6883803091512455
primary_recist	melanoma_recist_supported_primary	GSE145996	EcoNiche-Opt-WordNoInteraction	word_no_interaction	myeloid_suppression	CD68	-1.0	0.3333333333333333	0.15647514194093168	0.6666666666666666	1.0	1.5452722514953707
primary_recist	melanoma_recist_supported_primary	GSE145996	EcoNiche-Opt-WordNoInteraction	word_no_interaction	myeloid_suppression	CSF1R	1.0	0.16666666666666666	0.1306014628930715	1.0	1.0	1.5990725643074142
primary_recist	melanoma_recist_supported_primary	GSE145996	EcoNiche-Opt-WordNoInteraction	word_no_interaction	myeloid_suppression	LOC101927356	-1.0	0.5	0.6570699150771363	1.0	0.0	1.0
primary_recist	melanoma_recist_supported_primary	GSE145996	EcoNiche-Opt-WordNoInteraction	word_no_interaction	myeloid_suppression	RP11-428O18	-1.0	0.16666666666666666	0.5889628703376754	1.0	0.0	0.9222605047309171
primary_recist	melanoma_recist_supported_primary	GSE145996	EcoNiche-Opt-WordNoInteraction	word_no_interaction	myeloid_suppression	S100A8	-1.0	0.3333333333333333	0.0005399040784212141	0.6666666666666666	1.0	1.4872829299432595
primary_recist	melanoma_recist_supported_primary	GSE145996	EcoNiche-Opt-WordNoInteraction	word_no_interaction	myeloid_suppression	TGFB1	1.0	0.3333333333333333	0.17056561667066303	0.6666666666666666	1.0	1.6813555567948653
primary_recist	melanoma_recist_supported_primary	GSE145996	EcoNiche-Opt-WordNoInteraction	word_no_interaction	myeloid_suppression	TRAJ1	1.0	0.5	0.5959427509288164	1.0	0.0	0.9302275571301146
primary_recist	melanoma_recist_supported_primary	GSE145996	EcoNiche-Opt-WordUnsignedGraph	word_unsigned_graph	tumor_dedifferentiation	IGHD3-10	1.0	1.0	0.571257348608386	1.0	0.0	0.9020508725559178
primary_recist	melanoma_recist_supported_primary	GSE145996	EcoNiche-Opt-WordUnsignedGraph	word_unsigned_graph	tumor_dedifferentiation	IGHV6-1	1.0	1.0	0.6025726811475239	1.0	0.0	0.937795165309903
primary_recist	melanoma_recist_supported_primary	GSE145996	EcoNiche-Opt-WordUnsignedGraph	word_unsigned_graph	tumor_dedifferentiation	IGLV1-40	1.0	0.75	0.5774866997426176	1.0	0.0	0.9091612473325885
primary_recist	melanoma_recist_supported_primary	GSE145996	EcoNiche-Opt-WordUnsignedGraph	word_unsigned_graph	tumor_dedifferentiation	ITGA3	1.0	0.25	0.058997918614406654	0.6666666666666666	1.0	1.4340087225810825
primary_recist	melanoma_recist_supported_primary	GSE145996	EcoNiche-Opt-WordUnsignedGraph	word_unsigned_graph	tumor_dedifferentiation	NGFR	1.0	0.25	0.05273363341291582	0.6666666666666666	1.0	1.4268584729755036
primary_recist	melanoma_recist_supported_primary	GSE145996	EcoNiche-Opt-WordUnsignedGraph	word_unsigned_graph	tumor_dedifferentiation	RP11-444B24	1.0	0.25	0.6016462644598755	1.0	0.0	0.9367377245417395
primary_recist	melanoma_recist_supported_primary	GSE145996	EcoNiche-Opt-WordUnsignedGraph	word_unsigned_graph	tumor_dedifferentiation	VIM	1.0	1.0	0.2088433726534272	1.0	1.0	1.6883803091512455
primary_recist	melanoma_recist_supported_primary	GSE145996	EcoNiche-Opt-WordUnsignedGraph	word_unsigned_graph	antigen_presentation_mhc	HLA-A	1.0	0.25	0.21840560366211348	1.0	1.0	1.819294936486866
primary_recist	melanoma_recist_supported_primary	GSE145996	EcoNiche-Opt-WordUnsignedGraph	word_unsigned_graph	antigen_presentation_mhc	HLA-DRA	1.0	0.25	0.07153991499195247	0.6666666666666666	1.0	1.4483245466164214
primary_recist	melanoma_recist_supported_primary	GSE145996	EcoNiche-Opt-WordUnsignedGraph	word_unsigned_graph	antigen_presentation_mhc	IGHV6-1	1.0	1.0	0.6025726811475239	1.0	0.0	0.937795165309903
primary_recist	melanoma_recist_supported_primary	GSE145996	EcoNiche-Opt-WordUnsignedGraph	word_unsigned_graph	antigen_presentation_mhc	PSMB9	1.0	0.5	0.35475990322225637	1.0	1.0	1.8549339671646008
primary_recist	melanoma_recist_supported_primary	GSE145996	EcoNiche-Opt-WordUnsignedGraph	word_unsigned_graph	tnk_effector	GZMA	1.0	0.25	0.2141573999508407	0.6666666666666666	1.0	1.6111125715507382
primary_recist	melanoma_recist_supported_primary	GSE145996	EcoNiche-Opt-WordUnsignedGraph	word_unsigned_graph	tnk_effector	IFNG	1.0	0.75	0.31329641318560447	1.0	1.0	1.9276062523903852
primary_recist	melanoma_recist_supported_primary	GSE145996	EcoNiche-Opt-WordUnsignedGraph	word_unsigned_graph	tnk_effector	TRAJ6	1.0	0.75	0.6308268177901365	1.0	0.0	0.9700453140318572
primary_recist	melanoma_recist_supported_primary	GSE145996	EcoNiche-Opt-WordUnsignedGraph	word_unsigned_graph	tcell_dysfunction	IDO1	1.0	0.5	0.3085487941404952	0.6666666666666666	1.0	1.7188538392877188
primary_recist	melanoma_recist_supported_primary	GSE145996	EcoNiche-Opt-WordUnsignedGraph	word_unsigned_graph	tcell_dysfunction	IGHD2-2	1.0	1.0	0.5836222146287606	1.0	0.0	0.9161645145025169
primary_recist	melanoma_recist_supported_primary	GSE145996	EcoNiche-Opt-WordUnsignedGraph	word_unsigned_graph	tcell_dysfunction	IGHD3-10	1.0	1.0	0.571257348608386	1.0	0.0	0.9020508725559178
primary_recist	melanoma_recist_supported_primary	GSE145996	EcoNiche-Opt-WordUnsignedGraph	word_unsigned_graph	tcell_dysfunction	IGHV6-1	1.0	1.0	0.6025726811475239	1.0	0.0	0.937795165309903
primary_recist	melanoma_recist_supported_primary	GSE145996	EcoNiche-Opt-WordUnsignedGraph	word_unsigned_graph	tcell_dysfunction	IGLV2-11	1.0	0.25	0.6004243760255497	1.0	0.0	0.9353430231489102
primary_recist	melanoma_recist_supported_primary	GSE145996	EcoNiche-Opt-WordUnsignedGraph	word_unsigned_graph	tcell_dysfunction	PDCD1	1.0	0.5	0.34988541514385507	1.0	1.0	1.9693700751419816
primary_recist	melanoma_recist_supported_primary	GSE145996	EcoNiche-Opt-WordUnsignedGraph	word_unsigned_graph	tcell_dysfunction	TRAJ6	1.0	0.75	0.6308268177901365	1.0	0.0	0.9700453140318572
primary_recist	melanoma_recist_supported_primary	GSE145996	EcoNiche-Opt-WordUnsignedGraph	word_unsigned_graph	caf_ecm_exclusion	CXCL12	1.0	0.25	0.16658445947734363	0.6666666666666666	1.0	1.6768113403782012
primary_recist	melanoma_recist_supported_primary	GSE145996	EcoNiche-Opt-WordUnsignedGraph	word_unsigned_graph	caf_ecm_exclusion	IGHD2-2	1.0	1.0	0.5836222146287606	1.0	0.0	0.9161645145025169
primary_recist	melanoma_recist_supported_primary	GSE145996	EcoNiche-Opt-WordUnsignedGraph	word_unsigned_graph	caf_ecm_exclusion	VIM	1.0	1.0	0.2088433726534272	1.0	1.0	1.6883803091512455
primary_recist	melanoma_recist_supported_primary	GSE145996	EcoNiche-Opt-WordUnsignedGraph	word_unsigned_graph	myeloid_suppression	CSF1R	1.0	0.25	0.1306014628930715	1.0	1.0	1.5990725643074142
primary_recist	melanoma_recist_supported_primary	GSE145996	EcoNiche-Opt-WordUnsignedGraph	word_unsigned_graph	myeloid_suppression	IGHD2-2	1.0	1.0	0.5836222146287606	1.0	0.0	0.9161645145025169
primary_recist	melanoma_recist_supported_primary	GSE145996	EcoNiche-Opt-WordUnsignedGraph	word_unsigned_graph	myeloid_suppression	IGHV6-1	1.0	1.0	0.6025726811475239	1.0	0.0	0.937795165309903
primary_recist	melanoma_recist_supported_primary	GSE145996	EcoNiche-Opt-WordUnsignedGraph	word_unsigned_graph	myeloid_suppression	IGLV1-40	1.0	0.75	0.5774866997426176	1.0	0.0	0.9091612473325885
primary_recist	melanoma_recist_supported_primary	GSE145996	EcoNiche-Opt-WordUnsignedGraph	word_unsigned_graph	myeloid_suppression	TGFB1	1.0	0.75	0.17056561667066303	0.6666666666666666	1.0	1.6813555567948653
primary_recist	melanoma_recist_supported_primary	GSE145996	EcoNiche-Opt-WordNoBioObjective	word_no_bio_objective	tumor_dedifferentiation	IGHD2-15	1.0	0.25	0.6388147763670191	1.0	0.0	0.979163017940061
primary_recist	melanoma_recist_supported_primary	GSE145996	EcoNiche-Opt-WordNoBioObjective	word_no_bio_objective	tumor_dedifferentiation	IGKV4-1	1.0	0.5	0.5986417321957641	1.0	0.0	0.933308258138885
primary_recist	melanoma_recist_supported_primary	GSE145996	EcoNiche-Opt-WordNoBioObjective	word_no_bio_objective	tumor_dedifferentiation	MITF	-1.0	0.25	0.023899334215146	0.6666666666666666	1.0	1.3939461087017737
primary_recist	melanoma_recist_supported_primary	GSE145996	EcoNiche-Opt-WordNoBioObjective	word_no_bio_objective	tumor_dedifferentiation	VIM	-1.0	1.0	0.2088433726534272	1.0	1.0	1.6883803091512455
primary_recist	melanoma_recist_supported_primary	GSE145996	EcoNiche-Opt-WordNoBioObjective	word_no_bio_objective	antigen_presentation_mhc	AL049794	-1.0	0.75	0.6092080689966051	1.0	0.0	0.9453690029984337
primary_recist	melanoma_recist_supported_primary	GSE145996	EcoNiche-Opt-WordNoBioObjective	word_no_bio_objective	antigen_presentation_mhc	HLA-A	1.0	0.25	0.21840560366211348	1.0	1.0	1.819294936486866
primary_recist	melanoma_recist_supported_primary	GSE145996	EcoNiche-Opt-WordNoBioObjective	word_no_bio_objective	antigen_presentation_mhc	IGHD2-2	1.0	0.25	0.5836222146287606	1.0	0.0	0.9161645145025169
primary_recist	melanoma_recist_supported_primary	GSE145996	EcoNiche-Opt-WordNoBioObjective	word_no_bio_objective	antigen_presentation_mhc	LOC101927356	-1.0	0.5	0.6570699150771363	1.0	0.0	1.0
primary_recist	melanoma_recist_supported_primary	GSE145996	EcoNiche-Opt-WordNoBioObjective	word_no_bio_objective	antigen_presentation_mhc	PSMB9	1.0	0.5	0.35475990322225637	1.0	1.0	1.8549339671646008
primary_recist	melanoma_recist_supported_primary	GSE145996	EcoNiche-Opt-WordNoBioObjective	word_no_bio_objective	tnk_effector	CCL5	1.0	0.5	0.2686565306740959	0.6666666666666666	1.0	1.6733195712999855
primary_recist	melanoma_recist_supported_primary	GSE145996	EcoNiche-Opt-WordNoBioObjective	word_no_bio_objective	tnk_effector	CD8A	1.0	0.25	0.36405287200361575	0.6666666666666666	1.0	1.7822079169012912
primary_recist	melanoma_recist_supported_primary	GSE145996	EcoNiche-Opt-WordNoBioObjective	word_no_bio_objective	tnk_effector	CXCL9	1.0	0.5	0.21838526654381063	1.0	1.0	1.6992717230686631
primary_recist	melanoma_recist_supported_primary	GSE145996	EcoNiche-Opt-WordNoBioObjective	word_no_bio_objective	tnk_effector	IFNG	1.0	0.5	0.31329641318560447	1.0	1.0	1.9276062523903852
primary_recist	melanoma_recist_supported_primary	GSE145996	EcoNiche-Opt-WordNoBioObjective	word_no_bio_objective	tcell_dysfunction	LOC101927356	-1.0	0.5	0.6570699150771363	1.0	0.0	1.0
primary_recist	melanoma_recist_supported_primary	GSE145996	EcoNiche-Opt-WordNoBioObjective	word_no_bio_objective	tcell_dysfunction	PDCD1	1.0	0.75	0.34988541514385507	1.0	1.0	1.9693700751419816
primary_recist	melanoma_recist_supported_primary	GSE145996	EcoNiche-Opt-WordNoBioObjective	word_no_bio_objective	tcell_dysfunction	RP11-33B1	-1.0	0.75	0.59235293498118	1.0	0.0	0.9261300297605786
primary_recist	melanoma_recist_supported_primary	GSE145996	EcoNiche-Opt-WordNoBioObjective	word_no_bio_objective	tcell_dysfunction	TRAJ10	1.0	0.25	0.6296396874096398	1.0	0.0	0.9686902865607426
primary_recist	melanoma_recist_supported_primary	GSE145996	EcoNiche-Opt-WordNoBioObjective	word_no_bio_objective	tcell_dysfunction	TRAJ52	1.0	0.5	0.5699427119624403	1.0	0.0	0.9005503054749496
primary_recist	melanoma_recist_supported_primary	GSE145996	EcoNiche-Opt-WordNoBioObjective	word_no_bio_objective	caf_ecm_exclusion	IGKV4-1	1.0	0.5	0.5986417321957641	1.0	0.0	0.933308258138885
primary_recist	melanoma_recist_supported_primary	GSE145996	EcoNiche-Opt-WordNoBioObjective	word_no_bio_objective	caf_ecm_exclusion	IGLV2-11	1.0	0.25	0.6004243760255497	1.0	0.0	0.9353430231489102
primary_recist	melanoma_recist_supported_primary	GSE145996	EcoNiche-Opt-WordNoBioObjective	word_no_bio_objective	caf_ecm_exclusion	POSTN	-1.0	0.25	0.0964095392374149	0.6666666666666666	1.0	1.4767115078150743
primary_recist	melanoma_recist_supported_primary	GSE145996	EcoNiche-Opt-WordNoBioObjective	word_no_bio_objective	caf_ecm_exclusion	TGFB1	1.0	0.75	0.17056561667066303	0.6666666666666666	1.0	1.6813555567948653
primary_recist	melanoma_recist_supported_primary	GSE145996	EcoNiche-Opt-WordNoBioObjective	word_no_bio_objective	caf_ecm_exclusion	VIM	-1.0	1.0	0.2088433726534272	1.0	1.0	1.6883803091512455
primary_recist	melanoma_recist_supported_primary	GSE145996	EcoNiche-Opt-WordNoBioObjective	word_no_bio_objective	myeloid_suppression	AL049794	-1.0	0.75	0.6092080689966051	1.0	0.0	0.9453690029984337
primary_recist	melanoma_recist_supported_primary	GSE145996	EcoNiche-Opt-WordNoBioObjective	word_no_bio_objective	myeloid_suppression	CD163	1.0	0.25	0.012967031493903722	0.6666666666666666	1.0	1.381467638979158
primary_recist	melanoma_recist_supported_primary	GSE145996	EcoNiche-Opt-WordNoBioObjective	word_no_bio_objective	myeloid_suppression	IGHD3-10	1.0	0.5	0.571257348608386	1.0	0.0	0.9020508725559178
primary_recist	melanoma_recist_supported_primary	GSE145996	EcoNiche-Opt-WordNoBioObjective	word_no_bio_objective	myeloid_suppression	TGFB1	1.0	0.75	0.17056561667066303	0.6666666666666666	1.0	1.6813555567948653
primary_recist	melanoma_recist_supported_primary	PRJEB23709_PD1_PRE	EcoNiche-Opt-WordFullGraph	word_full_graph	tumor_dedifferentiation	AXL	-1.0	0.25	0.19878911854252793	0.6666666666666666	1.0	1.5808519068904383
primary_recist	melanoma_recist_supported_primary	PRJEB23709_PD1_PRE	EcoNiche-Opt-WordFullGraph	word_full_graph	tumor_dedifferentiation	CASC14,CASC15	-1.0	0.5	0.6585910340921327	1.0	0.0	0.959598593124542
primary_recist	melanoma_recist_supported_primary	PRJEB23709_PD1_PRE	EcoNiche-Opt-WordFullGraph	word_full_graph	tumor_dedifferentiation	CUZD1,FAM24B,FAM24B-CUZD1	1.0	0.75	0.6145871641088533	1.0	0.0	0.912186644561935
primary_recist	melanoma_recist_supported_primary	PRJEB23709_PD1_PRE	EcoNiche-Opt-WordFullGraph	word_full_graph	tumor_dedifferentiation	MIR548N,OSBPL6	-1.0	0.5	0.635297935276771	1.0	0.0	0.9345014550019793
primary_recist	melanoma_recist_supported_primary	PRJEB23709_PD1_PRE	EcoNiche-Opt-WordFullGraph	word_full_graph	tumor_dedifferentiation	MITF	-1.0	0.25	0.18193254984489718	0.6666666666666666	1.0	1.5626898050494458
primary_recist	melanoma_recist_supported_primary	PRJEB23709_PD1_PRE	EcoNiche-Opt-WordFullGraph	word_full_graph	tumor_dedifferentiation	SOX10	1.0	0.25	0.051902042519358156	0.6666666666666666	1.0	1.4225884974319403
primary_recist	melanoma_recist_supported_primary	PRJEB23709_PD1_PRE	EcoNiche-Opt-WordFullGraph	word_full_graph	tumor_dedifferentiation	VIM	-1.0	1.0	0.2877470744580092	1.0	1.0	1.7600329470664218
primary_recist	melanoma_recist_supported_primary	PRJEB23709_PD1_PRE	EcoNiche-Opt-WordFullGraph	word_full_graph	antigen_presentation_mhc	ATP5E,SLMO2,SLMO2-ATP5E	-1.0	0.25	0.6086872170121767	1.0	0.0	0.9058297493984863
primary_recist	melanoma_recist_supported_primary	PRJEB23709_PD1_PRE	EcoNiche-Opt-WordFullGraph	word_full_graph	antigen_presentation_mhc	CUZD1,FAM24B,FAM24B-CUZD1	1.0	0.75	0.6145871641088533	1.0	0.0	0.912186644561935
primary_recist	melanoma_recist_supported_primary	PRJEB23709_PD1_PRE	EcoNiche-Opt-WordFullGraph	word_full_graph	antigen_presentation_mhc	HLA-A	1.0	0.25	0.1284929823576832	1.0	1.0	1.7084447020799152
primary_recist	melanoma_recist_supported_primary	PRJEB23709_PD1_PRE	EcoNiche-Opt-WordFullGraph	word_full_graph	antigen_presentation_mhc	LOC100288974,MBL1P	-1.0	0.5	0.5952397052195518	1.0	0.0	0.8913407342811968
primary_recist	melanoma_recist_supported_primary	PRJEB23709_PD1_PRE	EcoNiche-Opt-WordFullGraph	word_full_graph	antigen_presentation_mhc	MARCH3	1.0	0.75	0.5902742542912136	1.0	0.0	0.8859907115651497
primary_recist	melanoma_recist_supported_primary	PRJEB23709_PD1_PRE	EcoNiche-Opt-WordFullGraph	word_full_graph	antigen_presentation_mhc	MIR4469,RNF170	-1.0	0.5	0.5864562913911066	1.0	0.0	0.8818770492735695
primary_recist	melanoma_recist_supported_primary	PRJEB23709_PD1_PRE	EcoNiche-Opt-WordFullGraph	word_full_graph	antigen_presentation_mhc	MIR4763,MIRLET7A3,MIRLET7B,MIRLET7BHG	-1.0	1.0	0.6960882960521982	1.0	0.0	1.0
primary_recist	melanoma_recist_supported_primary	PRJEB23709_PD1_PRE	EcoNiche-Opt-WordFullGraph	word_full_graph	antigen_presentation_mhc	PSMB9	1.0	0.5	0.3020808768708506	1.0	1.0	1.7754768955864595
primary_recist	melanoma_recist_supported_primary	PRJEB23709_PD1_PRE	EcoNiche-Opt-WordFullGraph	word_full_graph	antigen_presentation_mhc	RILP,SCARF1	-1.0	0.75	0.6656160906435411	1.0	0.0	0.9671677369291969
primary_recist	melanoma_recist_supported_primary	PRJEB23709_PD1_PRE	EcoNiche-Opt-WordFullGraph	word_full_graph	tnk_effector	CASC14,CASC15	-1.0	0.5	0.6585910340921327	1.0	0.0	0.959598593124542
primary_recist	melanoma_recist_supported_primary	PRJEB23709_PD1_PRE	EcoNiche-Opt-WordFullGraph	word_full_graph	tnk_effector	CD8B	1.0	0.25	0.15217598101612434	0.6666666666666666	1.0	1.5306286042676613
primary_recist	melanoma_recist_supported_primary	PRJEB23709_PD1_PRE	EcoNiche-Opt-WordFullGraph	word_full_graph	tnk_effector	CXCL9	1.0	0.25	0.041329074542362	1.0	1.0	1.4945299915004562
primary_recist	melanoma_recist_supported_primary	PRJEB23709_PD1_PRE	EcoNiche-Opt-WordFullGraph	word_full_graph	tnk_effector	GZMA	1.0	0.25	0.04645032540496644	0.6666666666666666	1.0	1.4167145474474583
primary_recist	melanoma_recist_supported_primary	PRJEB23709_PD1_PRE	EcoNiche-Opt-WordFullGraph	word_full_graph	tnk_effector	GZMB	1.0	0.5	0.06868442640445852	0.6666666666666666	1.0	1.5606706688823297
primary_recist	melanoma_recist_supported_primary	PRJEB23709_PD1_PRE	EcoNiche-Opt-WordFullGraph	word_full_graph	tnk_effector	IFNG	1.0	0.5	0.11602091236386491	1.0	1.0	1.6950066762598945
primary_recist	melanoma_recist_supported_primary	PRJEB23709_PD1_PRE	EcoNiche-Opt-WordFullGraph	word_full_graph	tnk_effector	LOC100288974,MBL1P	-1.0	0.5	0.5952397052195518	1.0	0.0	0.8913407342811968
primary_recist	melanoma_recist_supported_primary	PRJEB23709_PD1_PRE	EcoNiche-Opt-WordFullGraph	word_full_graph	tnk_effector	MIR4763,MIRLET7A3,MIRLET7B,MIRLET7BHG	-1.0	1.0	0.6960882960521982	1.0	0.0	1.0
primary_recist	melanoma_recist_supported_primary	PRJEB23709_PD1_PRE	EcoNiche-Opt-WordFullGraph	word_full_graph	tcell_dysfunction	INTS3,SLC27A3	-1.0	0.25	0.5756503740018343	1.0	0.0	0.8702342187764648
primary_recist	melanoma_recist_supported_primary	PRJEB23709_PD1_PRE	EcoNiche-Opt-WordFullGraph	word_full_graph	tcell_dysfunction	LIMS3,LIMS3-LOC440895,LOC440895	-1.0	0.25	0.576291125854925	1.0	0.0	0.870924596552594
primary_recist	melanoma_recist_supported_primary	PRJEB23709_PD1_PRE	EcoNiche-Opt-WordFullGraph	word_full_graph	tcell_dysfunction	MIR4469,RNF170	-1.0	0.5	0.5864562913911066	1.0	0.0	0.8818770492735695
primary_recist	melanoma_recist_supported_primary	PRJEB23709_PD1_PRE	EcoNiche-Opt-WordFullGraph	word_full_graph	tcell_dysfunction	PDCD1	1.0	0.5	0.24777310370443967	1.0	1.0	1.8369630114918565
primary_recist	melanoma_recist_supported_primary	PRJEB23709_PD1_PRE	EcoNiche-Opt-WordFullGraph	word_full_graph	tcell_dysfunction	TIGIT	1.0	0.25	0.19021888041942422	0.6666666666666666	1.0	1.5716179079440664
primary_recist	melanoma_recist_supported_primary	PRJEB23709_PD1_PRE	EcoNiche-Opt-WordFullGraph	word_full_graph	caf_ecm_exclusion	LOXL2	-1.0	0.25	0.07849307926030162	0.6666666666666666	1.0	1.4512389971872357
primary_recist	melanoma_recist_supported_primary	PRJEB23709_PD1_PRE	EcoNiche-Opt-WordFullGraph	word_full_graph	caf_ecm_exclusion	RPS8,SNORD55	1.0	0.75	0.6206830299458805	1.0	0.0	0.9187546322780042
primary_recist	melanoma_recist_supported_primary	PRJEB23709_PD1_PRE	EcoNiche-Opt-WordFullGraph	word_full_graph	caf_ecm_exclusion	SLC13A3,TP53RK	-1.0	0.75	0.6155779072387602	1.0	0.0	0.9132541202710431
primary_recist	melanoma_recist_supported_primary	PRJEB23709_PD1_PRE	EcoNiche-Opt-WordFullGraph	word_full_graph	caf_ecm_exclusion	VIM	-1.0	1.0	0.2877470744580092	1.0	1.0	1.7600329470664218
primary_recist	melanoma_recist_supported_primary	PRJEB23709_PD1_PRE	EcoNiche-Opt-WordFullGraph	word_full_graph	myeloid_suppression	MIR548N,OSBPL6	-1.0	0.5	0.635297935276771	1.0	0.0	0.9345014550019793
primary_recist	melanoma_recist_supported_primary	PRJEB23709_PD1_PRE	EcoNiche-Opt-WordFullGraph	word_full_graph	myeloid_suppression	MRC1	1.0	0.5	0.13609805884224088	0.6666666666666666	1.0	1.5133054547494165
primary_recist	melanoma_recist_supported_primary	PRJEB23709_PD1_PRE	EcoNiche-Opt-WordFullGraph	word_full_graph	myeloid_suppression	S100A9	-1.0	0.25	0.08192451463270622	0.6666666666666666	1.0	1.5749361955798813
primary_recist	melanoma_recist_supported_primary	PRJEB23709_PD1_PRE	EcoNiche-Opt-WordFullGraph	word_full_graph	myeloid_suppression	SLC13A3,TP53RK	-1.0	0.75	0.6155779072387602	1.0	0.0	0.9132541202710431
primary_recist	melanoma_recist_supported_primary	PRJEB23709_PD1_PRE	EcoNiche-Opt-WordFullGraph	word_full_graph	myeloid_suppression	TGFB1	1.0	0.5	0.15803664043940316	0.6666666666666666	1.0	1.6569431689462917
primary_recist	melanoma_recist_supported_primary	PRJEB23709_PD1_PRE	EcoNiche-Opt-WordFullGraph	word_full_graph	myeloid_suppression	ZNF595,ZNF718	1.0	0.75	0.5852950455789185	1.0	0.0	0.8806258655313914
primary_recist	melanoma_recist_supported_primary	PRJEB23709_PD1_PRE	EcoNiche-Opt-WordNoInteraction	word_no_interaction	tumor_dedifferentiation	CTD-2201I18.1,SERINC5	-1.0	0.5	0.6697495757450568	1.0	0.0	0.9716213584650262
primary_recist	melanoma_recist_supported_primary	PRJEB23709_PD1_PRE	EcoNiche-Opt-WordNoInteraction	word_no_interaction	tumor_dedifferentiation	MIR4469,RNF170	-1.0	0.5	0.5864562913911066	1.0	0.0	0.8818770492735695
primary_recist	melanoma_recist_supported_primary	PRJEB23709_PD1_PRE	EcoNiche-Opt-WordNoInteraction	word_no_interaction	tumor_dedifferentiation	SLC13A3,TP53RK	-1.0	0.5	0.6155779072387602	1.0	0.0	0.9132541202710431
primary_recist	melanoma_recist_supported_primary	PRJEB23709_PD1_PRE	EcoNiche-Opt-WordNoInteraction	word_no_interaction	tumor_dedifferentiation	VIM	-1.0	1.0	0.2877470744580092	1.0	1.0	1.7600329470664218
primary_recist	melanoma_recist_supported_primary	PRJEB23709_PD1_PRE	EcoNiche-Opt-WordNoInteraction	word_no_interaction	antigen_presentation_mhc	APOC1,APOC1P1	-1.0	1.0	0.615843543085776	1.0	0.0	0.9135403294867299
primary_recist	melanoma_recist_supported_primary	PRJEB23709_PD1_PRE	EcoNiche-Opt-WordNoInteraction	word_no_interaction	antigen_presentation_mhc	PSMB9	1.0	0.5	0.3020808768708506	1.0	1.0	1.7754768955864595
primary_recist	melanoma_recist_supported_primary	PRJEB23709_PD1_PRE	EcoNiche-Opt-WordNoInteraction	word_no_interaction	antigen_presentation_mhc	TAP1	1.0	0.25	0.18764934312639595	1.0	1.0	1.652182694556099
primary_recist	melanoma_recist_supported_primary	PRJEB23709_PD1_PRE	EcoNiche-Opt-WordNoInteraction	word_no_interaction	tnk_effector	APOC1,APOC1P1	-1.0	1.0	0.615843543085776	1.0	0.0	0.9135403294867299
primary_recist	melanoma_recist_supported_primary	PRJEB23709_PD1_PRE	EcoNiche-Opt-WordNoInteraction	word_no_interaction	tnk_effector	CD8B	1.0	0.25	0.15217598101612434	0.6666666666666666	1.0	1.5306286042676613
primary_recist	melanoma_recist_supported_primary	PRJEB23709_PD1_PRE	EcoNiche-Opt-WordNoInteraction	word_no_interaction	tnk_effector	CXCL9	1.0	0.25	0.041329074542362	1.0	1.0	1.4945299915004562
primary_recist	melanoma_recist_supported_primary	PRJEB23709_PD1_PRE	EcoNiche-Opt-WordNoInteraction	word_no_interaction	tnk_effector	IFNG	1.0	0.5	0.11602091236386491	1.0	1.0	1.6950066762598945
primary_recist	melanoma_recist_supported_primary	PRJEB23709_PD1_PRE	EcoNiche-Opt-WordNoInteraction	word_no_interaction	tnk_effector	MARCH3	1.0	0.75	0.5902742542912136	1.0	0.0	0.8859907115651497
primary_recist	melanoma_recist_supported_primary	PRJEB23709_PD1_PRE	EcoNiche-Opt-WordNoInteraction	word_no_interaction	tnk_effector	NKG7	1.0	0.25	0.12409465679879723	1.0	1.0	1.5837057283205904
primary_recist	melanoma_recist_supported_primary	PRJEB23709_PD1_PRE	EcoNiche-Opt-WordNoInteraction	word_no_interaction	tnk_effector	PRF1	1.0	0.25	0.1266191928357436	0.6666666666666666	1.0	1.6230924551268229
primary_recist	melanoma_recist_supported_primary	PRJEB23709_PD1_PRE	EcoNiche-Opt-WordNoInteraction	word_no_interaction	tnk_effector	RILP,SCARF1	-1.0	0.75	0.6656160906435411	1.0	0.0	0.9671677369291969
primary_recist	melanoma_recist_supported_primary	PRJEB23709_PD1_PRE	EcoNiche-Opt-WordNoInteraction	word_no_interaction	tnk_effector	RPS8,SNORD55	1.0	0.75	0.6206830299458805	1.0	0.0	0.9187546322780042
primary_recist	melanoma_recist_supported_primary	PRJEB23709_PD1_PRE	EcoNiche-Opt-WordNoInteraction	word_no_interaction	tcell_dysfunction	APOC1,APOC1P1	-1.0	1.0	0.615843543085776	1.0	0.0	0.9135403294867299
primary_recist	melanoma_recist_supported_primary	PRJEB23709_PD1_PRE	EcoNiche-Opt-WordNoInteraction	word_no_interaction	tcell_dysfunction	ATP5E,SLMO2,SLMO2-ATP5E	-1.0	0.5	0.6086872170121767	1.0	0.0	0.9058297493984863
primary_recist	melanoma_recist_supported_primary	PRJEB23709_PD1_PRE	EcoNiche-Opt-WordNoInteraction	word_no_interaction	tcell_dysfunction	CUZD1,FAM24B,FAM24B-CUZD1	1.0	0.25	0.6145871641088533	1.0	0.0	0.912186644561935
primary_recist	melanoma_recist_supported_primary	PRJEB23709_PD1_PRE	EcoNiche-Opt-WordNoInteraction	word_no_interaction	tcell_dysfunction	LIMS3,LIMS3-LOC440895,LOC440895	-1.0	0.25	0.576291125854925	1.0	0.0	0.870924596552594
primary_recist	melanoma_recist_supported_primary	PRJEB23709_PD1_PRE	EcoNiche-Opt-WordNoInteraction	word_no_interaction	tcell_dysfunction	MIR548N,OSBPL6	-1.0	0.75	0.635297935276771	1.0	0.0	0.9345014550019793
primary_recist	melanoma_recist_supported_primary	PRJEB23709_PD1_PRE	EcoNiche-Opt-WordNoInteraction	word_no_interaction	tcell_dysfunction	PDCD1	1.0	0.5	0.24777310370443967	1.0	1.0	1.8369630114918565
primary_recist	melanoma_recist_supported_primary	PRJEB23709_PD1_PRE	EcoNiche-Opt-WordNoInteraction	word_no_interaction	tcell_dysfunction	TOX	1.0	0.5	0.12784355315363716	0.6666666666666666	1.0	1.5044116415628368
primary_recist	melanoma_recist_supported_primary	PRJEB23709_PD1_PRE	EcoNiche-Opt-WordNoInteraction	word_no_interaction	caf_ecm_exclusion	LOXL2	-1.0	0.25	0.07849307926030162	0.6666666666666666	1.0	1.4512389971872357
primary_recist	melanoma_recist_supported_primary	PRJEB23709_PD1_PRE	EcoNiche-Opt-WordNoInteraction	word_no_interaction	caf_ecm_exclusion	POSTN	-1.0	0.25	0.19530850549580442	0.6666666666666666	1.0	1.5771017220362358
primary_recist	melanoma_recist_supported_primary	PRJEB23709_PD1_PRE	EcoNiche-Opt-WordNoInteraction	word_no_interaction	caf_ecm_exclusion	VIM	-1.0	1.0	0.2877470744580092	1.0	1.0	1.7600329470664218
primary_recist	melanoma_recist_supported_primary	PRJEB23709_PD1_PRE	EcoNiche-Opt-WordNoInteraction	word_no_interaction	caf_ecm_exclusion	ZNF595,ZNF718	1.0	0.25	0.5852950455789185	1.0	0.0	0.8806258655313914
primary_recist	melanoma_recist_supported_primary	PRJEB23709_PD1_PRE	EcoNiche-Opt-WordNoInteraction	word_no_interaction	myeloid_suppression	MARCH3	1.0	0.75	0.5902742542912136	1.0	0.0	0.8859907115651497
primary_recist	melanoma_recist_supported_primary	PRJEB23709_PD1_PRE	EcoNiche-Opt-WordNoInteraction	word_no_interaction	myeloid_suppression	S100A9	-1.0	0.25	0.08192451463270622	0.6666666666666666	1.0	1.5749361955798813
primary_recist	melanoma_recist_supported_primary	PRJEB23709_PD1_PRE	EcoNiche-Opt-WordNoInteraction	word_no_interaction	myeloid_suppression	TGFB1	1.0	0.5	0.15803664043940316	0.6666666666666666	1.0	1.6569431689462917
primary_recist	melanoma_recist_supported_primary	PRJEB23709_PD1_PRE	EcoNiche-Opt-WordUnsignedGraph	word_unsigned_graph	tumor_dedifferentiation	MIR4763,MIRLET7A3,MIRLET7B,MIRLET7BHG	1.0	0.5	0.6960882960521982	1.0	0.0	1.0
primary_recist	melanoma_recist_supported_primary	PRJEB23709_PD1_PRE	EcoNiche-Opt-WordUnsignedGraph	word_unsigned_graph	tumor_dedifferentiation	RILP,SCARF1	1.0	0.25	0.6656160906435411	1.0	0.0	0.9671677369291969
primary_recist	melanoma_recist_supported_primary	PRJEB23709_PD1_PRE	EcoNiche-Opt-WordUnsignedGraph	word_unsigned_graph	tumor_dedifferentiation	VIM	1.0	1.0	0.2877470744580092	1.0	1.0	1.7600329470664218
primary_recist	melanoma_recist_supported_primary	PRJEB23709_PD1_PRE	EcoNiche-Opt-WordUnsignedGraph	word_unsigned_graph	antigen_presentation_mhc	HLA-B	1.0	0.25	0.09609801226444953	1.0	1.0	1.5535407571239102
primary_recist	melanoma_recist_supported_primary	PRJEB23709_PD1_PRE	EcoNiche-Opt-WordUnsignedGraph	word_unsigned_graph	antigen_presentation_mhc	HLA-DRA	1.0	0.25	0.071732642623027	0.6666666666666666	1.0	1.4439549679818722
primary_recist	melanoma_recist_supported_primary	PRJEB23709_PD1_PRE	EcoNiche-Opt-WordUnsignedGraph	word_unsigned_graph	antigen_presentation_mhc	PSMB8	1.0	0.25	0.22817800958774265	0.5	1.0	1.570850286754389
primary_recist	melanoma_recist_supported_primary	PRJEB23709_PD1_PRE	EcoNiche-Opt-WordUnsignedGraph	word_unsigned_graph	antigen_presentation_mhc	PSMB9	1.0	0.5	0.3020808768708506	1.0	1.0	1.7754768955864595
primary_recist	melanoma_recist_supported_primary	PRJEB23709_PD1_PRE	EcoNiche-Opt-WordUnsignedGraph	word_unsigned_graph	antigen_presentation_mhc	TAP1	1.0	0.25	0.18764934312639595	1.0	1.0	1.652182694556099
primary_recist	melanoma_recist_supported_primary	PRJEB23709_PD1_PRE	EcoNiche-Opt-WordUnsignedGraph	word_unsigned_graph	tnk_effector	CD8B	1.0	0.25	0.15217598101612434	0.6666666666666666	1.0	1.5306286042676613
primary_recist	melanoma_recist_supported_primary	PRJEB23709_PD1_PRE	EcoNiche-Opt-WordUnsignedGraph	word_unsigned_graph	tnk_effector	CXCL10	1.0	0.25	0.03859506909789774	0.6666666666666666	1.0	1.4082509053151107
primary_recist	melanoma_recist_supported_primary	PRJEB23709_PD1_PRE	EcoNiche-Opt-WordUnsignedGraph	word_unsigned_graph	tnk_effector	IFNG	1.0	0.5	0.11602091236386491	1.0	1.0	1.6950066762598945
primary_recist	melanoma_recist_supported_primary	PRJEB23709_PD1_PRE	EcoNiche-Opt-WordUnsignedGraph	word_unsigned_graph	tnk_effector	NKG7	1.0	0.5	0.12409465679879723	1.0	1.0	1.5837057283205904
primary_recist	melanoma_recist_supported_primary	PRJEB23709_PD1_PRE	EcoNiche-Opt-WordUnsignedGraph	word_unsigned_graph	tcell_dysfunction	ATP5E,SLMO2,SLMO2-ATP5E	1.0	0.75	0.6086872170121767	1.0	0.0	0.9058297493984863
primary_recist	melanoma_recist_supported_primary	PRJEB23709_PD1_PRE	EcoNiche-Opt-WordUnsignedGraph	word_unsigned_graph	tcell_dysfunction	CTD-2201I18.1,SERINC5	1.0	0.25	0.6697495757450568	1.0	0.0	0.9716213584650262
primary_recist	melanoma_recist_supported_primary	PRJEB23709_PD1_PRE	EcoNiche-Opt-WordUnsignedGraph	word_unsigned_graph	tcell_dysfunction	CUZD1,FAM24B,FAM24B-CUZD1	1.0	0.5	0.6145871641088533	1.0	0.0	0.912186644561935
primary_recist	melanoma_recist_supported_primary	PRJEB23709_PD1_PRE	EcoNiche-Opt-WordUnsignedGraph	word_unsigned_graph	tcell_dysfunction	HNRNPC,LINC00641	1.0	0.25	0.57403939396021	1.0	0.0	0.8684984691049495
primary_recist	melanoma_recist_supported_primary	PRJEB23709_PD1_PRE	EcoNiche-Opt-WordUnsignedGraph	word_unsigned_graph	tcell_dysfunction	MARCH3	1.0	0.75	0.5902742542912136	1.0	0.0	0.8859907115651497
primary_recist	melanoma_recist_supported_primary	PRJEB23709_PD1_PRE	EcoNiche-Opt-WordUnsignedGraph	word_unsigned_graph	tcell_dysfunction	PDCD1	1.0	0.5	0.24777310370443967	1.0	1.0	1.8369630114918565
primary_recist	melanoma_recist_supported_primary	PRJEB23709_PD1_PRE	EcoNiche-Opt-WordUnsignedGraph	word_unsigned_graph	tcell_dysfunction	TOX	1.0	0.25	0.12784355315363716	0.6666666666666666	1.0	1.5044116415628368
primary_recist	melanoma_recist_supported_primary	PRJEB23709_PD1_PRE	EcoNiche-Opt-WordUnsignedGraph	word_unsigned_graph	caf_ecm_exclusion	ACTA2	1.0	0.5	0.01694650910105068	0.5	1.0	1.3432590080854268
primary_recist	melanoma_recist_supported_primary	PRJEB23709_PD1_PRE	EcoNiche-Opt-WordUnsignedGraph	word_unsigned_graph	caf_ecm_exclusion	CASC14,CASC15	1.0	0.25	0.6585910340921327	1.0	0.0	0.959598593124542
primary_recist	melanoma_recist_supported_primary	PRJEB23709_PD1_PRE	EcoNiche-Opt-WordUnsignedGraph	word_unsigned_graph	caf_ecm_exclusion	COL1A1	1.0	0.25	0.09063501236312704	1.0	1.0	1.667654650506073
primary_recist	melanoma_recist_supported_primary	PRJEB23709_PD1_PRE	EcoNiche-Opt-WordUnsignedGraph	word_unsigned_graph	caf_ecm_exclusion	MARCH3	1.0	0.75	0.5902742542912136	1.0	0.0	0.8859907115651497
primary_recist	melanoma_recist_supported_primary	PRJEB23709_PD1_PRE	EcoNiche-Opt-WordUnsignedGraph	word_unsigned_graph	caf_ecm_exclusion	MIR548N,OSBPL6	1.0	0.25	0.635297935276771	1.0	0.0	0.9345014550019793
primary_recist	melanoma_recist_supported_primary	PRJEB23709_PD1_PRE	EcoNiche-Opt-WordUnsignedGraph	word_unsigned_graph	caf_ecm_exclusion	VIM	1.0	1.0	0.2877470744580092	1.0	1.0	1.7600329470664218
primary_recist	melanoma_recist_supported_primary	PRJEB23709_PD1_PRE	EcoNiche-Opt-WordUnsignedGraph	word_unsigned_graph	myeloid_suppression	APOC1,APOC1P1	1.0	0.75	0.615843543085776	1.0	0.0	0.9135403294867299
primary_recist	melanoma_recist_supported_primary	PRJEB23709_PD1_PRE	EcoNiche-Opt-WordUnsignedGraph	word_unsigned_graph	myeloid_suppression	CD163	1.0	0.25	0.2306083357214591	0.6666666666666666	1.0	1.6151355071456692
primary_recist	melanoma_recist_supported_primary	PRJEB23709_PD1_PRE	EcoNiche-Opt-WordUnsignedGraph	word_unsigned_graph	myeloid_suppression	CSF1R	1.0	0.5	0.019527335897228142	1.0	1.0	1.4710397186764692
primary_recist	melanoma_recist_supported_primary	PRJEB23709_PD1_PRE	EcoNiche-Opt-WordUnsignedGraph	word_unsigned_graph	myeloid_suppression	HPN,SCN1B	1.0	0.25	0.6203434860963829	1.0	0.0	0.918388790920568
primary_recist	melanoma_recist_supported_primary	PRJEB23709_PD1_PRE	EcoNiche-Opt-WordUnsignedGraph	word_unsigned_graph	myeloid_suppression	IL10	1.0	0.25	0.13061790476126034	0.6666666666666666	1.0	1.627400865368952
primary_recist	melanoma_recist_supported_primary	PRJEB23709_PD1_PRE	EcoNiche-Opt-WordUnsignedGraph	word_unsigned_graph	myeloid_suppression	LOC100288974,MBL1P	1.0	1.0	0.5952397052195518	1.0	0.0	0.8913407342811968
primary_recist	melanoma_recist_supported_primary	PRJEB23709_PD1_PRE	EcoNiche-Opt-WordUnsignedGraph	word_unsigned_graph	myeloid_suppression	TGFB1	1.0	0.5	0.15803664043940316	0.6666666666666666	1.0	1.6569431689462917
primary_recist	melanoma_recist_supported_primary	PRJEB23709_PD1_PRE	EcoNiche-Opt-WordNoBioObjective	word_no_bio_objective	tumor_dedifferentiation	APOC1,APOC1P1	-1.0	0.5	0.615843543085776	1.0	0.0	0.9135403294867299
primary_recist	melanoma_recist_supported_primary	PRJEB23709_PD1_PRE	EcoNiche-Opt-WordNoBioObjective	word_no_bio_objective	tumor_dedifferentiation	AXL	-1.0	0.25	0.19878911854252793	0.6666666666666666	1.0	1.5808519068904383
primary_recist	melanoma_recist_supported_primary	PRJEB23709_PD1_PRE	EcoNiche-Opt-WordNoBioObjective	word_no_bio_objective	tumor_dedifferentiation	CASC14,CASC15	-1.0	0.5	0.6585910340921327	1.0	0.0	0.959598593124542
primary_recist	melanoma_recist_supported_primary	PRJEB23709_PD1_PRE	EcoNiche-Opt-WordNoBioObjective	word_no_bio_objective	tumor_dedifferentiation	HNRNPC,LINC00641	1.0	0.25	0.57403939396021	1.0	0.0	0.8684984691049495
primary_recist	melanoma_recist_supported_primary	PRJEB23709_PD1_PRE	EcoNiche-Opt-WordNoBioObjective	word_no_bio_objective	tumor_dedifferentiation	ITGA3	1.0	0.5	0.06814580218445628	0.6666666666666666	1.0	1.440090328475383
primary_recist	melanoma_recist_supported_primary	PRJEB23709_PD1_PRE	EcoNiche-Opt-WordNoBioObjective	word_no_bio_objective	tumor_dedifferentiation	LOC100288974,MBL1P	-1.0	0.25	0.5952397052195518	1.0	0.0	0.8913407342811968
primary_recist	melanoma_recist_supported_primary	PRJEB23709_PD1_PRE	EcoNiche-Opt-WordNoBioObjective	word_no_bio_objective	tumor_dedifferentiation	LOC100996635	1.0	0.25	0.5678946468017276	1.0	0.0	0.8618778142325737
primary_recist	melanoma_recist_supported_primary	PRJEB23709_PD1_PRE	EcoNiche-Opt-WordNoBioObjective	word_no_bio_objective	tumor_dedifferentiation	MIR143,MIR143HG	-1.0	1.0	0.6257842017515911	1.0	0.0	0.9242508873881405
primary_recist	melanoma_recist_supported_primary	PRJEB23709_PD1_PRE	EcoNiche-Opt-WordNoBioObjective	word_no_bio_objective	tumor_dedifferentiation	VIM	-1.0	1.0	0.2877470744580092	1.0	1.0	1.7600329470664218
primary_recist	melanoma_recist_supported_primary	PRJEB23709_PD1_PRE	EcoNiche-Opt-WordNoBioObjective	word_no_bio_objective	antigen_presentation_mhc	HLA-C	1.0	0.25	0.016214344537800768	1.0	1.0	1.467470137728675
primary_recist	melanoma_recist_supported_primary	PRJEB23709_PD1_PRE	EcoNiche-Opt-WordNoBioObjective	word_no_bio_objective	antigen_presentation_mhc	HPN,SCN1B	-1.0	0.25	0.6203434860963829	1.0	0.0	0.918388790920568
primary_recist	melanoma_recist_supported_primary	PRJEB23709_PD1_PRE	EcoNiche-Opt-WordNoBioObjective	word_no_bio_objective	antigen_presentation_mhc	PSMB9	1.0	0.5	0.3020808768708506	1.0	1.0	1.7754768955864595
primary_recist	melanoma_recist_supported_primary	PRJEB23709_PD1_PRE	EcoNiche-Opt-WordNoBioObjective	word_no_bio_objective	antigen_presentation_mhc	TAP2	1.0	0.25	0.20768610099328602	0.6666666666666666	1.0	1.5904379563555886
primary_recist	melanoma_recist_supported_primary	PRJEB23709_PD1_PRE	EcoNiche-Opt-WordNoBioObjective	word_no_bio_objective	tnk_effector	CCL5	1.0	0.5	0.09842548189738735	0.6666666666666666	1.0	1.4727151548278654
primary_recist	melanoma_recist_supported_primary	PRJEB23709_PD1_PRE	EcoNiche-Opt-WordNoBioObjective	word_no_bio_objective	tnk_effector	CD8A	1.0	0.5	0.17418976632220956	0.6666666666666666	1.0	1.5543473466645683
primary_recist	melanoma_recist_supported_primary	PRJEB23709_PD1_PRE	EcoNiche-Opt-WordNoBioObjective	word_no_bio_objective	tnk_effector	GNLY	1.0	0.25	0.06849054270884077	0.6666666666666666	1.0	1.4404617689876782
primary_recist	melanoma_recist_supported_primary	PRJEB23709_PD1_PRE	EcoNiche-Opt-WordNoBioObjective	word_no_bio_objective	tnk_effector	IFNG	1.0	0.5	0.11602091236386491	1.0	1.0	1.6950066762598945
primary_recist	melanoma_recist_supported_primary	PRJEB23709_PD1_PRE	EcoNiche-Opt-WordNoBioObjective	word_no_bio_objective	tnk_effector	MARCH3	1.0	0.5	0.5902742542912136	1.0	0.0	0.8859907115651497
primary_recist	melanoma_recist_supported_primary	PRJEB23709_PD1_PRE	EcoNiche-Opt-WordNoBioObjective	word_no_bio_objective	tnk_effector	MIR548N,OSBPL6	-1.0	0.75	0.635297935276771	1.0	0.0	0.9345014550019793
primary_recist	melanoma_recist_supported_primary	PRJEB23709_PD1_PRE	EcoNiche-Opt-WordNoBioObjective	word_no_bio_objective	tnk_effector	NKG7	1.0	0.5	0.12409465679879723	1.0	1.0	1.5837057283205904
primary_recist	melanoma_recist_supported_primary	PRJEB23709_PD1_PRE	EcoNiche-Opt-WordNoBioObjective	word_no_bio_objective	tnk_effector	PRF1	1.0	0.25	0.1266191928357436	0.6666666666666666	1.0	1.6230924551268229
primary_recist	melanoma_recist_supported_primary	PRJEB23709_PD1_PRE	EcoNiche-Opt-WordNoBioObjective	word_no_bio_objective	tcell_dysfunction	CUZD1,FAM24B,FAM24B-CUZD1	1.0	1.0	0.6145871641088533	1.0	0.0	0.912186644561935
primary_recist	melanoma_recist_supported_primary	PRJEB23709_PD1_PRE	EcoNiche-Opt-WordNoBioObjective	word_no_bio_objective	tcell_dysfunction	MIR143,MIR143HG	-1.0	1.0	0.6257842017515911	1.0	0.0	0.9242508873881405
primary_recist	melanoma_recist_supported_primary	PRJEB23709_PD1_PRE	EcoNiche-Opt-WordNoBioObjective	word_no_bio_objective	tcell_dysfunction	PDCD1	1.0	0.5	0.24777310370443967	1.0	1.0	1.8369630114918565
primary_recist	melanoma_recist_supported_primary	PRJEB23709_PD1_PRE	EcoNiche-Opt-WordNoBioObjective	word_no_bio_objective	tcell_dysfunction	SLC13A3,TP53RK	-1.0	0.5	0.6155779072387602	1.0	0.0	0.9132541202710431
primary_recist	melanoma_recist_supported_primary	PRJEB23709_PD1_PRE	EcoNiche-Opt-WordNoBioObjective	word_no_bio_objective	caf_ecm_exclusion	APOC1,APOC1P1	-1.0	0.5	0.615843543085776	1.0	0.0	0.9135403294867299
primary_recist	melanoma_recist_supported_primary	PRJEB23709_PD1_PRE	EcoNiche-Opt-WordNoBioObjective	word_no_bio_objective	caf_ecm_exclusion	ATP5E,SLMO2,SLMO2-ATP5E	-1.0	0.5	0.6086872170121767	1.0	0.0	0.9058297493984863
primary_recist	melanoma_recist_supported_primary	PRJEB23709_PD1_PRE	EcoNiche-Opt-WordNoBioObjective	word_no_bio_objective	caf_ecm_exclusion	COL3A1	-1.0	0.25	0.13813254267273836	1.0	1.0	1.5988308417080253
primary_recist	melanoma_recist_supported_primary	PRJEB23709_PD1_PRE	EcoNiche-Opt-WordNoBioObjective	word_no_bio_objective	caf_ecm_exclusion	FN1	-1.0	0.25	0.03383317349959069	0.6666666666666666	1.0	1.5231202031915652
primary_recist	melanoma_recist_supported_primary	PRJEB23709_PD1_PRE	EcoNiche-Opt-WordNoBioObjective	word_no_bio_objective	caf_ecm_exclusion	MIR548N,OSBPL6	-1.0	0.75	0.635297935276771	1.0	0.0	0.9345014550019793
primary_recist	melanoma_recist_supported_primary	PRJEB23709_PD1_PRE	EcoNiche-Opt-WordNoBioObjective	word_no_bio_objective	caf_ecm_exclusion	TGFBI	-1.0	0.5	0.21483070189295028	1.0	1.0	1.681469236494145
primary_recist	melanoma_recist_supported_primary	PRJEB23709_PD1_PRE	EcoNiche-Opt-WordNoBioObjective	word_no_bio_objective	caf_ecm_exclusion	VIM	-1.0	1.0	0.2877470744580092	1.0	1.0	1.7600329470664218
primary_recist	melanoma_recist_supported_primary	PRJEB23709_PD1_PRE	EcoNiche-Opt-WordNoBioObjective	word_no_bio_objective	myeloid_suppression	IL10	-1.0	0.25	0.13061790476126034	0.6666666666666666	1.0	1.627400865368952
primary_recist	melanoma_recist_supported_primary	PRJEB23709_PD1_PRE	EcoNiche-Opt-WordNoBioObjective	word_no_bio_objective	myeloid_suppression	MIR4763,MIRLET7A3,MIRLET7B,MIRLET7BHG	-1.0	0.5	0.6960882960521982	1.0	0.0	1.0
primary_recist	melanoma_recist_supported_primary	PRJEB23709_PD1_PRE	EcoNiche-Opt-WordNoBioObjective	word_no_bio_objective	myeloid_suppression	TGFB1	1.0	0.5	0.15803664043940316	0.6666666666666666	1.0	1.6569431689462917
primary_recist	melanoma_core_high_evidence	GSE91061	EcoNiche-Opt-WordFullGraph	word_full_graph	tumor_dedifferentiation	AXL	-1.0	0.25	0.15867653578720786	0.5	1.0	1.5061183241077702
primary_recist	melanoma_core_high_evidence	GSE91061	EcoNiche-Opt-WordFullGraph	word_full_graph	tumor_dedifferentiation	IGHD2-15	1.0	0.75	0.6388147763670191	1.0	0.0	0.979163017940061
primary_recist	melanoma_core_high_evidence	GSE91061	EcoNiche-Opt-WordFullGraph	word_full_graph	tumor_dedifferentiation	IGHV6-1	1.0	0.5	0.6025726811475239	1.0	0.0	0.937795165309903
primary_recist	melanoma_core_high_evidence	GSE91061	EcoNiche-Opt-WordFullGraph	word_full_graph	tumor_dedifferentiation	IGLV1-40	1.0	0.75	0.5774866997426176	1.0	0.0	0.9091612473325885
primary_recist	melanoma_core_high_evidence	GSE91061	EcoNiche-Opt-WordFullGraph	word_full_graph	tumor_dedifferentiation	ITGA3	1.0	0.25	0.06068770579122261	0.5	1.0	1.394270831457979
primary_recist	melanoma_core_high_evidence	GSE91061	EcoNiche-Opt-WordFullGraph	word_full_graph	tumor_dedifferentiation	RP11-428O18	-1.0	0.5	0.5889628703376754	1.0	0.0	0.9222605047309171
primary_recist	melanoma_core_high_evidence	GSE91061	EcoNiche-Opt-WordFullGraph	word_full_graph	tumor_dedifferentiation	VIM	-1.0	0.5	0.16236363474422824	1.0	1.0	1.6353268933243972
primary_recist	melanoma_core_high_evidence	GSE91061	EcoNiche-Opt-WordFullGraph	word_full_graph	tumor_dedifferentiation	ZEB1	-1.0	0.25	0.13583230723759493	1.0	1.0	1.6050432124353717
primary_recist	melanoma_core_high_evidence	GSE91061	EcoNiche-Opt-WordFullGraph	word_full_graph	antigen_presentation_mhc	B2M	1.0	0.75	0.2753071628793394	1.0	1.0	1.8842441427032388
primary_recist	melanoma_core_high_evidence	GSE91061	EcoNiche-Opt-WordFullGraph	word_full_graph	antigen_presentation_mhc	HLA-C	1.0	0.25	0.08643036198496323	1.0	1.0	1.5486542984259333
primary_recist	melanoma_core_high_evidence	GSE91061	EcoNiche-Opt-WordFullGraph	word_full_graph	antigen_presentation_mhc	TAP1	1.0	0.25	0.13660789962167788	1.0	1.0	1.6059284976610604
primary_recist	melanoma_core_high_evidence	GSE91061	EcoNiche-Opt-WordFullGraph	word_full_graph	tnk_effector	CD8A	1.0	0.25	0.2720105551667831	0.5	1.0	1.6354812923159598
primary_recist	melanoma_core_high_evidence	GSE91061	EcoNiche-Opt-WordFullGraph	word_full_graph	tnk_effector	CXCL9	1.0	0.5	0.30582958110861375	1.0	1.0	1.7990833784476852
primary_recist	melanoma_core_high_evidence	GSE91061	EcoNiche-Opt-WordFullGraph	word_full_graph	tnk_effector	GNLY	1.0	0.25	0.266548292783666	1.0	1.0	1.7542464964543096
primary_recist	melanoma_core_high_evidence	GSE91061	EcoNiche-Opt-WordFullGraph	word_full_graph	tnk_effector	GZMB	1.0	0.25	0.08878333018371601	0.5	1.0	1.5463400493765873
primary_recist	melanoma_core_high_evidence	GSE91061	EcoNiche-Opt-WordFullGraph	word_full_graph	tnk_effector	IFNG	1.0	0.5	0.24440698908117486	1.0	1.0	1.8489737250249272
primary_recist	melanoma_core_high_evidence	GSE91061	EcoNiche-Opt-WordFullGraph	word_full_graph	tnk_effector	LOC102724050	-1.0	0.75	0.6495316220259982	1.0	0.0	0.9913955582828811
primary_recist	melanoma_core_high_evidence	GSE91061	EcoNiche-Opt-WordFullGraph	word_full_graph	tcell_dysfunction	HAVCR2	1.0	0.25	0.07310076532233509	0.5	1.0	1.4084394829739162
primary_recist	melanoma_core_high_evidence	GSE91061	EcoNiche-Opt-WordFullGraph	word_full_graph	tcell_dysfunction	IGHD2-2	1.0	1.0	0.5836222146287606	1.0	0.0	0.9161645145025169
primary_recist	melanoma_core_high_evidence	GSE91061	EcoNiche-Opt-WordFullGraph	word_full_graph	tcell_dysfunction	PDCD1	1.0	0.5	0.21397505558390997	1.0	1.0	1.8142377713627216
primary_recist	melanoma_core_high_evidence	GSE91061	EcoNiche-Opt-WordFullGraph	word_full_graph	tcell_dysfunction	TIGIT	1.0	0.5	0.1793820102261254	0.5	1.0	1.5297521954399635
primary_recist	melanoma_core_high_evidence	GSE91061	EcoNiche-Opt-WordFullGraph	word_full_graph	caf_ecm_exclusion	ACTA2	-1.0	0.25	0.2603974783845357	1.0	1.0	1.7472257659452797
primary_recist	melanoma_core_high_evidence	GSE91061	EcoNiche-Opt-WordFullGraph	word_full_graph	caf_ecm_exclusion	COL1A1	-1.0	0.5	0.18900179710549597	1.0	1.0	1.7857325188332223
primary_recist	melanoma_core_high_evidence	GSE91061	EcoNiche-Opt-WordFullGraph	word_full_graph	caf_ecm_exclusion	COL3A1	-1.0	0.25	0.1774384346779818	1.0	1.0	1.6525337379704315
primary_recist	melanoma_core_high_evidence	GSE91061	EcoNiche-Opt-WordFullGraph	word_full_graph	caf_ecm_exclusion	IGKV4-1	1.0	0.5	0.5986417321957641	1.0	0.0	0.933308258138885
primary_recist	melanoma_core_high_evidence	GSE91061	EcoNiche-Opt-WordFullGraph	word_full_graph	caf_ecm_exclusion	LOC102724050	-1.0	0.75	0.6495316220259982	1.0	0.0	0.9913955582828811
primary_recist	melanoma_core_high_evidence	GSE91061	EcoNiche-Opt-WordFullGraph	word_full_graph	caf_ecm_exclusion	RP11-33B1	-1.0	0.5	0.59235293498118	1.0	0.0	0.9261300297605786
primary_recist	melanoma_core_high_evidence	GSE91061	EcoNiche-Opt-WordFullGraph	word_full_graph	caf_ecm_exclusion	TGFBI	-1.0	0.25	0.2603657426241931	1.0	1.0	1.7471895417631784
primary_recist	melanoma_core_high_evidence	GSE91061	EcoNiche-Opt-WordFullGraph	word_full_graph	myeloid_suppression	CD68	1.0	0.25	0.03353620044012477	0.5	1.0	1.3632792603236763
primary_recist	melanoma_core_high_evidence	GSE91061	EcoNiche-Opt-WordFullGraph	word_full_graph	myeloid_suppression	IGLV1-40	1.0	0.75	0.5774866997426176	1.0	0.0	0.9091612473325885
primary_recist	melanoma_core_high_evidence	GSE91061	EcoNiche-Opt-WordFullGraph	word_full_graph	myeloid_suppression	S100A9	-1.0	0.5	0.0690498369243696	1.0	1.0	1.6488156275382015
primary_recist	melanoma_core_high_evidence	GSE91061	EcoNiche-Opt-WordFullGraph	word_full_graph	myeloid_suppression	TGFB1	-1.0	0.5	0.08996844419139718	0.5	1.0	1.5476927752971714
primary_recist	melanoma_core_high_evidence	GSE91061	EcoNiche-Opt-WordNoInteraction	word_no_interaction	tumor_dedifferentiation	B2M	1.0	0.75	0.2753071628793394	1.0	0.0	0.9002441427032386
primary_recist	melanoma_core_high_evidence	GSE91061	EcoNiche-Opt-WordNoInteraction	word_no_interaction	tumor_dedifferentiation	CARMIL2	1.0	0.75	0.5752756096437112	1.0	0.0	0.906637440449747
primary_recist	melanoma_core_high_evidence	GSE91061	EcoNiche-Opt-WordNoInteraction	word_no_interaction	tumor_dedifferentiation	IGHGP	1.0	0.25	0.5737308864944041	1.0	0.0	0.9048742454907381
primary_recist	melanoma_core_high_evidence	GSE91061	EcoNiche-Opt-WordNoInteraction	word_no_interaction	tumor_dedifferentiation	IGKV1-17	1.0	0.25	0.5679050451116261	1.0	0.0	0.8982244492714568
primary_recist	melanoma_core_high_evidence	GSE91061	EcoNiche-Opt-WordNoInteraction	word_no_interaction	tumor_dedifferentiation	IGLV1-40	1.0	0.75	0.5774866997426176	1.0	0.0	0.9091612473325885
primary_recist	melanoma_core_high_evidence	GSE91061	EcoNiche-Opt-WordNoInteraction	word_no_interaction	tumor_dedifferentiation	LOC101927356	-1.0	0.25	0.6570699150771363	1.0	0.0	1.0
primary_recist	melanoma_core_high_evidence	GSE91061	EcoNiche-Opt-WordNoInteraction	word_no_interaction	tumor_dedifferentiation	TRAJ10	1.0	1.0	0.6296396874096398	1.0	0.0	0.9686902865607426
primary_recist	melanoma_core_high_evidence	GSE91061	EcoNiche-Opt-WordNoInteraction	word_no_interaction	tumor_dedifferentiation	VIM	-1.0	0.5	0.16236363474422824	1.0	1.0	1.6353268933243972
primary_recist	melanoma_core_high_evidence	GSE91061	EcoNiche-Opt-WordNoInteraction	word_no_interaction	tumor_dedifferentiation	ZEB1	-1.0	0.25	0.13583230723759493	1.0	1.0	1.6050432124353717
primary_recist	melanoma_core_high_evidence	GSE91061	EcoNiche-Opt-WordNoInteraction	word_no_interaction	antigen_presentation_mhc	B2M	1.0	0.75	0.2753071628793394	1.0	1.0	1.8842441427032388
primary_recist	melanoma_core_high_evidence	GSE91061	EcoNiche-Opt-WordNoInteraction	word_no_interaction	antigen_presentation_mhc	PSMB9	1.0	0.25	0.2712459569394127	1.0	1.0	1.75960855616206
primary_recist	melanoma_core_high_evidence	GSE91061	EcoNiche-Opt-WordNoInteraction	word_no_interaction	antigen_presentation_mhc	TAP2	1.0	0.25	0.19304267506667952	1.0	1.0	1.6703449023883752
primary_recist	melanoma_core_high_evidence	GSE91061	EcoNiche-Opt-WordNoInteraction	word_no_interaction	tnk_effector	GZMB	1.0	0.25	0.08878333018371601	0.5	1.0	1.5463400493765873
primary_recist	melanoma_core_high_evidence	GSE91061	EcoNiche-Opt-WordNoInteraction	word_no_interaction	tnk_effector	IFNG	1.0	0.5	0.24440698908117486	1.0	1.0	1.8489737250249272
primary_recist	melanoma_core_high_evidence	GSE91061	EcoNiche-Opt-WordNoInteraction	word_no_interaction	tnk_effector	IGHD2-15	1.0	0.25	0.6388147763670191	1.0	0.0	0.979163017940061
primary_recist	melanoma_core_high_evidence	GSE91061	EcoNiche-Opt-WordNoInteraction	word_no_interaction	tnk_effector	IGLV1-40	1.0	0.75	0.5774866997426176	1.0	0.0	0.9091612473325885
primary_recist	melanoma_core_high_evidence	GSE91061	EcoNiche-Opt-WordNoInteraction	word_no_interaction	tnk_effector	LOC102724050	-1.0	0.75	0.6495316220259982	1.0	0.0	0.9913955582828811
primary_recist	melanoma_core_high_evidence	GSE91061	EcoNiche-Opt-WordNoInteraction	word_no_interaction	tnk_effector	PRF1	1.0	0.25	0.19206225317321343	0.5	1.0	1.6642258184016838
primary_recist	melanoma_core_high_evidence	GSE91061	EcoNiche-Opt-WordNoInteraction	word_no_interaction	tnk_effector	RP11-33B1	-1.0	0.75	0.59235293498118	1.0	0.0	0.9261300297605786
primary_recist	melanoma_core_high_evidence	GSE91061	EcoNiche-Opt-WordNoInteraction	word_no_interaction	tnk_effector	TRAJ1	1.0	0.75	0.5959427509288164	1.0	0.0	0.9302275571301146
primary_recist	melanoma_core_high_evidence	GSE91061	EcoNiche-Opt-WordNoInteraction	word_no_interaction	tnk_effector	TRAJ10	1.0	1.0	0.6296396874096398	1.0	0.0	0.9686902865607426
primary_recist	melanoma_core_high_evidence	GSE91061	EcoNiche-Opt-WordNoInteraction	word_no_interaction	tcell_dysfunction	AL049794	-1.0	0.5	0.6092080689966051	1.0	0.0	0.9453690029984337
primary_recist	melanoma_core_high_evidence	GSE91061	EcoNiche-Opt-WordNoInteraction	word_no_interaction	tcell_dysfunction	CARMIL2	1.0	0.75	0.5752756096437112	1.0	0.0	0.906637440449747
primary_recist	melanoma_core_high_evidence	GSE91061	EcoNiche-Opt-WordNoInteraction	word_no_interaction	tcell_dysfunction	HAVCR2	1.0	0.25	0.07310076532233509	0.5	1.0	1.4084394829739162
primary_recist	melanoma_core_high_evidence	GSE91061	EcoNiche-Opt-WordNoInteraction	word_no_interaction	tcell_dysfunction	IGHV6-1	1.0	0.5	0.6025726811475239	1.0	0.0	0.937795165309903
primary_recist	melanoma_core_high_evidence	GSE91061	EcoNiche-Opt-WordNoInteraction	word_no_interaction	tcell_dysfunction	IGLV1-40	1.0	0.75	0.5774866997426176	1.0	0.0	0.9091612473325885
primary_recist	melanoma_core_high_evidence	GSE91061	EcoNiche-Opt-WordNoInteraction	word_no_interaction	tcell_dysfunction	IGLV2-11	1.0	0.75	0.6004243760255497	1.0	0.0	0.9353430231489102
primary_recist	melanoma_core_high_evidence	GSE91061	EcoNiche-Opt-WordNoInteraction	word_no_interaction	tcell_dysfunction	LOC102724050	-1.0	0.75	0.6495316220259982	1.0	0.0	0.9913955582828811
primary_recist	melanoma_core_high_evidence	GSE91061	EcoNiche-Opt-WordNoInteraction	word_no_interaction	tcell_dysfunction	PDCD1	1.0	0.5	0.21397505558390997	1.0	1.0	1.8142377713627216
primary_recist	melanoma_core_high_evidence	GSE91061	EcoNiche-Opt-WordNoInteraction	word_no_interaction	tcell_dysfunction	TOX	1.0	0.5	0.14323709920232536	0.5	1.0	1.488495271867884
primary_recist	melanoma_core_high_evidence	GSE91061	EcoNiche-Opt-WordNoInteraction	word_no_interaction	caf_ecm_exclusion	COL1A1	-1.0	0.5	0.18900179710549597	1.0	1.0	1.7857325188332223
primary_recist	melanoma_core_high_evidence	GSE91061	EcoNiche-Opt-WordNoInteraction	word_no_interaction	caf_ecm_exclusion	IGHD2-2	1.0	0.5	0.5836222146287606	1.0	0.0	0.9161645145025169
primary_recist	melanoma_core_high_evidence	GSE91061	EcoNiche-Opt-WordNoInteraction	word_no_interaction	caf_ecm_exclusion	IGLV2-11	1.0	0.75	0.6004243760255497	1.0	0.0	0.9353430231489102
primary_recist	melanoma_core_high_evidence	GSE91061	EcoNiche-Opt-WordNoInteraction	word_no_interaction	caf_ecm_exclusion	LOC102724050	-1.0	0.75	0.6495316220259982	1.0	0.0	0.9913955582828811
primary_recist	melanoma_core_high_evidence	GSE91061	EcoNiche-Opt-WordNoInteraction	word_no_interaction	caf_ecm_exclusion	LOXL2	-1.0	0.25	0.25710869262804126	0.5	1.0	1.618471843781485
primary_recist	melanoma_core_high_evidence	GSE91061	EcoNiche-Opt-WordNoInteraction	word_no_interaction	myeloid_suppression	CD163	-1.0	0.25	0.064411925401236	0.5	1.0	1.398521771340354
primary_recist	melanoma_core_high_evidence	GSE91061	EcoNiche-Opt-WordNoInteraction	word_no_interaction	myeloid_suppression	CSF1R	1.0	0.5	0.00791012009050006	1.0	1.0	1.4590288566433278
primary_recist	melanoma_core_high_evidence	GSE91061	EcoNiche-Opt-WordNoInteraction	word_no_interaction	myeloid_suppression	IL10	-1.0	0.5	0.04234432997073201	0.5	1.0	1.4933331328209127
primary_recist	melanoma_core_high_evidence	GSE91061	EcoNiche-Opt-WordNoInteraction	word_no_interaction	myeloid_suppression	MRC1	-1.0	0.25	0.0653125479592584	0.5	1.0	1.3995497698881758
primary_recist	melanoma_core_high_evidence	GSE91061	EcoNiche-Opt-WordNoInteraction	word_no_interaction	myeloid_suppression	S100A8	-1.0	0.5	0.04767492923471917	0.5	1.0	1.4994176443108673
primary_recist	melanoma_core_high_evidence	GSE91061	EcoNiche-Opt-WordNoInteraction	word_no_interaction	myeloid_suppression	S100A9	-1.0	0.5	0.0690498369243696	1.0	1.0	1.6488156275382015
primary_recist	melanoma_core_high_evidence	GSE91061	EcoNiche-Opt-WordUnsignedGraph	word_unsigned_graph	tumor_dedifferentiation	IGHGP	1.0	0.2	0.5737308864944041	1.0	0.0	0.9048742454907381
primary_recist	melanoma_core_high_evidence	GSE91061	EcoNiche-Opt-WordUnsignedGraph	word_unsigned_graph	tumor_dedifferentiation	ITGA3	1.0	0.2	0.06068770579122261	0.5	1.0	1.394270831457979
primary_recist	melanoma_core_high_evidence	GSE91061	EcoNiche-Opt-WordUnsignedGraph	word_unsigned_graph	tumor_dedifferentiation	VIM	1.0	0.4	0.16236363474422824	1.0	1.0	1.6353268933243972
primary_recist	melanoma_core_high_evidence	GSE91061	EcoNiche-Opt-WordUnsignedGraph	word_unsigned_graph	antigen_presentation_mhc	B2M	1.0	0.6	0.2753071628793394	1.0	1.0	1.8842441427032388
primary_recist	melanoma_core_high_evidence	GSE91061	EcoNiche-Opt-WordUnsignedGraph	word_unsigned_graph	antigen_presentation_mhc	HLA-A	1.0	0.2	0.14007578656736994	1.0	1.0	1.7298868514824552
primary_recist	melanoma_core_high_evidence	GSE91061	EcoNiche-Opt-WordUnsignedGraph	word_unsigned_graph	antigen_presentation_mhc	PSMB8	1.0	0.2	0.12144276920832435	1.0	1.0	1.5886185470012741
primary_recist	melanoma_core_high_evidence	GSE91061	EcoNiche-Opt-WordUnsignedGraph	word_unsigned_graph	tnk_effector	CD8B	1.0	0.2	0.290740810483688	0.5	1.0	1.6568605872210227
primary_recist	melanoma_core_high_evidence	GSE91061	EcoNiche-Opt-WordUnsignedGraph	word_unsigned_graph	tnk_effector	CXCL9	1.0	0.2	0.30582958110861375	1.0	1.0	1.7990833784476852
primary_recist	melanoma_core_high_evidence	GSE91061	EcoNiche-Opt-WordUnsignedGraph	word_unsigned_graph	tnk_effector	IFNG	1.0	0.4	0.24440698908117486	1.0	1.0	1.8489737250249272
primary_recist	melanoma_core_high_evidence	GSE91061	EcoNiche-Opt-WordUnsignedGraph	word_unsigned_graph	tnk_effector	IGHD2-2	1.0	0.2	0.5836222146287606	1.0	0.0	0.9161645145025169
primary_recist	melanoma_core_high_evidence	GSE91061	EcoNiche-Opt-WordUnsignedGraph	word_unsigned_graph	tnk_effector	PRF1	1.0	0.2	0.19206225317321343	0.5	1.0	1.6642258184016838
primary_recist	melanoma_core_high_evidence	GSE91061	EcoNiche-Opt-WordUnsignedGraph	word_unsigned_graph	tnk_effector	TRAJ1	1.0	1.0	0.5959427509288164	1.0	0.0	0.9302275571301146
primary_recist	melanoma_core_high_evidence	GSE91061	EcoNiche-Opt-WordUnsignedGraph	word_unsigned_graph	tnk_effector	TRAJ10	1.0	0.2	0.6296396874096398	1.0	0.0	0.9686902865607426
primary_recist	melanoma_core_high_evidence	GSE91061	EcoNiche-Opt-WordUnsignedGraph	word_unsigned_graph	tcell_dysfunction	IDO1	1.0	0.2	0.23768216514480056	0.5	1.0	1.59629780220979
primary_recist	melanoma_core_high_evidence	GSE91061	EcoNiche-Opt-WordUnsignedGraph	word_unsigned_graph	tcell_dysfunction	IGHD2-15	1.0	0.4	0.6388147763670191	1.0	0.0	0.979163017940061
primary_recist	melanoma_core_high_evidence	GSE91061	EcoNiche-Opt-WordUnsignedGraph	word_unsigned_graph	tcell_dysfunction	IGKV4-1	1.0	0.2	0.5986417321957641	1.0	0.0	0.933308258138885
primary_recist	melanoma_core_high_evidence	GSE91061	EcoNiche-Opt-WordUnsignedGraph	word_unsigned_graph	tcell_dysfunction	PDCD1	1.0	0.4	0.21397505558390997	1.0	1.0	1.8142377713627216
primary_recist	melanoma_core_high_evidence	GSE91061	EcoNiche-Opt-WordUnsignedGraph	word_unsigned_graph	tcell_dysfunction	RP11-444B24	1.0	0.4	0.6016462644598755	1.0	0.0	0.9367377245417395
primary_recist	melanoma_core_high_evidence	GSE91061	EcoNiche-Opt-WordUnsignedGraph	word_unsigned_graph	tcell_dysfunction	TRAJ1	1.0	1.0	0.5959427509288164	1.0	0.0	0.9302275571301146
primary_recist	melanoma_core_high_evidence	GSE91061	EcoNiche-Opt-WordUnsignedGraph	word_unsigned_graph	caf_ecm_exclusion	COL1A1	1.0	0.4	0.18900179710549597	1.0	1.0	1.7857325188332223
primary_recist	melanoma_core_high_evidence	GSE91061	EcoNiche-Opt-WordUnsignedGraph	word_unsigned_graph	caf_ecm_exclusion	COL1A2	1.0	0.2	0.1755381693449311	1.0	1.0	1.6503647161249848
primary_recist	melanoma_core_high_evidence	GSE91061	EcoNiche-Opt-WordUnsignedGraph	word_unsigned_graph	caf_ecm_exclusion	COL3A1	1.0	0.2	0.1774384346779818	1.0	1.0	1.6525337379704315
primary_recist	melanoma_core_high_evidence	GSE91061	EcoNiche-Opt-WordUnsignedGraph	word_unsigned_graph	caf_ecm_exclusion	LOC102724050	1.0	0.4	0.6495316220259982	1.0	0.0	0.9913955582828811
primary_recist	melanoma_core_high_evidence	GSE91061	EcoNiche-Opt-WordUnsignedGraph	word_unsigned_graph	caf_ecm_exclusion	LOXL2	1.0	0.2	0.25710869262804126	0.5	1.0	1.618471843781485
primary_recist	melanoma_core_high_evidence	GSE91061	EcoNiche-Opt-WordUnsignedGraph	word_unsigned_graph	caf_ecm_exclusion	RP11-428O18	1.0	0.2	0.5889628703376754	1.0	0.0	0.9222605047309171
primary_recist	melanoma_core_high_evidence	GSE91061	EcoNiche-Opt-WordUnsignedGraph	word_unsigned_graph	caf_ecm_exclusion	RP11-444B24	1.0	0.4	0.6016462644598755	1.0	0.0	0.9367377245417395
primary_recist	melanoma_core_high_evidence	GSE91061	EcoNiche-Opt-WordUnsignedGraph	word_unsigned_graph	caf_ecm_exclusion	TRAJ1	1.0	1.0	0.5959427509288164	1.0	0.0	0.9302275571301146
primary_recist	melanoma_core_high_evidence	GSE91061	EcoNiche-Opt-WordUnsignedGraph	word_unsigned_graph	myeloid_suppression	CSF1R	1.0	0.2	0.00791012009050006	1.0	1.0	1.4590288566433278
primary_recist	melanoma_core_high_evidence	GSE91061	EcoNiche-Opt-WordUnsignedGraph	word_unsigned_graph	myeloid_suppression	IGLV1-40	1.0	0.6	0.5774866997426176	1.0	0.0	0.9091612473325885
primary_recist	melanoma_core_high_evidence	GSE91061	EcoNiche-Opt-WordUnsignedGraph	word_unsigned_graph	myeloid_suppression	ITGAM	1.0	0.2	0.006768409706891728	0.5	1.0	1.3327256729667387
primary_recist	melanoma_core_high_evidence	GSE91061	EcoNiche-Opt-WordUnsignedGraph	word_unsigned_graph	myeloid_suppression	LOC102724050	1.0	0.4	0.6495316220259982	1.0	0.0	0.9913955582828811
primary_recist	melanoma_core_high_evidence	GSE91061	EcoNiche-Opt-WordUnsignedGraph	word_unsigned_graph	myeloid_suppression	S100A9	1.0	0.4	0.0690498369243696	1.0	1.0	1.6488156275382015
primary_recist	melanoma_core_high_evidence	GSE91061	EcoNiche-Opt-WordNoBioObjective	word_no_bio_objective	tumor_dedifferentiation	AXL	-1.0	0.2	0.15867653578720786	0.5	1.0	1.5061183241077702
primary_recist	melanoma_core_high_evidence	GSE91061	EcoNiche-Opt-WordNoBioObjective	word_no_bio_objective	tumor_dedifferentiation	IGHD3-10	1.0	0.4	0.571257348608386	1.0	0.0	0.9020508725559178
primary_recist	melanoma_core_high_evidence	GSE91061	EcoNiche-Opt-WordNoBioObjective	word_no_bio_objective	tumor_dedifferentiation	VIM	-1.0	0.4	0.16236363474422824	1.0	1.0	1.6353268933243972
primary_recist	melanoma_core_high_evidence	GSE91061	EcoNiche-Opt-WordNoBioObjective	word_no_bio_objective	antigen_presentation_mhc	B2M	1.0	0.4	0.2753071628793394	1.0	1.0	1.8842441427032388
primary_recist	melanoma_core_high_evidence	GSE91061	EcoNiche-Opt-WordNoBioObjective	word_no_bio_objective	antigen_presentation_mhc	CARMIL2	1.0	0.2	0.5752756096437112	1.0	0.0	0.906637440449747
primary_recist	melanoma_core_high_evidence	GSE91061	EcoNiche-Opt-WordNoBioObjective	word_no_bio_objective	antigen_presentation_mhc	IGHV6-1	1.0	0.6	0.6025726811475239	1.0	0.0	0.937795165309903
primary_recist	melanoma_core_high_evidence	GSE91061	EcoNiche-Opt-WordNoBioObjective	word_no_bio_objective	antigen_presentation_mhc	LOC101927356	-1.0	0.4	0.6570699150771363	1.0	0.0	1.0
primary_recist	melanoma_core_high_evidence	GSE91061	EcoNiche-Opt-WordNoBioObjective	word_no_bio_objective	antigen_presentation_mhc	TAP1	1.0	0.2	0.13660789962167788	1.0	1.0	1.6059284976610604
primary_recist	melanoma_core_high_evidence	GSE91061	EcoNiche-Opt-WordNoBioObjective	word_no_bio_objective	tnk_effector	CD8B	1.0	0.2	0.290740810483688	0.5	1.0	1.6568605872210227
primary_recist	melanoma_core_high_evidence	GSE91061	EcoNiche-Opt-WordNoBioObjective	word_no_bio_objective	tnk_effector	CXCL9	1.0	0.2	0.30582958110861375	1.0	1.0	1.7990833784476852
primary_recist	melanoma_core_high_evidence	GSE91061	EcoNiche-Opt-WordNoBioObjective	word_no_bio_objective	tnk_effector	GNLY	1.0	0.4	0.266548292783666	1.0	1.0	1.7542464964543096
primary_recist	melanoma_core_high_evidence	GSE91061	EcoNiche-Opt-WordNoBioObjective	word_no_bio_objective	tnk_effector	GZMB	1.0	0.4	0.08878333018371601	0.5	1.0	1.5463400493765873
primary_recist	melanoma_core_high_evidence	GSE91061	EcoNiche-Opt-WordNoBioObjective	word_no_bio_objective	tnk_effector	IFNG	1.0	0.4	0.24440698908117486	1.0	1.0	1.8489737250249272
primary_recist	melanoma_core_high_evidence	GSE91061	EcoNiche-Opt-WordNoBioObjective	word_no_bio_objective	tnk_effector	IGHD2-2	1.0	0.4	0.5836222146287606	1.0	0.0	0.9161645145025169
primary_recist	melanoma_core_high_evidence	GSE91061	EcoNiche-Opt-WordNoBioObjective	word_no_bio_objective	tnk_effector	IGHV6-1	1.0	0.6	0.6025726811475239	1.0	0.0	0.937795165309903
primary_recist	melanoma_core_high_evidence	GSE91061	EcoNiche-Opt-WordNoBioObjective	word_no_bio_objective	tnk_effector	IGLV1-40	1.0	0.6	0.5774866997426176	1.0	0.0	0.9091612473325885
primary_recist	melanoma_core_high_evidence	GSE91061	EcoNiche-Opt-WordNoBioObjective	word_no_bio_objective	tnk_effector	LOC102724050	-1.0	0.2	0.6495316220259982	1.0	0.0	0.9913955582828811
primary_recist	melanoma_core_high_evidence	GSE91061	EcoNiche-Opt-WordNoBioObjective	word_no_bio_objective	tcell_dysfunction	CXCL13	1.0	0.4	0.2859630817917741	0.5	1.0	1.6514071393660639
primary_recist	melanoma_core_high_evidence	GSE91061	EcoNiche-Opt-WordNoBioObjective	word_no_bio_objective	tcell_dysfunction	IGHD2-2	1.0	0.4	0.5836222146287606	1.0	0.0	0.9161645145025169
primary_recist	melanoma_core_high_evidence	GSE91061	EcoNiche-Opt-WordNoBioObjective	word_no_bio_objective	tcell_dysfunction	PDCD1	1.0	0.4	0.21397505558390997	1.0	1.0	1.8142377713627216
primary_recist	melanoma_core_high_evidence	GSE91061	EcoNiche-Opt-WordNoBioObjective	word_no_bio_objective	tcell_dysfunction	RP11-428O18	-1.0	1.0	0.5889628703376754	1.0	0.0	0.9222605047309171
primary_recist	melanoma_core_high_evidence	GSE91061	EcoNiche-Opt-WordNoBioObjective	word_no_bio_objective	tcell_dysfunction	TIGIT	1.0	0.2	0.1793820102261254	0.5	1.0	1.5297521954399635
primary_recist	melanoma_core_high_evidence	GSE91061	EcoNiche-Opt-WordNoBioObjective	word_no_bio_objective	tcell_dysfunction	TRAJ6	1.0	0.2	0.6308268177901365	1.0	0.0	0.9700453140318572
primary_recist	melanoma_core_high_evidence	GSE91061	EcoNiche-Opt-WordNoBioObjective	word_no_bio_objective	caf_ecm_exclusion	COL1A1	-1.0	0.4	0.18900179710549597	1.0	1.0	1.7857325188332223
primary_recist	melanoma_core_high_evidence	GSE91061	EcoNiche-Opt-WordNoBioObjective	word_no_bio_objective	caf_ecm_exclusion	IGHV6-1	1.0	0.6	0.6025726811475239	1.0	0.0	0.937795165309903
primary_recist	melanoma_core_high_evidence	GSE91061	EcoNiche-Opt-WordNoBioObjective	word_no_bio_objective	caf_ecm_exclusion	IGLV1-40	1.0	0.6	0.5774866997426176	1.0	0.0	0.9091612473325885
primary_recist	melanoma_core_high_evidence	GSE91061	EcoNiche-Opt-WordNoBioObjective	word_no_bio_objective	caf_ecm_exclusion	RP11-428O18	-1.0	1.0	0.5889628703376754	1.0	0.0	0.9222605047309171
primary_recist	melanoma_core_high_evidence	GSE91061	EcoNiche-Opt-WordNoBioObjective	word_no_bio_objective	caf_ecm_exclusion	TRAJ10	1.0	0.2	0.6296396874096398	1.0	0.0	0.9686902865607426
primary_recist	melanoma_core_high_evidence	GSE91061	EcoNiche-Opt-WordNoBioObjective	word_no_bio_objective	myeloid_suppression	MRC1	-1.0	0.2	0.0653125479592584	0.5	1.0	1.3995497698881758
primary_recist	melanoma_core_high_evidence	GSE91061	EcoNiche-Opt-WordNoBioObjective	word_no_bio_objective	myeloid_suppression	RP11-444B24	1.0	0.2	0.6016462644598755	1.0	0.0	0.9367377245417395
primary_recist	melanoma_core_high_evidence	GSE91061	EcoNiche-Opt-WordNoBioObjective	word_no_bio_objective	myeloid_suppression	S100A9	-1.0	0.4	0.0690498369243696	1.0	1.0	1.6488156275382015
primary_recist	melanoma_core_high_evidence	GSE78220	EcoNiche-Opt-WordFullGraph	word_full_graph	tumor_dedifferentiation	AXL	1.0	0.5	0.220898040026116	1.0	1.0	1.709345175078421
primary_recist	melanoma_core_high_evidence	GSE78220	EcoNiche-Opt-WordFullGraph	word_full_graph	tumor_dedifferentiation	ITGA3	-1.0	0.5	0.025831307722924843	1.0	1.0	1.4803272270913517
primary_recist	melanoma_core_high_evidence	GSE78220	EcoNiche-Opt-WordFullGraph	word_full_graph	tumor_dedifferentiation	MITF	-1.0	0.25	0.008762576270231647	0.5	1.0	1.3352876959735476
primary_recist	melanoma_core_high_evidence	GSE78220	EcoNiche-Opt-WordFullGraph	word_full_graph	tumor_dedifferentiation	NGFR	1.0	0.25	0.10852492705911511	0.5	1.0	1.4524136076770602
primary_recist	melanoma_core_high_evidence	GSE78220	EcoNiche-Opt-WordFullGraph	word_full_graph	antigen_presentation_mhc	AL049794	-1.0	0.25	0.6092080689966051	1.0	0.0	0.9652402678377416
primary_recist	melanoma_core_high_evidence	GSE78220	EcoNiche-Opt-WordFullGraph	word_full_graph	antigen_presentation_mhc	B2M	-1.0	0.5	0.0841643807896692	0.5	1.0	1.5438131269461832
primary_recist	melanoma_core_high_evidence	GSE78220	EcoNiche-Opt-WordFullGraph	word_full_graph	antigen_presentation_mhc	GZMB	1.0	0.5	0.3145782524362482	1.0	0.0	0.95533035686644
primary_recist	melanoma_core_high_evidence	GSE78220	EcoNiche-Opt-WordFullGraph	word_full_graph	antigen_presentation_mhc	HLA-A	1.0	0.5	0.30537556434875057	1.0	1.0	1.9285259479501726
primary_recist	melanoma_core_high_evidence	GSE78220	EcoNiche-Opt-WordFullGraph	word_full_graph	antigen_presentation_mhc	HLA-DRB1	1.0	0.25	0.34597251636525517	1.0	1.0	1.8561887684402314
primary_recist	melanoma_core_high_evidence	GSE78220	EcoNiche-Opt-WordFullGraph	word_full_graph	antigen_presentation_mhc	PSMB8	1.0	0.25	0.34026492338050607	0.5	1.0	1.7244877732583315
primary_recist	melanoma_core_high_evidence	GSE78220	EcoNiche-Opt-WordFullGraph	word_full_graph	antigen_presentation_mhc	TAP1	1.0	0.5	0.3874648686771206	1.0	1.0	1.904902832962778
primary_recist	melanoma_core_high_evidence	GSE78220	EcoNiche-Opt-WordFullGraph	word_full_graph	antigen_presentation_mhc	TOX	1.0	0.5	0.45666415594693177	1.0	0.0	1.0021462032985644
primary_recist	melanoma_core_high_evidence	GSE78220	EcoNiche-Opt-WordFullGraph	word_full_graph	tnk_effector	CXCL13	1.0	0.75	0.44045119990205084	1.0	0.0	0.9831113946443035
primary_recist	melanoma_core_high_evidence	GSE78220	EcoNiche-Opt-WordFullGraph	word_full_graph	tnk_effector	IGHV6-1	1.0	0.75	0.6025726811475239	1.0	0.0	0.9574499958044103
primary_recist	melanoma_core_high_evidence	GSE78220	EcoNiche-Opt-WordFullGraph	word_full_graph	tnk_effector	PRF1	1.0	1.0	0.44099285734566146	1.0	1.0	2.08774732715203
primary_recist	melanoma_core_high_evidence	GSE78220	EcoNiche-Opt-WordFullGraph	word_full_graph	tcell_dysfunction	IGLV2-11	1.0	0.25	0.6004243760255497	1.0	0.0	0.9549277798177296
primary_recist	melanoma_core_high_evidence	GSE78220	EcoNiche-Opt-WordFullGraph	word_full_graph	tcell_dysfunction	PDCD1	1.0	0.75	0.43601977460647334	1.0	1.0	2.0819086831626055
primary_recist	melanoma_core_high_evidence	GSE78220	EcoNiche-Opt-WordFullGraph	word_full_graph	tcell_dysfunction	RP11-428O18	-1.0	0.25	0.5889628703376754	1.0	0.0	0.9414714078239688
primary_recist	melanoma_core_high_evidence	GSE78220	EcoNiche-Opt-WordFullGraph	word_full_graph	tcell_dysfunction	RP11-444B24	1.0	0.25	0.6016462644598755	1.0	0.0	0.9563623370002607
primary_recist	melanoma_core_high_evidence	GSE78220	EcoNiche-Opt-WordFullGraph	word_full_graph	caf_ecm_exclusion	COL1A1	1.0	0.25	0.16534341556599677	1.0	1.0	1.7641213106868576
primary_recist	melanoma_core_high_evidence	GSE78220	EcoNiche-Opt-WordFullGraph	word_full_graph	caf_ecm_exclusion	CXCL13	1.0	0.75	0.44045119990205084	1.0	0.0	0.9831113946443035
primary_recist	melanoma_core_high_evidence	GSE78220	EcoNiche-Opt-WordFullGraph	word_full_graph	caf_ecm_exclusion	FAP	1.0	0.25	0.09522167385241632	0.5	1.0	1.43679493341632
primary_recist	melanoma_core_high_evidence	GSE78220	EcoNiche-Opt-WordFullGraph	word_full_graph	caf_ecm_exclusion	FN1	1.0	0.5	0.24468941159294003	1.0	1.0	1.8572774166846584
primary_recist	melanoma_core_high_evidence	GSE78220	EcoNiche-Opt-WordFullGraph	word_full_graph	caf_ecm_exclusion	LOXL2	1.0	0.25	0.17866094708927333	1.0	1.0	1.6597567483942641
primary_recist	melanoma_core_high_evidence	GSE78220	EcoNiche-Opt-WordFullGraph	word_full_graph	caf_ecm_exclusion	POSTN	1.0	0.25	0.03137736808971974	0.5	1.0	1.3618385750265884
primary_recist	melanoma_core_high_evidence	GSE78220	EcoNiche-Opt-WordFullGraph	word_full_graph	caf_ecm_exclusion	PRF1	1.0	1.0	0.44099285734566146	1.0	0.0	1.1037473271520302
primary_recist	melanoma_core_high_evidence	GSE78220	EcoNiche-Opt-WordFullGraph	word_full_graph	caf_ecm_exclusion	TGFB1	1.0	0.75	0.23122326854877678	1.0	1.0	1.8414675017347264
primary_recist	melanoma_core_high_evidence	GSE78220	EcoNiche-Opt-WordFullGraph	word_full_graph	myeloid_suppression	CD163	1.0	0.5	0.18163689631195637	1.0	1.0	1.6632506593048815
primary_recist	melanoma_core_high_evidence	GSE78220	EcoNiche-Opt-WordFullGraph	word_full_graph	myeloid_suppression	CXCL13	1.0	0.75	0.44045119990205084	1.0	0.0	0.9831113946443035
primary_recist	melanoma_core_high_evidence	GSE78220	EcoNiche-Opt-WordFullGraph	word_full_graph	myeloid_suppression	IDO1	1.0	1.0	0.42748683043056457	1.0	0.0	0.9678905865739085
primary_recist	melanoma_core_high_evidence	GSE78220	EcoNiche-Opt-WordFullGraph	word_full_graph	myeloid_suppression	IGHV6-1	1.0	0.75	0.6025726811475239	1.0	0.0	0.9574499958044103
primary_recist	melanoma_core_high_evidence	GSE78220	EcoNiche-Opt-WordFullGraph	word_full_graph	myeloid_suppression	IL10	1.0	0.25	0.24306232963852428	0.5	1.0	1.7303671423595217
primary_recist	melanoma_core_high_evidence	GSE78220	EcoNiche-Opt-WordFullGraph	word_full_graph	myeloid_suppression	ITGAM	1.0	0.5	0.2728395733632302	1.0	1.0	1.7703270925982095
primary_recist	melanoma_core_high_evidence	GSE78220	EcoNiche-Opt-WordFullGraph	word_full_graph	myeloid_suppression	TGFB1	1.0	0.75	0.23122326854877678	1.0	1.0	1.8414675017347264
primary_recist	melanoma_core_high_evidence	GSE78220	EcoNiche-Opt-WordFullGraph	word_full_graph	myeloid_suppression	TRAJ6	1.0	0.25	0.6308268177901365	1.0	0.0	0.9906217433373521
primary_recist	melanoma_core_high_evidence	GSE78220	EcoNiche-Opt-WordNoInteraction	word_no_interaction	tumor_dedifferentiation	AXL	1.0	0.5	0.220898040026116	1.0	1.0	1.709345175078421
primary_recist	melanoma_core_high_evidence	GSE78220	EcoNiche-Opt-WordNoInteraction	word_no_interaction	tumor_dedifferentiation	GZMB	1.0	0.5	0.3145782524362482	1.0	0.0	0.95533035686644
primary_recist	melanoma_core_high_evidence	GSE78220	EcoNiche-Opt-WordNoInteraction	word_no_interaction	tumor_dedifferentiation	IGLV2-11	1.0	0.5	0.6004243760255497	1.0	0.0	0.9549277798177296
primary_recist	melanoma_core_high_evidence	GSE78220	EcoNiche-Opt-WordNoInteraction	word_no_interaction	tumor_dedifferentiation	TRAJ10	1.0	0.5	0.6296396874096398	1.0	0.0	0.9892279938213563
primary_recist	melanoma_core_high_evidence	GSE78220	EcoNiche-Opt-WordNoInteraction	word_no_interaction	tumor_dedifferentiation	ZEB1	1.0	0.25	0.23394536982096545	0.5	1.0	1.5996633826530609
primary_recist	melanoma_core_high_evidence	GSE78220	EcoNiche-Opt-WordNoInteraction	word_no_interaction	antigen_presentation_mhc	HLA-A	1.0	0.5	0.30537556434875057	1.0	1.0	1.9285259479501726
primary_recist	melanoma_core_high_evidence	GSE78220	EcoNiche-Opt-WordNoInteraction	word_no_interaction	antigen_presentation_mhc	HLA-DRA	1.0	0.25	0.3473866589058972	1.0	1.0	1.8578490414093591
primary_recist	melanoma_core_high_evidence	GSE78220	EcoNiche-Opt-WordNoInteraction	word_no_interaction	antigen_presentation_mhc	IFNG	1.0	1.0	0.3930642688655777	1.0	0.0	1.0474768044748741
primary_recist	melanoma_core_high_evidence	GSE78220	EcoNiche-Opt-WordNoInteraction	word_no_interaction	antigen_presentation_mhc	PSMB9	1.0	0.25	0.39445951577565413	1.0	1.0	1.9131148930433766
primary_recist	melanoma_core_high_evidence	GSE78220	EcoNiche-Opt-WordNoInteraction	word_no_interaction	antigen_presentation_mhc	TAP1	1.0	0.5	0.3874648686771206	1.0	1.0	1.904902832962778
primary_recist	melanoma_core_high_evidence	GSE78220	EcoNiche-Opt-WordNoInteraction	word_no_interaction	antigen_presentation_mhc	TRAJ6	1.0	0.5	0.6308268177901365	1.0	0.0	0.9906217433373521
primary_recist	melanoma_core_high_evidence	GSE78220	EcoNiche-Opt-WordNoInteraction	word_no_interaction	tnk_effector	CCL5	1.0	0.25	0.3635355930601511	1.0	1.0	1.8768086852118562
primary_recist	melanoma_core_high_evidence	GSE78220	EcoNiche-Opt-WordNoInteraction	word_no_interaction	tnk_effector	CD8A	1.0	0.75	0.4793222195614341	1.0	1.0	2.012747885569473
primary_recist	melanoma_core_high_evidence	GSE78220	EcoNiche-Opt-WordNoInteraction	word_no_interaction	tnk_effector	CD8B	1.0	0.25	0.44985533096745434	1.0	1.0	1.978152307534835
primary_recist	melanoma_core_high_evidence	GSE78220	EcoNiche-Opt-WordNoInteraction	word_no_interaction	tnk_effector	CXCL9	1.0	0.25	0.29209536533028957	1.0	1.0	1.7929343404415143
primary_recist	melanoma_core_high_evidence	GSE78220	EcoNiche-Opt-WordNoInteraction	word_no_interaction	tnk_effector	GZMB	1.0	0.5	0.3145782524362482	1.0	1.0	1.93933035686644
primary_recist	melanoma_core_high_evidence	GSE78220	EcoNiche-Opt-WordNoInteraction	word_no_interaction	tnk_effector	IFNG	1.0	1.0	0.3930642688655777	1.0	1.0	2.031476804474874
primary_recist	melanoma_core_high_evidence	GSE78220	EcoNiche-Opt-WordNoInteraction	word_no_interaction	tnk_effector	IGHV6-1	1.0	0.25	0.6025726811475239	1.0	0.0	0.9574499958044103
primary_recist	melanoma_core_high_evidence	GSE78220	EcoNiche-Opt-WordNoInteraction	word_no_interaction	tnk_effector	IGLV2-11	1.0	0.5	0.6004243760255497	1.0	0.0	0.9549277798177296
primary_recist	melanoma_core_high_evidence	GSE78220	EcoNiche-Opt-WordNoInteraction	word_no_interaction	tnk_effector	PRF1	1.0	0.5	0.44099285734566146	1.0	1.0	2.08774732715203
primary_recist	melanoma_core_high_evidence	GSE78220	EcoNiche-Opt-WordNoInteraction	word_no_interaction	tcell_dysfunction	AL049794	-1.0	0.25	0.6092080689966051	1.0	0.0	0.9652402678377416
primary_recist	melanoma_core_high_evidence	GSE78220	EcoNiche-Opt-WordNoInteraction	word_no_interaction	tcell_dysfunction	PDCD1	1.0	1.0	0.43601977460647334	1.0	1.0	2.0819086831626055
primary_recist	melanoma_core_high_evidence	GSE78220	EcoNiche-Opt-WordNoInteraction	word_no_interaction	tcell_dysfunction	TOX	1.0	0.5	0.45666415594693177	1.0	1.0	1.9861462032985644
primary_recist	melanoma_core_high_evidence	GSE78220	EcoNiche-Opt-WordNoInteraction	word_no_interaction	tcell_dysfunction	TRAJ1	1.0	0.25	0.5959427509288164	1.0	0.0	0.9496661312978483
primary_recist	melanoma_core_high_evidence	GSE78220	EcoNiche-Opt-WordNoInteraction	word_no_interaction	caf_ecm_exclusion	COL1A1	1.0	0.25	0.16534341556599677	1.0	1.0	1.7641213106868576
primary_recist	melanoma_core_high_evidence	GSE78220	EcoNiche-Opt-WordNoInteraction	word_no_interaction	caf_ecm_exclusion	COL3A1	1.0	0.25	0.1609740852404813	1.0	1.0	1.6389915017573067
primary_recist	melanoma_core_high_evidence	GSE78220	EcoNiche-Opt-WordNoInteraction	word_no_interaction	caf_ecm_exclusion	CXCL12	1.0	0.25	0.21119379569898564	1.0	1.0	1.817951914442311
primary_recist	melanoma_core_high_evidence	GSE78220	EcoNiche-Opt-WordNoInteraction	word_no_interaction	caf_ecm_exclusion	FN1	1.0	0.5	0.24468941159294003	1.0	1.0	1.8572774166846584
primary_recist	melanoma_core_high_evidence	GSE78220	EcoNiche-Opt-WordNoInteraction	word_no_interaction	caf_ecm_exclusion	LAG3	1.0	1.0	0.40970393236898334	1.0	0.0	1.0670125886947184
primary_recist	melanoma_core_high_evidence	GSE78220	EcoNiche-Opt-WordNoInteraction	word_no_interaction	caf_ecm_exclusion	PDCD1	1.0	1.0	0.43601977460647334	1.0	0.0	1.0979086831626055
primary_recist	melanoma_core_high_evidence	GSE78220	EcoNiche-Opt-WordNoInteraction	word_no_interaction	caf_ecm_exclusion	TGFB1	1.0	1.0	0.23122326854877678	1.0	1.0	1.8414675017347264
primary_recist	melanoma_core_high_evidence	GSE78220	EcoNiche-Opt-WordNoInteraction	word_no_interaction	caf_ecm_exclusion	VIM	-1.0	0.5	0.1278313591277247	1.0	1.0	1.60008030949289
primary_recist	melanoma_core_high_evidence	GSE78220	EcoNiche-Opt-WordNoInteraction	word_no_interaction	myeloid_suppression	CD163	1.0	0.25	0.18163689631195637	1.0	1.0	1.6632506593048815
primary_recist	melanoma_core_high_evidence	GSE78220	EcoNiche-Opt-WordNoInteraction	word_no_interaction	myeloid_suppression	CD68	-1.0	0.25	0.25250384077968513	1.0	1.0	1.7464519412994295
primary_recist	melanoma_core_high_evidence	GSE78220	EcoNiche-Opt-WordNoInteraction	word_no_interaction	myeloid_suppression	IDO1	1.0	0.75	0.42748683043056457	1.0	0.0	0.9678905865739085
primary_recist	melanoma_core_high_evidence	GSE78220	EcoNiche-Opt-WordNoInteraction	word_no_interaction	myeloid_suppression	IL10	1.0	0.5	0.24306232963852428	0.5	1.0	1.7303671423595217
primary_recist	melanoma_core_high_evidence	GSE78220	EcoNiche-Opt-WordNoInteraction	word_no_interaction	myeloid_suppression	ITGAM	1.0	0.5	0.2728395733632302	1.0	1.0	1.7703270925982095
primary_recist	melanoma_core_high_evidence	GSE78220	EcoNiche-Opt-WordNoInteraction	word_no_interaction	myeloid_suppression	MRC1	1.0	0.25	0.29476849892709656	1.0	1.0	1.796072730897989
primary_recist	melanoma_core_high_evidence	GSE78220	EcoNiche-Opt-WordNoInteraction	word_no_interaction	myeloid_suppression	S100A8	-1.0	0.25	0.008722363008761584	0.5	1.0	1.4552404836246504
primary_recist	melanoma_core_high_evidence	GSE78220	EcoNiche-Opt-WordNoInteraction	word_no_interaction	myeloid_suppression	TGFB1	1.0	1.0	0.23122326854877678	1.0	1.0	1.8414675017347264
primary_recist	melanoma_core_high_evidence	GSE78220	EcoNiche-Opt-WordNoInteraction	word_no_interaction	myeloid_suppression	TOX	1.0	0.5	0.45666415594693177	1.0	0.0	1.0021462032985644
primary_recist	melanoma_core_high_evidence	GSE78220	EcoNiche-Opt-WordUnsignedGraph	word_unsigned_graph	tumor_dedifferentiation	AXL	1.0	0.3333333333333333	0.220898040026116	1.0	1.0	1.709345175078421
primary_recist	melanoma_core_high_evidence	GSE78220	EcoNiche-Opt-WordUnsignedGraph	word_unsigned_graph	tumor_dedifferentiation	LAG3	1.0	0.5	0.40970393236898334	1.0	0.0	1.0670125886947184
primary_recist	melanoma_core_high_evidence	GSE78220	EcoNiche-Opt-WordUnsignedGraph	word_unsigned_graph	tumor_dedifferentiation	MITF	1.0	0.16666666666666666	0.008762576270231647	0.5	1.0	1.3352876959735476
primary_recist	melanoma_core_high_evidence	GSE78220	EcoNiche-Opt-WordUnsignedGraph	word_unsigned_graph	tumor_dedifferentiation	SOX10	1.0	0.16666666666666666	0.28209333078081933	0.5	1.0	1.6561914594224427
primary_recist	melanoma_core_high_evidence	GSE78220	EcoNiche-Opt-WordUnsignedGraph	word_unsigned_graph	tumor_dedifferentiation	TRAJ1	1.0	0.16666666666666666	0.5959427509288164	1.0	0.0	0.9496661312978483
primary_recist	melanoma_core_high_evidence	GSE78220	EcoNiche-Opt-WordUnsignedGraph	word_unsigned_graph	antigen_presentation_mhc	CXCL13	1.0	0.16666666666666666	0.44045119990205084	1.0	0.0	0.9831113946443035
primary_recist	melanoma_core_high_evidence	GSE78220	EcoNiche-Opt-WordUnsignedGraph	word_unsigned_graph	antigen_presentation_mhc	FRMPD3	1.0	0.8333333333333334	0.6220659344583717	1.0	0.0	0.9803360349569176
primary_recist	melanoma_core_high_evidence	GSE78220	EcoNiche-Opt-WordUnsignedGraph	word_unsigned_graph	antigen_presentation_mhc	HLA-A	1.0	0.3333333333333333	0.30537556434875057	1.0	1.0	1.9285259479501726
primary_recist	melanoma_core_high_evidence	GSE78220	EcoNiche-Opt-WordUnsignedGraph	word_unsigned_graph	antigen_presentation_mhc	IGHV6-1	1.0	0.5	0.6025726811475239	1.0	0.0	0.9574499958044103
primary_recist	melanoma_core_high_evidence	GSE78220	EcoNiche-Opt-WordUnsignedGraph	word_unsigned_graph	antigen_presentation_mhc	IGLV2-11	1.0	0.5	0.6004243760255497	1.0	0.0	0.9549277798177296
primary_recist	melanoma_core_high_evidence	GSE78220	EcoNiche-Opt-WordUnsignedGraph	word_unsigned_graph	antigen_presentation_mhc	PDCD1	1.0	1.0	0.43601977460647334	1.0	0.0	1.0979086831626055
primary_recist	melanoma_core_high_evidence	GSE78220	EcoNiche-Opt-WordUnsignedGraph	word_unsigned_graph	antigen_presentation_mhc	PSMB9	1.0	0.16666666666666666	0.39445951577565413	1.0	1.0	1.9131148930433766
primary_recist	melanoma_core_high_evidence	GSE78220	EcoNiche-Opt-WordUnsignedGraph	word_unsigned_graph	antigen_presentation_mhc	TAP2	1.0	0.16666666666666666	0.3029313574995495	1.0	1.0	1.8056563287667746
primary_recist	melanoma_core_high_evidence	GSE78220	EcoNiche-Opt-WordUnsignedGraph	word_unsigned_graph	antigen_presentation_mhc	TRAJ10	1.0	0.16666666666666666	0.6296396874096398	1.0	0.0	0.9892279938213563
primary_recist	melanoma_core_high_evidence	GSE78220	EcoNiche-Opt-WordUnsignedGraph	word_unsigned_graph	tnk_effector	CXCL10	1.0	0.3333333333333333	0.3718699314743773	1.0	1.0	1.8865936088578277
primary_recist	melanoma_core_high_evidence	GSE78220	EcoNiche-Opt-WordUnsignedGraph	word_unsigned_graph	tnk_effector	GZMB	1.0	0.5	0.3145782524362482	1.0	1.0	1.93933035686644
primary_recist	melanoma_core_high_evidence	GSE78220	EcoNiche-Opt-WordUnsignedGraph	word_unsigned_graph	tnk_effector	IFNG	1.0	0.5	0.3930642688655777	1.0	1.0	2.031476804474874
primary_recist	melanoma_core_high_evidence	GSE78220	EcoNiche-Opt-WordUnsignedGraph	word_unsigned_graph	tnk_effector	IGHV6-1	1.0	0.5	0.6025726811475239	1.0	0.0	0.9574499958044103
primary_recist	melanoma_core_high_evidence	GSE78220	EcoNiche-Opt-WordUnsignedGraph	word_unsigned_graph	tnk_effector	NKG7	1.0	0.16666666666666666	0.1737045556686107	1.0	1.0	1.6539377008345983
primary_recist	melanoma_core_high_evidence	GSE78220	EcoNiche-Opt-WordUnsignedGraph	word_unsigned_graph	tnk_effector	PDCD1	1.0	1.0	0.43601977460647334	1.0	0.0	1.0979086831626055
primary_recist	melanoma_core_high_evidence	GSE78220	EcoNiche-Opt-WordUnsignedGraph	word_unsigned_graph	tnk_effector	PRF1	1.0	0.6666666666666666	0.44099285734566146	1.0	1.0	2.08774732715203
primary_recist	melanoma_core_high_evidence	GSE78220	EcoNiche-Opt-WordUnsignedGraph	word_unsigned_graph	tnk_effector	RP11-444B24	1.0	0.5	0.6016462644598755	1.0	0.0	0.9563623370002607
primary_recist	melanoma_core_high_evidence	GSE78220	EcoNiche-Opt-WordUnsignedGraph	word_unsigned_graph	tnk_effector	TRAJ6	1.0	0.5	0.6308268177901365	1.0	0.0	0.9906217433373521
primary_recist	melanoma_core_high_evidence	GSE78220	EcoNiche-Opt-WordUnsignedGraph	word_unsigned_graph	tcell_dysfunction	CTLA4	1.0	0.3333333333333333	0.41360903671186006	1.0	1.0	1.935597373464122
primary_recist	melanoma_core_high_evidence	GSE78220	EcoNiche-Opt-WordUnsignedGraph	word_unsigned_graph	tcell_dysfunction	FRMPD3	1.0	0.8333333333333334	0.6220659344583717	1.0	0.0	0.9803360349569176
primary_recist	melanoma_core_high_evidence	GSE78220	EcoNiche-Opt-WordUnsignedGraph	word_unsigned_graph	tcell_dysfunction	GZMB	1.0	0.5	0.3145782524362482	1.0	0.0	0.95533035686644
primary_recist	melanoma_core_high_evidence	GSE78220	EcoNiche-Opt-WordUnsignedGraph	word_unsigned_graph	tcell_dysfunction	IGLV2-11	1.0	0.5	0.6004243760255497	1.0	0.0	0.9549277798177296
primary_recist	melanoma_core_high_evidence	GSE78220	EcoNiche-Opt-WordUnsignedGraph	word_unsigned_graph	tcell_dysfunction	LAG3	1.0	0.5	0.40970393236898334	1.0	1.0	2.051012588694719
primary_recist	melanoma_core_high_evidence	GSE78220	EcoNiche-Opt-WordUnsignedGraph	word_unsigned_graph	tcell_dysfunction	PDCD1	1.0	1.0	0.43601977460647334	1.0	1.0	2.0819086831626055
primary_recist	melanoma_core_high_evidence	GSE78220	EcoNiche-Opt-WordUnsignedGraph	word_unsigned_graph	tcell_dysfunction	PRF1	1.0	0.6666666666666666	0.44099285734566146	1.0	0.0	1.1037473271520302
primary_recist	melanoma_core_high_evidence	GSE78220	EcoNiche-Opt-WordUnsignedGraph	word_unsigned_graph	tcell_dysfunction	RP11-428O18	1.0	0.16666666666666666	0.5889628703376754	1.0	0.0	0.9414714078239688
primary_recist	melanoma_core_high_evidence	GSE78220	EcoNiche-Opt-WordUnsignedGraph	word_unsigned_graph	tcell_dysfunction	TRAJ6	1.0	0.5	0.6308268177901365	1.0	0.0	0.9906217433373521
primary_recist	melanoma_core_high_evidence	GSE78220	EcoNiche-Opt-WordUnsignedGraph	word_unsigned_graph	caf_ecm_exclusion	ACTA2	1.0	0.16666666666666666	0.1726246894465687	0.5	1.0	1.527669884721863
primary_recist	melanoma_core_high_evidence	GSE78220	EcoNiche-Opt-WordUnsignedGraph	word_unsigned_graph	caf_ecm_exclusion	COL1A2	1.0	0.3333333333333333	0.12282336110493602	1.0	1.0	1.5942006732414367
primary_recist	melanoma_core_high_evidence	GSE78220	EcoNiche-Opt-WordUnsignedGraph	word_unsigned_graph	caf_ecm_exclusion	CXCL12	1.0	0.3333333333333333	0.21119379569898564	1.0	1.0	1.817951914442311
primary_recist	melanoma_core_high_evidence	GSE78220	EcoNiche-Opt-WordUnsignedGraph	word_unsigned_graph	caf_ecm_exclusion	FN1	1.0	0.3333333333333333	0.24468941159294003	1.0	1.0	1.8572774166846584
primary_recist	melanoma_core_high_evidence	GSE78220	EcoNiche-Opt-WordUnsignedGraph	word_unsigned_graph	caf_ecm_exclusion	FRMPD3	1.0	0.8333333333333334	0.6220659344583717	1.0	0.0	0.9803360349569176
primary_recist	melanoma_core_high_evidence	GSE78220	EcoNiche-Opt-WordUnsignedGraph	word_unsigned_graph	caf_ecm_exclusion	LAG3	1.0	0.5	0.40970393236898334	1.0	0.0	1.0670125886947184
primary_recist	melanoma_core_high_evidence	GSE78220	EcoNiche-Opt-WordUnsignedGraph	word_unsigned_graph	caf_ecm_exclusion	RP11-444B24	1.0	0.5	0.6016462644598755	1.0	0.0	0.9563623370002607
primary_recist	melanoma_core_high_evidence	GSE78220	EcoNiche-Opt-WordUnsignedGraph	word_unsigned_graph	caf_ecm_exclusion	TRAJ6	1.0	0.5	0.6308268177901365	1.0	0.0	0.9906217433373521
primary_recist	melanoma_core_high_evidence	GSE78220	EcoNiche-Opt-WordUnsignedGraph	word_unsigned_graph	caf_ecm_exclusion	VIM	1.0	0.3333333333333333	0.1278313591277247	1.0	1.0	1.60008030949289
primary_recist	melanoma_core_high_evidence	GSE78220	EcoNiche-Opt-WordUnsignedGraph	word_unsigned_graph	myeloid_suppression	CSF1R	1.0	0.16666666666666666	0.2218992738871622	1.0	1.0	1.7105206729278215
primary_recist	melanoma_core_high_evidence	GSE78220	EcoNiche-Opt-WordUnsignedGraph	word_unsigned_graph	myeloid_suppression	IFNG	1.0	0.5	0.3930642688655777	1.0	0.0	1.0474768044748741
primary_recist	melanoma_core_high_evidence	GSE78220	EcoNiche-Opt-WordUnsignedGraph	word_unsigned_graph	myeloid_suppression	TGFB1	1.0	0.3333333333333333	0.23122326854877678	1.0	1.0	1.8414675017347264
primary_recist	melanoma_core_high_evidence	GSE78220	EcoNiche-Opt-WordUnsignedGraph	word_unsigned_graph	myeloid_suppression	TOX	1.0	0.16666666666666666	0.45666415594693177	1.0	0.0	1.0021462032985644
primary_recist	melanoma_core_high_evidence	GSE78220	EcoNiche-Opt-WordNoBioObjective	word_no_bio_objective	tumor_dedifferentiation	AXL	1.0	0.6666666666666666	0.220898040026116	1.0	1.0	1.709345175078421
primary_recist	melanoma_core_high_evidence	GSE78220	EcoNiche-Opt-WordNoBioObjective	word_no_bio_objective	tumor_dedifferentiation	CTLA4	1.0	0.3333333333333333	0.41360903671186006	1.0	0.0	0.9515973734641221
primary_recist	melanoma_core_high_evidence	GSE78220	EcoNiche-Opt-WordNoBioObjective	word_no_bio_objective	tumor_dedifferentiation	PDCD1	1.0	1.0	0.43601977460647334	1.0	0.0	1.0979086831626055
primary_recist	melanoma_core_high_evidence	GSE78220	EcoNiche-Opt-WordNoBioObjective	word_no_bio_objective	antigen_presentation_mhc	B2M	-1.0	0.3333333333333333	0.0841643807896692	0.5	1.0	1.5438131269461832
primary_recist	melanoma_core_high_evidence	GSE78220	EcoNiche-Opt-WordNoBioObjective	word_no_bio_objective	antigen_presentation_mhc	HLA-A	1.0	0.6666666666666666	0.30537556434875057	1.0	1.0	1.9285259479501726
primary_recist	melanoma_core_high_evidence	GSE78220	EcoNiche-Opt-WordNoBioObjective	word_no_bio_objective	antigen_presentation_mhc	RP11-444B24	1.0	1.0	0.6016462644598755	1.0	0.0	0.9563623370002607
primary_recist	melanoma_core_high_evidence	GSE78220	EcoNiche-Opt-WordNoBioObjective	word_no_bio_objective	tnk_effector	AL049794	-1.0	0.6666666666666666	0.6092080689966051	1.0	0.0	0.9652402678377416
primary_recist	melanoma_core_high_evidence	GSE78220	EcoNiche-Opt-WordNoBioObjective	word_no_bio_objective	tnk_effector	CCL5	1.0	0.3333333333333333	0.3635355930601511	1.0	1.0	1.8768086852118562
primary_recist	melanoma_core_high_evidence	GSE78220	EcoNiche-Opt-WordNoBioObjective	word_no_bio_objective	tnk_effector	CD8A	1.0	1.0	0.4793222195614341	1.0	1.0	2.012747885569473
primary_recist	melanoma_core_high_evidence	GSE78220	EcoNiche-Opt-WordNoBioObjective	word_no_bio_objective	tnk_effector	NKG7	1.0	0.3333333333333333	0.1737045556686107	1.0	1.0	1.6539377008345983
primary_recist	melanoma_core_high_evidence	GSE78220	EcoNiche-Opt-WordNoBioObjective	word_no_bio_objective	tnk_effector	PRF1	1.0	0.6666666666666666	0.44099285734566146	1.0	1.0	2.08774732715203
primary_recist	melanoma_core_high_evidence	GSE78220	EcoNiche-Opt-WordNoBioObjective	word_no_bio_objective	tcell_dysfunction	CD8A	1.0	1.0	0.4793222195614341	1.0	0.0	1.0287478855694727
primary_recist	melanoma_core_high_evidence	GSE78220	EcoNiche-Opt-WordNoBioObjective	word_no_bio_objective	tcell_dysfunction	CXCL13	1.0	0.6666666666666666	0.44045119990205084	1.0	1.0	1.9671113946443035
primary_recist	melanoma_core_high_evidence	GSE78220	EcoNiche-Opt-WordNoBioObjective	word_no_bio_objective	tcell_dysfunction	IGKV4-1	1.0	0.3333333333333333	0.5986417321957641	1.0	0.0	0.9528348681916983
primary_recist	melanoma_core_high_evidence	GSE78220	EcoNiche-Opt-WordNoBioObjective	word_no_bio_objective	tcell_dysfunction	LAG3	1.0	0.6666666666666666	0.40970393236898334	1.0	1.0	2.051012588694719
primary_recist	melanoma_core_high_evidence	GSE78220	EcoNiche-Opt-WordNoBioObjective	word_no_bio_objective	tcell_dysfunction	PDCD1	1.0	1.0	0.43601977460647334	1.0	1.0	2.0819086831626055
primary_recist	melanoma_core_high_evidence	GSE78220	EcoNiche-Opt-WordNoBioObjective	word_no_bio_objective	tcell_dysfunction	TIGIT	1.0	0.3333333333333333	0.3973242294448917	1.0	1.0	1.9164782079374794
primary_recist	melanoma_core_high_evidence	GSE78220	EcoNiche-Opt-WordNoBioObjective	word_no_bio_objective	tcell_dysfunction	TRAJ1	1.0	0.3333333333333333	0.5959427509288164	1.0	0.0	0.9496661312978483
primary_recist	melanoma_core_high_evidence	GSE78220	EcoNiche-Opt-WordNoBioObjective	word_no_bio_objective	tcell_dysfunction	TRAJ6	1.0	1.0	0.6308268177901365	1.0	0.0	0.9906217433373521
primary_recist	melanoma_core_high_evidence	GSE78220	EcoNiche-Opt-WordNoBioObjective	word_no_bio_objective	caf_ecm_exclusion	ACTA2	1.0	0.3333333333333333	0.1726246894465687	0.5	1.0	1.527669884721863
primary_recist	melanoma_core_high_evidence	GSE78220	EcoNiche-Opt-WordNoBioObjective	word_no_bio_objective	caf_ecm_exclusion	COL1A2	1.0	0.3333333333333333	0.12282336110493602	1.0	1.0	1.5942006732414367
primary_recist	melanoma_core_high_evidence	GSE78220	EcoNiche-Opt-WordNoBioObjective	word_no_bio_objective	caf_ecm_exclusion	CXCL13	1.0	0.6666666666666666	0.44045119990205084	1.0	0.0	0.9831113946443035
primary_recist	melanoma_core_high_evidence	GSE78220	EcoNiche-Opt-WordNoBioObjective	word_no_bio_objective	caf_ecm_exclusion	FN1	1.0	0.6666666666666666	0.24468941159294003	1.0	1.0	1.8572774166846584
primary_recist	melanoma_core_high_evidence	GSE78220	EcoNiche-Opt-WordNoBioObjective	word_no_bio_objective	caf_ecm_exclusion	FRMPD3	1.0	0.6666666666666666	0.6220659344583717	1.0	0.0	0.9803360349569176
primary_recist	melanoma_core_high_evidence	GSE78220	EcoNiche-Opt-WordNoBioObjective	word_no_bio_objective	caf_ecm_exclusion	LOXL2	1.0	0.6666666666666666	0.17866094708927333	1.0	1.0	1.6597567483942641
primary_recist	melanoma_core_high_evidence	GSE78220	EcoNiche-Opt-WordNoBioObjective	word_no_bio_objective	caf_ecm_exclusion	TGFBI	-1.0	0.3333333333333333	0.048767501923439115	1.0	1.0	1.5072554483642149
primary_recist	melanoma_core_high_evidence	GSE78220	EcoNiche-Opt-WordNoBioObjective	word_no_bio_objective	myeloid_suppression	IGHV6-1	1.0	0.3333333333333333	0.6025726811475239	1.0	0.0	0.9574499958044103
primary_recist	melanoma_core_high_evidence	GSE78220	EcoNiche-Opt-WordNoBioObjective	word_no_bio_objective	myeloid_suppression	RP11-444B24	1.0	1.0	0.6016462644598755	1.0	0.0	0.9563623370002607
primary_recist	melanoma_core_high_evidence	GSE78220	EcoNiche-Opt-WordNoBioObjective	word_no_bio_objective	myeloid_suppression	TGFB1	1.0	1.0	0.23122326854877678	1.0	1.0	1.8414675017347264
primary_recist	melanoma_core_high_evidence	PRJEB23709_PD1_PRE	EcoNiche-Opt-WordFullGraph	word_full_graph	tumor_dedifferentiation	AXL	-1.0	0.14285714285714285	0.12198412960578996	0.5	1.0	1.464236472565636
primary_recist	melanoma_core_high_evidence	PRJEB23709_PD1_PRE	EcoNiche-Opt-WordFullGraph	word_full_graph	tumor_dedifferentiation	LOC102724050	-1.0	0.42857142857142855	0.6495316220259982	1.0	0.0	0.9913955582828811
primary_recist	melanoma_core_high_evidence	PRJEB23709_PD1_PRE	EcoNiche-Opt-WordFullGraph	word_full_graph	tumor_dedifferentiation	RASGRF2-AS1	-1.0	0.42857142857142855	0.5581747732006306	1.0	0.0	0.8871180148330609
primary_recist	melanoma_core_high_evidence	PRJEB23709_PD1_PRE	EcoNiche-Opt-WordFullGraph	word_full_graph	tumor_dedifferentiation	SERTM2	1.0	0.2857142857142857	0.548674806222752	1.0	0.0	0.8762744575952096
primary_recist	melanoma_core_high_evidence	PRJEB23709_PD1_PRE	EcoNiche-Opt-WordFullGraph	word_full_graph	tumor_dedifferentiation	VIM	-1.0	0.5714285714285714	0.33932550706936826	1.0	1.0	1.837316668230275
primary_recist	melanoma_core_high_evidence	PRJEB23709_PD1_PRE	EcoNiche-Opt-WordFullGraph	word_full_graph	antigen_presentation_mhc	LINC00945	1.0	1.0	0.5578088115499089	1.0	0.0	0.8867002948435388
primary_recist	melanoma_core_high_evidence	PRJEB23709_PD1_PRE	EcoNiche-Opt-WordFullGraph	word_full_graph	antigen_presentation_mhc	LOC102724050	-1.0	0.42857142857142855	0.6495316220259982	1.0	0.0	0.9913955582828811
primary_recist	melanoma_core_high_evidence	PRJEB23709_PD1_PRE	EcoNiche-Opt-WordFullGraph	word_full_graph	antigen_presentation_mhc	PSMB9	1.0	0.2857142857142857	0.2963346299747269	1.0	1.0	1.7882455464498845
primary_recist	melanoma_core_high_evidence	PRJEB23709_PD1_PRE	EcoNiche-Opt-WordFullGraph	word_full_graph	antigen_presentation_mhc	TAP1	1.0	0.14285714285714285	0.18764934312639595	1.0	1.0	1.6641887858741413
primary_recist	melanoma_core_high_evidence	PRJEB23709_PD1_PRE	EcoNiche-Opt-WordFullGraph	word_full_graph	tnk_effector	CCL5	1.0	0.14285714285714285	0.124966756254272	0.5	1.0	1.467640935218745
primary_recist	melanoma_core_high_evidence	PRJEB23709_PD1_PRE	EcoNiche-Opt-WordFullGraph	word_full_graph	tnk_effector	GNLY	1.0	0.14285714285714285	0.07242212233715024	0.5	1.0	1.407664858801953
primary_recist	melanoma_core_high_evidence	PRJEB23709_PD1_PRE	EcoNiche-Opt-WordFullGraph	word_full_graph	tnk_effector	IFNG	1.0	0.2857142857142857	0.20405311090380382	1.0	1.0	1.8029125556751247
primary_recist	melanoma_core_high_evidence	PRJEB23709_PD1_PRE	EcoNiche-Opt-WordFullGraph	word_full_graph	tnk_effector	LINC00945	1.0	1.0	0.5578088115499089	1.0	0.0	0.8867002948435388
primary_recist	melanoma_core_high_evidence	PRJEB23709_PD1_PRE	EcoNiche-Opt-WordFullGraph	word_full_graph	tnk_effector	LOC101927356	-1.0	0.2857142857142857	0.6570699150771363	1.0	0.0	1.0
primary_recist	melanoma_core_high_evidence	PRJEB23709_PD1_PRE	EcoNiche-Opt-WordFullGraph	word_full_graph	tnk_effector	PRF1	1.0	0.14285714285714285	0.1462969193812351	0.5	1.0	1.6119878456131196
primary_recist	melanoma_core_high_evidence	PRJEB23709_PD1_PRE	EcoNiche-Opt-WordFullGraph	word_full_graph	tnk_effector	RASGRF2-AS1	-1.0	0.42857142857142855	0.5581747732006306	1.0	0.0	0.8871180148330609
primary_recist	melanoma_core_high_evidence	PRJEB23709_PD1_PRE	EcoNiche-Opt-WordFullGraph	word_full_graph	tnk_effector	WISP1	-1.0	0.42857142857142855	0.5270673654462851	1.0	0.0	0.8516110538835244
primary_recist	melanoma_core_high_evidence	PRJEB23709_PD1_PRE	EcoNiche-Opt-WordFullGraph	word_full_graph	tcell_dysfunction	LINC00945	1.0	1.0	0.5578088115499089	1.0	0.0	0.8867002948435388
primary_recist	melanoma_core_high_evidence	PRJEB23709_PD1_PRE	EcoNiche-Opt-WordFullGraph	word_full_graph	tcell_dysfunction	LOC100507600	-1.0	0.5714285714285714	0.5401440543696742	1.0	0.0	0.8665371925903779
primary_recist	melanoma_core_high_evidence	PRJEB23709_PD1_PRE	EcoNiche-Opt-WordFullGraph	word_full_graph	tcell_dysfunction	PDCD1	1.0	0.5714285714285714	0.27145925254907854	1.0	1.0	1.8798520183927583
primary_recist	melanoma_core_high_evidence	PRJEB23709_PD1_PRE	EcoNiche-Opt-WordFullGraph	word_full_graph	tcell_dysfunction	TIGIT	1.0	0.2857142857142857	0.244665142415688	0.5	1.0	1.6042683892553873
primary_recist	melanoma_core_high_evidence	PRJEB23709_PD1_PRE	EcoNiche-Opt-WordFullGraph	word_full_graph	tcell_dysfunction	WISP1	-1.0	0.42857142857142855	0.5270673654462851	1.0	0.0	0.8516110538835244
primary_recist	melanoma_core_high_evidence	PRJEB23709_PD1_PRE	EcoNiche-Opt-WordFullGraph	word_full_graph	caf_ecm_exclusion	H1F0	-1.0	0.14285714285714285	0.5776011540517385	1.0	0.0	0.9092918890342873
primary_recist	melanoma_core_high_evidence	PRJEB23709_PD1_PRE	EcoNiche-Opt-WordFullGraph	word_full_graph	caf_ecm_exclusion	LOXL2	-1.0	0.2857142857142857	0.053869898464014	0.5	1.0	1.3864887745138468
primary_recist	melanoma_core_high_evidence	PRJEB23709_PD1_PRE	EcoNiche-Opt-WordFullGraph	word_full_graph	caf_ecm_exclusion	RASGRF2-AS1	-1.0	0.42857142857142855	0.5581747732006306	1.0	0.0	0.8871180148330609
primary_recist	melanoma_core_high_evidence	PRJEB23709_PD1_PRE	EcoNiche-Opt-WordFullGraph	word_full_graph	caf_ecm_exclusion	VIM	-1.0	0.5714285714285714	0.33932550706936826	1.0	1.0	1.837316668230275
primary_recist	melanoma_core_high_evidence	PRJEB23709_PD1_PRE	EcoNiche-Opt-WordFullGraph	word_full_graph	myeloid_suppression	CD163	-1.0	0.14285714285714285	0.1569144953536474	0.5	1.0	1.5041070764538351
primary_recist	melanoma_core_high_evidence	PRJEB23709_PD1_PRE	EcoNiche-Opt-WordFullGraph	word_full_graph	myeloid_suppression	CD68	-1.0	0.14285714285714285	0.09830822721150771	0.5	1.0	1.43721206254737
primary_recist	melanoma_core_high_evidence	PRJEB23709_PD1_PRE	EcoNiche-Opt-WordFullGraph	word_full_graph	myeloid_suppression	GRAMD3	1.0	0.2857142857142857	0.5316968216370798	1.0	0.0	0.8568952589025418
primary_recist	melanoma_core_high_evidence	PRJEB23709_PD1_PRE	EcoNiche-Opt-WordFullGraph	word_full_graph	myeloid_suppression	IL10	-1.0	0.2857142857142857	0.08714465212419127	1.0	1.0	1.669469611366198
primary_recist	melanoma_core_high_evidence	PRJEB23709_PD1_PRE	EcoNiche-Opt-WordFullGraph	word_full_graph	myeloid_suppression	ITGAM	-1.0	0.14285714285714285	0.04346492183570649	0.5	1.0	1.3746122111647021
primary_recist	melanoma_core_high_evidence	PRJEB23709_PD1_PRE	EcoNiche-Opt-WordFullGraph	word_full_graph	myeloid_suppression	LINC00945	1.0	1.0	0.5578088115499089	1.0	0.0	0.8867002948435388
primary_recist	melanoma_core_high_evidence	PRJEB23709_PD1_PRE	EcoNiche-Opt-WordFullGraph	word_full_graph	myeloid_suppression	LOC100507600	-1.0	0.5714285714285714	0.5401440543696742	1.0	0.0	0.8665371925903779
primary_recist	melanoma_core_high_evidence	PRJEB23709_PD1_PRE	EcoNiche-Opt-WordFullGraph	word_full_graph	myeloid_suppression	LOC101927391	1.0	0.42857142857142855	0.510302519614226	1.0	0.0	0.8324751383811866
primary_recist	melanoma_core_high_evidence	PRJEB23709_PD1_PRE	EcoNiche-Opt-WordFullGraph	word_full_graph	myeloid_suppression	LOC101927843	1.0	0.2857142857142857	0.5208906735188001	1.0	0.0	0.8445607859602549
primary_recist	melanoma_core_high_evidence	PRJEB23709_PD1_PRE	EcoNiche-Opt-WordNoInteraction	word_no_interaction	tumor_dedifferentiation	LOC100507600	-1.0	0.4	0.5401440543696742	1.0	0.0	0.8665371925903779
primary_recist	melanoma_core_high_evidence	PRJEB23709_PD1_PRE	EcoNiche-Opt-WordNoInteraction	word_no_interaction	tumor_dedifferentiation	LOC101927391	1.0	0.8	0.510302519614226	1.0	0.0	0.8324751383811866
primary_recist	melanoma_core_high_evidence	PRJEB23709_PD1_PRE	EcoNiche-Opt-WordNoInteraction	word_no_interaction	tumor_dedifferentiation	NGFR	1.0	0.2	0.015392687410963501	0.5	1.0	1.3425696912814329
primary_recist	melanoma_core_high_evidence	PRJEB23709_PD1_PRE	EcoNiche-Opt-WordNoInteraction	word_no_interaction	tumor_dedifferentiation	SERTM2	1.0	0.2	0.548674806222752	1.0	0.0	0.8762744575952096
primary_recist	melanoma_core_high_evidence	PRJEB23709_PD1_PRE	EcoNiche-Opt-WordNoInteraction	word_no_interaction	tumor_dedifferentiation	VIM	-1.0	1.0	0.33932550706936826	1.0	1.0	1.837316668230275
primary_recist	melanoma_core_high_evidence	PRJEB23709_PD1_PRE	EcoNiche-Opt-WordNoInteraction	word_no_interaction	antigen_presentation_mhc	LOC101927391	1.0	0.8	0.510302519614226	1.0	0.0	0.8324751383811866
primary_recist	melanoma_core_high_evidence	PRJEB23709_PD1_PRE	EcoNiche-Opt-WordNoInteraction	word_no_interaction	antigen_presentation_mhc	PSMB8	1.0	0.4	0.22817800958774265	0.5	1.0	1.5854494639976278
primary_recist	melanoma_core_high_evidence	PRJEB23709_PD1_PRE	EcoNiche-Opt-WordNoInteraction	word_no_interaction	antigen_presentation_mhc	PSMB9	1.0	0.4	0.2963346299747269	1.0	1.0	1.7882455464498845
primary_recist	melanoma_core_high_evidence	PRJEB23709_PD1_PRE	EcoNiche-Opt-WordNoInteraction	word_no_interaction	antigen_presentation_mhc	TAP1	1.0	0.2	0.18764934312639595	1.0	1.0	1.6641887858741413
primary_recist	melanoma_core_high_evidence	PRJEB23709_PD1_PRE	EcoNiche-Opt-WordNoInteraction	word_no_interaction	tnk_effector	CXCL10	1.0	0.2	0.04965113262410205	0.5	1.0	1.381673344211331
primary_recist	melanoma_core_high_evidence	PRJEB23709_PD1_PRE	EcoNiche-Opt-WordNoInteraction	word_no_interaction	tnk_effector	CXCL11	1.0	0.2	0.12123769928715133	0.5	1.0	1.4633844738267905
primary_recist	melanoma_core_high_evidence	PRJEB23709_PD1_PRE	EcoNiche-Opt-WordNoInteraction	word_no_interaction	tnk_effector	GZMA	1.0	0.2	0.0715765709700059	0.5	1.0	1.4066997202211007
primary_recist	melanoma_core_high_evidence	PRJEB23709_PD1_PRE	EcoNiche-Opt-WordNoInteraction	word_no_interaction	tnk_effector	IFNG	1.0	0.4	0.20405311090380382	1.0	1.0	1.8029125556751247
primary_recist	melanoma_core_high_evidence	PRJEB23709_PD1_PRE	EcoNiche-Opt-WordNoInteraction	word_no_interaction	tnk_effector	NKG7	1.0	0.2	0.1525016485001545	1.0	1.0	1.6240701160571152
primary_recist	melanoma_core_high_evidence	PRJEB23709_PD1_PRE	EcoNiche-Opt-WordNoInteraction	word_no_interaction	tnk_effector	PRF1	1.0	0.2	0.1462969193812351	0.5	1.0	1.6119878456131196
primary_recist	melanoma_core_high_evidence	PRJEB23709_PD1_PRE	EcoNiche-Opt-WordNoInteraction	word_no_interaction	tcell_dysfunction	C19orf10	-1.0	0.2	0.5015521966131646	1.0	0.0	0.8224872480513948
primary_recist	melanoma_core_high_evidence	PRJEB23709_PD1_PRE	EcoNiche-Opt-WordNoInteraction	word_no_interaction	tcell_dysfunction	IDO1	1.0	0.4	0.18780276633857593	0.5	1.0	1.5393639078915928
primary_recist	melanoma_core_high_evidence	PRJEB23709_PD1_PRE	EcoNiche-Opt-WordNoInteraction	word_no_interaction	tcell_dysfunction	LOC101927356	-1.0	0.6	0.6570699150771363	1.0	0.0	1.0
primary_recist	melanoma_core_high_evidence	PRJEB23709_PD1_PRE	EcoNiche-Opt-WordNoInteraction	word_no_interaction	tcell_dysfunction	LOC101927697	-1.0	0.2	0.5085250414578499	1.0	0.0	0.8304462696311609
primary_recist	melanoma_core_high_evidence	PRJEB23709_PD1_PRE	EcoNiche-Opt-WordNoInteraction	word_no_interaction	tcell_dysfunction	LOC101927843	1.0	0.4	0.5208906735188001	1.0	0.0	0.8445607859602549
primary_recist	melanoma_core_high_evidence	PRJEB23709_PD1_PRE	EcoNiche-Opt-WordNoInteraction	word_no_interaction	tcell_dysfunction	LOC388849	-1.0	0.2	0.5062929973649605	1.0	0.0	0.8278985452090641
primary_recist	melanoma_core_high_evidence	PRJEB23709_PD1_PRE	EcoNiche-Opt-WordNoInteraction	word_no_interaction	tcell_dysfunction	PAPD7	-1.0	0.4	0.5680911812680337	1.0	0.0	0.8984369108590328
primary_recist	melanoma_core_high_evidence	PRJEB23709_PD1_PRE	EcoNiche-Opt-WordNoInteraction	word_no_interaction	tcell_dysfunction	PDCD1	1.0	0.6	0.27145925254907854	1.0	1.0	1.8798520183927583
primary_recist	melanoma_core_high_evidence	PRJEB23709_PD1_PRE	EcoNiche-Opt-WordNoInteraction	word_no_interaction	tcell_dysfunction	TIGIT	1.0	0.2	0.244665142415688	0.5	1.0	1.6042683892553873
primary_recist	melanoma_core_high_evidence	PRJEB23709_PD1_PRE	EcoNiche-Opt-WordNoInteraction	word_no_interaction	caf_ecm_exclusion	COL1A2	-1.0	0.2	0.18737323617975038	1.0	1.0	1.6638736288334177
primary_recist	melanoma_core_high_evidence	PRJEB23709_PD1_PRE	EcoNiche-Opt-WordNoInteraction	word_no_interaction	caf_ecm_exclusion	CXCL12	1.0	0.2	0.14889857904367848	0.5	1.0	1.6149574607211306
primary_recist	melanoma_core_high_evidence	PRJEB23709_PD1_PRE	EcoNiche-Opt-WordNoInteraction	word_no_interaction	caf_ecm_exclusion	GRAMD3	1.0	0.2	0.5316968216370798	1.0	0.0	0.8568952589025418
primary_recist	melanoma_core_high_evidence	PRJEB23709_PD1_PRE	EcoNiche-Opt-WordNoInteraction	word_no_interaction	caf_ecm_exclusion	LOC100507600	-1.0	0.4	0.5401440543696742	1.0	0.0	0.8665371925903779
primary_recist	melanoma_core_high_evidence	PRJEB23709_PD1_PRE	EcoNiche-Opt-WordNoInteraction	word_no_interaction	caf_ecm_exclusion	LOXL2	-1.0	0.2	0.053869898464014	0.5	1.0	1.3864887745138468
primary_recist	melanoma_core_high_evidence	PRJEB23709_PD1_PRE	EcoNiche-Opt-WordNoInteraction	word_no_interaction	caf_ecm_exclusion	MARCH3	1.0	0.2	0.5902742542912136	1.0	0.0	0.9237573590877907
primary_recist	melanoma_core_high_evidence	PRJEB23709_PD1_PRE	EcoNiche-Opt-WordNoInteraction	word_no_interaction	caf_ecm_exclusion	TGFB1	1.0	0.2	0.1715036364396764	0.5	1.0	1.6407595750136532
primary_recist	melanoma_core_high_evidence	PRJEB23709_PD1_PRE	EcoNiche-Opt-WordNoInteraction	word_no_interaction	caf_ecm_exclusion	VIM	-1.0	1.0	0.33932550706936826	1.0	1.0	1.837316668230275
primary_recist	melanoma_core_high_evidence	PRJEB23709_PD1_PRE	EcoNiche-Opt-WordNoInteraction	word_no_interaction	myeloid_suppression	CSF1R	1.0	0.2	0.0722860572437767	1.0	1.0	1.532509549880195
primary_recist	melanoma_core_high_evidence	PRJEB23709_PD1_PRE	EcoNiche-Opt-WordNoInteraction	word_no_interaction	myeloid_suppression	H1F0	-1.0	0.4	0.5776011540517385	1.0	0.0	0.9092918890342873
primary_recist	melanoma_core_high_evidence	PRJEB23709_PD1_PRE	EcoNiche-Opt-WordNoInteraction	word_no_interaction	myeloid_suppression	IL10	-1.0	0.4	0.08714465212419127	1.0	1.0	1.669469611366198
primary_recist	melanoma_core_high_evidence	PRJEB23709_PD1_PRE	EcoNiche-Opt-WordUnsignedGraph	word_unsigned_graph	tumor_dedifferentiation	AXL	1.0	0.14285714285714285	0.12198412960578996	0.5	1.0	1.464236472565636
primary_recist	melanoma_core_high_evidence	PRJEB23709_PD1_PRE	EcoNiche-Opt-WordUnsignedGraph	word_unsigned_graph	tumor_dedifferentiation	NGFR	1.0	0.14285714285714285	0.015392687410963501	0.5	1.0	1.3425696912814329
primary_recist	melanoma_core_high_evidence	PRJEB23709_PD1_PRE	EcoNiche-Opt-WordUnsignedGraph	word_unsigned_graph	tumor_dedifferentiation	VIM	1.0	1.0	0.33932550706936826	1.0	1.0	1.837316668230275
primary_recist	melanoma_core_high_evidence	PRJEB23709_PD1_PRE	EcoNiche-Opt-WordUnsignedGraph	word_unsigned_graph	antigen_presentation_mhc	B2M	1.0	0.14285714285714285	0.06169078266627822	0.5	1.0	1.5154157745439876
primary_recist	melanoma_core_high_evidence	PRJEB23709_PD1_PRE	EcoNiche-Opt-WordUnsignedGraph	word_unsigned_graph	antigen_presentation_mhc	HLA-C	1.0	0.14285714285714285	0.00902115650828537	1.0	1.0	1.460297028103044
primary_recist	melanoma_core_high_evidence	PRJEB23709_PD1_PRE	EcoNiche-Opt-WordUnsignedGraph	word_unsigned_graph	antigen_presentation_mhc	PSMB9	1.0	0.2857142857142857	0.2963346299747269	1.0	1.0	1.7882455464498845
primary_recist	melanoma_core_high_evidence	PRJEB23709_PD1_PRE	EcoNiche-Opt-WordUnsignedGraph	word_unsigned_graph	tnk_effector	IFNG	1.0	0.2857142857142857	0.20405311090380382	1.0	1.0	1.8029125556751247
primary_recist	melanoma_core_high_evidence	PRJEB23709_PD1_PRE	EcoNiche-Opt-WordUnsignedGraph	word_unsigned_graph	tnk_effector	PRF1	1.0	0.14285714285714285	0.1462969193812351	0.5	1.0	1.6119878456131196
primary_recist	melanoma_core_high_evidence	PRJEB23709_PD1_PRE	EcoNiche-Opt-WordUnsignedGraph	word_unsigned_graph	tnk_effector	VIM	1.0	1.0	0.33932550706936826	1.0	0.0	0.853316668230275
primary_recist	melanoma_core_high_evidence	PRJEB23709_PD1_PRE	EcoNiche-Opt-WordUnsignedGraph	word_unsigned_graph	tcell_dysfunction	CXCL13	1.0	0.14285714285714285	0.21063890514571826	0.5	1.0	1.5654297856807868
primary_recist	melanoma_core_high_evidence	PRJEB23709_PD1_PRE	EcoNiche-Opt-WordUnsignedGraph	word_unsigned_graph	tcell_dysfunction	PAPD7	1.0	0.2857142857142857	0.5680911812680337	1.0	0.0	0.8984369108590328
primary_recist	melanoma_core_high_evidence	PRJEB23709_PD1_PRE	EcoNiche-Opt-WordUnsignedGraph	word_unsigned_graph	tcell_dysfunction	PDCD1	1.0	0.42857142857142855	0.27145925254907854	1.0	1.0	1.8798520183927583
primary_recist	melanoma_core_high_evidence	PRJEB23709_PD1_PRE	EcoNiche-Opt-WordUnsignedGraph	word_unsigned_graph	tcell_dysfunction	VIM	1.0	1.0	0.33932550706936826	1.0	0.0	0.853316668230275
primary_recist	melanoma_core_high_evidence	PRJEB23709_PD1_PRE	EcoNiche-Opt-WordUnsignedGraph	word_unsigned_graph	caf_ecm_exclusion	ACTA2	1.0	0.14285714285714285	0.01694650910105068	0.5	1.0	1.344343271597355
primary_recist	melanoma_core_high_evidence	PRJEB23709_PD1_PRE	EcoNiche-Opt-WordUnsignedGraph	word_unsigned_graph	caf_ecm_exclusion	COL1A1	1.0	0.2857142857142857	0.047026645746012036	1.0	1.0	1.6236776734107032
primary_recist	melanoma_core_high_evidence	PRJEB23709_PD1_PRE	EcoNiche-Opt-WordUnsignedGraph	word_unsigned_graph	caf_ecm_exclusion	EFCAB1	1.0	0.42857142857142855	0.5902896503678716	1.0	0.0	0.9237749326476639
primary_recist	melanoma_core_high_evidence	PRJEB23709_PD1_PRE	EcoNiche-Opt-WordUnsignedGraph	word_unsigned_graph	caf_ecm_exclusion	FAP	1.0	0.14285714285714285	0.14194357927753176	0.5	1.0	1.487018808068014
primary_recist	melanoma_core_high_evidence	PRJEB23709_PD1_PRE	EcoNiche-Opt-WordUnsignedGraph	word_unsigned_graph	caf_ecm_exclusion	LOC100507600	1.0	0.14285714285714285	0.5401440543696742	1.0	0.0	0.8665371925903779
primary_recist	melanoma_core_high_evidence	PRJEB23709_PD1_PRE	EcoNiche-Opt-WordUnsignedGraph	word_unsigned_graph	caf_ecm_exclusion	LOXL2	1.0	0.14285714285714285	0.053869898464014	0.5	1.0	1.3864887745138468
primary_recist	melanoma_core_high_evidence	PRJEB23709_PD1_PRE	EcoNiche-Opt-WordUnsignedGraph	word_unsigned_graph	caf_ecm_exclusion	POSTN	1.0	0.14285714285714285	0.15068569731708142	0.5	1.0	1.4969973330000108
primary_recist	melanoma_core_high_evidence	PRJEB23709_PD1_PRE	EcoNiche-Opt-WordUnsignedGraph	word_unsigned_graph	caf_ecm_exclusion	VIM	1.0	1.0	0.33932550706936826	1.0	1.0	1.837316668230275
primary_recist	melanoma_core_high_evidence	PRJEB23709_PD1_PRE	EcoNiche-Opt-WordUnsignedGraph	word_unsigned_graph	caf_ecm_exclusion	WISP1	1.0	0.42857142857142855	0.5270673654462851	1.0	0.0	0.8516110538835244
primary_recist	melanoma_core_high_evidence	PRJEB23709_PD1_PRE	EcoNiche-Opt-WordUnsignedGraph	word_unsigned_graph	myeloid_suppression	CD163	1.0	0.14285714285714285	0.1569144953536474	0.5	1.0	1.5041070764538351
primary_recist	melanoma_core_high_evidence	PRJEB23709_PD1_PRE	EcoNiche-Opt-WordUnsignedGraph	word_unsigned_graph	myeloid_suppression	CSF1R	1.0	0.14285714285714285	0.0722860572437767	1.0	1.0	1.532509549880195
primary_recist	melanoma_core_high_evidence	PRJEB23709_PD1_PRE	EcoNiche-Opt-WordUnsignedGraph	word_unsigned_graph	myeloid_suppression	H1F0	1.0	0.14285714285714285	0.5776011540517385	1.0	0.0	0.9092918890342873
primary_recist	melanoma_core_high_evidence	PRJEB23709_PD1_PRE	EcoNiche-Opt-WordUnsignedGraph	word_unsigned_graph	myeloid_suppression	IL10	1.0	0.2857142857142857	0.08714465212419127	1.0	1.0	1.669469611366198
primary_recist	melanoma_core_high_evidence	PRJEB23709_PD1_PRE	EcoNiche-Opt-WordUnsignedGraph	word_unsigned_graph	myeloid_suppression	MRC1	1.0	0.14285714285714285	0.1340722032290505	0.5	1.0	1.4780341750770667
primary_recist	melanoma_core_high_evidence	PRJEB23709_PD1_PRE	EcoNiche-Opt-WordUnsignedGraph	word_unsigned_graph	myeloid_suppression	SERTM2	1.0	0.2857142857142857	0.548674806222752	1.0	0.0	0.8762744575952096
primary_recist	melanoma_core_high_evidence	PRJEB23709_PD1_PRE	EcoNiche-Opt-WordUnsignedGraph	word_unsigned_graph	myeloid_suppression	TGFB1	1.0	0.2857142857142857	0.1715036364396764	0.5	1.0	1.6407595750136532
primary_recist	melanoma_core_high_evidence	PRJEB23709_PD1_PRE	EcoNiche-Opt-WordNoBioObjective	word_no_bio_objective	tumor_dedifferentiation	GRAMD3	1.0	0.8	0.5316968216370798	1.0	0.0	0.8568952589025418
primary_recist	melanoma_core_high_evidence	PRJEB23709_PD1_PRE	EcoNiche-Opt-WordNoBioObjective	word_no_bio_objective	tumor_dedifferentiation	ITGA3	1.0	0.2	0.05979462524657132	0.5	1.0	1.393251441598363
primary_recist	melanoma_core_high_evidence	PRJEB23709_PD1_PRE	EcoNiche-Opt-WordNoBioObjective	word_no_bio_objective	tumor_dedifferentiation	LOC101927356	-1.0	0.6	0.6570699150771363	1.0	0.0	1.0
primary_recist	melanoma_core_high_evidence	PRJEB23709_PD1_PRE	EcoNiche-Opt-WordNoBioObjective	word_no_bio_objective	tumor_dedifferentiation	LOC101927697	-1.0	0.8	0.5085250414578499	1.0	0.0	0.8304462696311609
primary_recist	melanoma_core_high_evidence	PRJEB23709_PD1_PRE	EcoNiche-Opt-WordNoBioObjective	word_no_bio_objective	tumor_dedifferentiation	LOC388849	-1.0	0.2	0.5062929973649605	1.0	0.0	0.8278985452090641
primary_recist	melanoma_core_high_evidence	PRJEB23709_PD1_PRE	EcoNiche-Opt-WordNoBioObjective	word_no_bio_objective	tumor_dedifferentiation	VIM	-1.0	0.8	0.33932550706936826	1.0	1.0	1.837316668230275
primary_recist	melanoma_core_high_evidence	PRJEB23709_PD1_PRE	EcoNiche-Opt-WordNoBioObjective	word_no_bio_objective	antigen_presentation_mhc	B2M	-1.0	0.2	0.06169078266627822	0.5	1.0	1.5154157745439876
primary_recist	melanoma_core_high_evidence	PRJEB23709_PD1_PRE	EcoNiche-Opt-WordNoBioObjective	word_no_bio_objective	antigen_presentation_mhc	GRAMD3	1.0	0.8	0.5316968216370798	1.0	0.0	0.8568952589025418
primary_recist	melanoma_core_high_evidence	PRJEB23709_PD1_PRE	EcoNiche-Opt-WordNoBioObjective	word_no_bio_objective	antigen_presentation_mhc	HLA-B	1.0	0.4	0.09609801226444953	1.0	1.0	1.5596892545900174
primary_recist	melanoma_core_high_evidence	PRJEB23709_PD1_PRE	EcoNiche-Opt-WordNoBioObjective	word_no_bio_objective	antigen_presentation_mhc	LINC00945	1.0	1.0	0.5578088115499089	1.0	0.0	0.8867002948435388
primary_recist	melanoma_core_high_evidence	PRJEB23709_PD1_PRE	EcoNiche-Opt-WordNoBioObjective	word_no_bio_objective	antigen_presentation_mhc	PSMB8	1.0	0.2	0.22817800958774265	0.5	1.0	1.5854494639976278
primary_recist	melanoma_core_high_evidence	PRJEB23709_PD1_PRE	EcoNiche-Opt-WordNoBioObjective	word_no_bio_objective	antigen_presentation_mhc	PSMB9	1.0	0.4	0.2963346299747269	1.0	1.0	1.7882455464498845
primary_recist	melanoma_core_high_evidence	PRJEB23709_PD1_PRE	EcoNiche-Opt-WordNoBioObjective	word_no_bio_objective	tnk_effector	GNLY	1.0	0.2	0.07242212233715024	0.5	1.0	1.407664858801953
primary_recist	melanoma_core_high_evidence	PRJEB23709_PD1_PRE	EcoNiche-Opt-WordNoBioObjective	word_no_bio_objective	tnk_effector	GZMA	1.0	0.2	0.0715765709700059	0.5	1.0	1.4066997202211007
primary_recist	melanoma_core_high_evidence	PRJEB23709_PD1_PRE	EcoNiche-Opt-WordNoBioObjective	word_no_bio_objective	tnk_effector	H1F0	-1.0	0.6	0.5776011540517385	1.0	0.0	0.9092918890342873
primary_recist	melanoma_core_high_evidence	PRJEB23709_PD1_PRE	EcoNiche-Opt-WordNoBioObjective	word_no_bio_objective	tnk_effector	IFNG	1.0	0.4	0.20405311090380382	1.0	1.0	1.8029125556751247
primary_recist	melanoma_core_high_evidence	PRJEB23709_PD1_PRE	EcoNiche-Opt-WordNoBioObjective	word_no_bio_objective	tnk_effector	LINC00945	1.0	1.0	0.5578088115499089	1.0	0.0	0.8867002948435388
primary_recist	melanoma_core_high_evidence	PRJEB23709_PD1_PRE	EcoNiche-Opt-WordNoBioObjective	word_no_bio_objective	tnk_effector	LOC100996635	1.0	0.4	0.5678946468017276	1.0	0.0	0.8982125803177201
primary_recist	melanoma_core_high_evidence	PRJEB23709_PD1_PRE	EcoNiche-Opt-WordNoBioObjective	word_no_bio_objective	tnk_effector	LOC101927356	-1.0	0.6	0.6570699150771363	1.0	0.0	1.0
primary_recist	melanoma_core_high_evidence	PRJEB23709_PD1_PRE	EcoNiche-Opt-WordNoBioObjective	word_no_bio_objective	tnk_effector	LOC102724050	-1.0	0.6	0.6495316220259982	1.0	0.0	0.9913955582828811
primary_recist	melanoma_core_high_evidence	PRJEB23709_PD1_PRE	EcoNiche-Opt-WordNoBioObjective	word_no_bio_objective	tnk_effector	SERTM2	1.0	0.6	0.548674806222752	1.0	0.0	0.8762744575952096
primary_recist	melanoma_core_high_evidence	PRJEB23709_PD1_PRE	EcoNiche-Opt-WordNoBioObjective	word_no_bio_objective	tcell_dysfunction	LAG3	1.0	0.2	0.23097677347114223	0.5	1.0	1.7086440599825974
primary_recist	melanoma_core_high_evidence	PRJEB23709_PD1_PRE	EcoNiche-Opt-WordNoBioObjective	word_no_bio_objective	tcell_dysfunction	LINC00945	1.0	1.0	0.5578088115499089	1.0	0.0	0.8867002948435388
primary_recist	melanoma_core_high_evidence	PRJEB23709_PD1_PRE	EcoNiche-Opt-WordNoBioObjective	word_no_bio_objective	tcell_dysfunction	LOC100996635	1.0	0.4	0.5678946468017276	1.0	0.0	0.8982125803177201
primary_recist	melanoma_core_high_evidence	PRJEB23709_PD1_PRE	EcoNiche-Opt-WordNoBioObjective	word_no_bio_objective	tcell_dysfunction	MARCH3	1.0	0.4	0.5902742542912136	1.0	0.0	0.9237573590877907
primary_recist	melanoma_core_high_evidence	PRJEB23709_PD1_PRE	EcoNiche-Opt-WordNoBioObjective	word_no_bio_objective	tcell_dysfunction	PDCD1	1.0	0.6	0.27145925254907854	1.0	1.0	1.8798520183927583
primary_recist	melanoma_core_high_evidence	PRJEB23709_PD1_PRE	EcoNiche-Opt-WordNoBioObjective	word_no_bio_objective	caf_ecm_exclusion	CXCL12	1.0	0.2	0.14889857904367848	0.5	1.0	1.6149574607211306
primary_recist	melanoma_core_high_evidence	PRJEB23709_PD1_PRE	EcoNiche-Opt-WordNoBioObjective	word_no_bio_objective	caf_ecm_exclusion	EFCAB1	-1.0	0.4	0.5902896503678716	1.0	0.0	0.9237749326476639
primary_recist	melanoma_core_high_evidence	PRJEB23709_PD1_PRE	EcoNiche-Opt-WordNoBioObjective	word_no_bio_objective	caf_ecm_exclusion	H1F0	-1.0	0.6	0.5776011540517385	1.0	0.0	0.9092918890342873
primary_recist	melanoma_core_high_evidence	PRJEB23709_PD1_PRE	EcoNiche-Opt-WordNoBioObjective	word_no_bio_objective	caf_ecm_exclusion	LOC101927356	-1.0	0.6	0.6570699150771363	1.0	0.0	1.0
primary_recist	melanoma_core_high_evidence	PRJEB23709_PD1_PRE	EcoNiche-Opt-WordNoBioObjective	word_no_bio_objective	caf_ecm_exclusion	POSTN	-1.0	0.4	0.15068569731708142	0.5	1.0	1.4969973330000108
primary_recist	melanoma_core_high_evidence	PRJEB23709_PD1_PRE	EcoNiche-Opt-WordNoBioObjective	word_no_bio_objective	caf_ecm_exclusion	RASGRF2-AS1	-1.0	0.6	0.5581747732006306	1.0	0.0	0.8871180148330609
primary_recist	melanoma_core_high_evidence	PRJEB23709_PD1_PRE	EcoNiche-Opt-WordNoBioObjective	word_no_bio_objective	caf_ecm_exclusion	SERTM2	1.0	0.6	0.548674806222752	1.0	0.0	0.8762744575952096
primary_recist	melanoma_core_high_evidence	PRJEB23709_PD1_PRE	EcoNiche-Opt-WordNoBioObjective	word_no_bio_objective	caf_ecm_exclusion	TGFBI	-1.0	0.4	0.17448249237977428	1.0	1.0	1.6491597336631494
primary_recist	melanoma_core_high_evidence	PRJEB23709_PD1_PRE	EcoNiche-Opt-WordNoBioObjective	word_no_bio_objective	caf_ecm_exclusion	VIM	-1.0	0.8	0.33932550706936826	1.0	1.0	1.837316668230275
primary_recist	melanoma_core_high_evidence	PRJEB23709_PD1_PRE	EcoNiche-Opt-WordNoBioObjective	word_no_bio_objective	myeloid_suppression	GRAMD3	1.0	0.8	0.5316968216370798	1.0	0.0	0.8568952589025418
primary_recist	melanoma_core_high_evidence	PRJEB23709_PD1_PRE	EcoNiche-Opt-WordNoBioObjective	word_no_bio_objective	myeloid_suppression	IL10	-1.0	0.4	0.08714465212419127	1.0	1.0	1.669469611366198
primary_recist	melanoma_core_high_evidence	PRJEB23709_PD1_PRE	EcoNiche-Opt-WordNoBioObjective	word_no_bio_objective	myeloid_suppression	LOC100507600	-1.0	0.4	0.5401440543696742	1.0	0.0	0.8665371925903779
primary_recist	melanoma_core_high_evidence	PRJEB23709_PD1_PRE	EcoNiche-Opt-WordNoBioObjective	word_no_bio_objective	myeloid_suppression	LOC101927697	-1.0	0.8	0.5085250414578499	1.0	0.0	0.8304462696311609
primary_recist	melanoma_core_high_evidence	PRJEB23709_PD1_PRE	EcoNiche-Opt-WordNoBioObjective	word_no_bio_objective	myeloid_suppression	LOC102724050	-1.0	0.6	0.6495316220259982	1.0	0.0	0.9913955582828811
primary_recist	melanoma_core_high_evidence	PRJEB23709_PD1_PRE	EcoNiche-Opt-WordNoBioObjective	word_no_bio_objective	myeloid_suppression	MARCH3	1.0	0.4	0.5902742542912136	1.0	0.0	0.9237573590877907
primary_recist	melanoma_core_high_evidence	PRJEB23709_PD1_PRE	EcoNiche-Opt-WordNoBioObjective	word_no_bio_objective	myeloid_suppression	MRC1	1.0	0.2	0.1340722032290505	0.5	1.0	1.4780341750770667
primary_recist	melanoma_core_high_evidence	PRJEB23709_PD1_PRE	EcoNiche-Opt-WordNoBioObjective	word_no_bio_objective	myeloid_suppression	WISP1	-1.0	0.4	0.5270673654462851	1.0	0.0	0.8516110538835244
